organizationSlug,branchCode,orderNumber,userEmail,serviceType,status,subtotal,tax,discount,total,tableLabel,notes,metadata
nimbus,TAPAS_DOWNTOWN,ORD-TAPAS_DOWNTOWN-00001,waiter@nimbus.demo,DINE_IN,READY,259000.00,46600.00,0.00,305600.00,TD-19,,"{""createdAt"": ""2026-04-01T09:45:00Z"", ""demoSource"": ""generated-pack""}"
nimbus,ROOFTOP_BAR,ORD-ROOFTOP_BAR-00002,cashier@nimbus.demo,DINE_IN,CLOSED,158000.00,28400.00,0.00,186400.00,RB-15,,"{""createdAt"": ""2026-04-01T15:00:00Z"", ""demoSource"": ""generated-pack""}"
nimbus,GARDEN_CAFE,ORD-GARDEN_CAFE-00003,waiter@nimbus.demo,DINE_IN,NEW,90900.00,16400.00,0.00,107300.00,GC-14,,"{""createdAt"": ""2026-04-01T15:45:00Z"", ""demoSource"": ""generated-pack""}"
nimbus,EVENTS_KITCHEN,ORD-EVENTS_KITCHEN-00004,supervisor@nimbus.demo,DINE_IN,NEW,185300.00,31700.00,9300.00,207700.00,EV-10,,"{""createdAt"": ""2026-04-01T07:45:00Z"", ""demoSource"": ""generated-pack""}"
nimbus,TAPAS_DOWNTOWN,ORD-TAPAS_DOWNTOWN-00005,supervisor@nimbus.demo,DINE_IN,CLOSED,245000.00,44100.00,0.00,289100.00,TD-10,,"{""createdAt"": ""2026-04-02T10:00:00Z"", ""demoSource"": ""generated-pack""}"
nimbus,TAPAS_DOWNTOWN,ORD-TAPAS_DOWNTOWN-00006,supervisor@nimbus.demo,DINE_IN,READY,138000.00,24800.00,0.00,162800.00,TD-21,,"{""createdAt"": ""2026-04-02T17:30:00Z"", ""demoSource"": ""generated-pack""}"
nimbus,ROOFTOP_BAR,ORD-ROOFTOP_BAR-00007,supervisor@nimbus.demo,DINE_IN,SENT,57000.00,9800.00,2800.00,64000.00,RB-07,,"{""createdAt"": ""2026-04-02T17:45:00Z"", ""demoSource"": ""generated-pack""}"
nimbus,ROOFTOP_BAR,ORD-ROOFTOP_BAR-00008,cashier@nimbus.demo,DINE_IN,SENT,89600.00,16100.00,0.00,105700.00,RB-07,,"{""createdAt"": ""2026-04-02T09:45:00Z"", ""demoSource"": ""generated-pack""}"
nimbus,GARDEN_CAFE,ORD-GARDEN_CAFE-00009,cashier@nimbus.demo,DINE_IN,SENT,80100.00,14400.00,0.00,94500.00,GC-01,,"{""createdAt"": ""2026-04-02T15:20:00Z"", ""demoSource"": ""generated-pack""}"
nimbus,GARDEN_CAFE,ORD-GARDEN_CAFE-00010,cashier@nimbus.demo,DINE_IN,CLOSED,199200.00,34100.00,10000.00,223300.00,GC-04,,"{""createdAt"": ""2026-04-02T17:20:00Z"", ""demoSource"": ""generated-pack""}"
nimbus,EVENTS_KITCHEN,ORD-EVENTS_KITCHEN-00011,waiter@nimbus.demo,DINE_IN,SENT,444900.00,80100.00,0.00,525000.00,EV-07,,"{""createdAt"": ""2026-04-02T15:20:00Z"", ""demoSource"": ""generated-pack""}"
nimbus,EVENTS_KITCHEN,ORD-EVENTS_KITCHEN-00012,waiter@nimbus.demo,DINE_IN,CLOSED,276000.00,49700.00,0.00,325700.00,EV-03,,"{""createdAt"": ""2026-04-02T15:45:00Z"", ""demoSource"": ""generated-pack""}"
nimbus,TAPAS_DOWNTOWN,ORD-TAPAS_DOWNTOWN-00013,waiter@nimbus.demo,DINE_IN,SENT,64000.00,11500.00,0.00,75500.00,TD-17,,"{""createdAt"": ""2026-04-03T17:10:00Z"", ""demoSource"": ""generated-pack""}"
nimbus,TAPAS_DOWNTOWN,ORD-TAPAS_DOWNTOWN-00014,supervisor@nimbus.demo,DINE_IN,SERVED,72000.00,12300.00,3600.00,80700.00,TD-05,,"{""createdAt"": ""2026-04-03T10:00:00Z"", ""demoSource"": ""generated-pack""}"
nimbus,TAPAS_DOWNTOWN,ORD-TAPAS_DOWNTOWN-00015,supervisor@nimbus.demo,DINE_IN,CLOSED,132000.00,23800.00,0.00,155800.00,TD-17,,"{""createdAt"": ""2026-04-03T07:00:00Z"", ""demoSource"": ""generated-pack""}"
nimbus,ROOFTOP_BAR,ORD-ROOFTOP_BAR-00016,supervisor@nimbus.demo,DINE_IN,CLOSED,105700.00,19000.00,0.00,124700.00,RB-11,,"{""createdAt"": ""2026-04-03T17:10:00Z"", ""demoSource"": ""generated-pack""}"
nimbus,ROOFTOP_BAR,ORD-ROOFTOP_BAR-00017,cashier@nimbus.demo,DINE_IN,CLOSED,183400.00,33000.00,0.00,216400.00,RB-11,,"{""createdAt"": ""2026-04-03T07:10:00Z"", ""demoSource"": ""generated-pack""}"
nimbus,ROOFTOP_BAR,ORD-ROOFTOP_BAR-00018,supervisor@nimbus.demo,DINE_IN,NEW,165400.00,29800.00,0.00,195200.00,RB-04,,"{""createdAt"": ""2026-04-03T10:30:00Z"", ""demoSource"": ""generated-pack""}"
nimbus,GARDEN_CAFE,ORD-GARDEN_CAFE-00019,supervisor@nimbus.demo,DINE_IN,READY,75200.00,12900.00,3800.00,84300.00,GC-11,,"{""createdAt"": ""2026-04-03T09:30:00Z"", ""demoSource"": ""generated-pack""}"
nimbus,GARDEN_CAFE,ORD-GARDEN_CAFE-00020,supervisor@nimbus.demo,DINE_IN,READY,211500.00,38100.00,0.00,249600.00,GC-05,,"{""createdAt"": ""2026-04-03T10:30:00Z"", ""demoSource"": ""generated-pack""}"
nimbus,GARDEN_CAFE,ORD-GARDEN_CAFE-00021,waiter@nimbus.demo,DINE_IN,SENT,96000.00,17300.00,0.00,113300.00,GC-06,,"{""createdAt"": ""2026-04-03T07:00:00Z"", ""demoSource"": ""generated-pack""}"
nimbus,EVENTS_KITCHEN,ORD-EVENTS_KITCHEN-00022,cashier@nimbus.demo,DINE_IN,CLOSED,217600.00,39200.00,0.00,256800.00,EV-10,,"{""createdAt"": ""2026-04-03T17:30:00Z"", ""demoSource"": ""generated-pack""}"
nimbus,EVENTS_KITCHEN,ORD-EVENTS_KITCHEN-00023,supervisor@nimbus.demo,DINE_IN,CLOSED,224200.00,40400.00,0.00,264600.00,EV-09,,"{""createdAt"": ""2026-04-03T10:30:00Z"", ""demoSource"": ""generated-pack""}"
nimbus,EVENTS_KITCHEN,ORD-EVENTS_KITCHEN-00024,supervisor@nimbus.demo,DINE_IN,CLOSED,283200.00,51000.00,0.00,334200.00,EV-11,,"{""createdAt"": ""2026-04-03T07:45:00Z"", ""demoSource"": ""generated-pack""}"
nimbus,TAPAS_DOWNTOWN,ORD-TAPAS_DOWNTOWN-00025,waiter@nimbus.demo,DINE_IN,CLOSED,42000.00,7600.00,0.00,49600.00,TD-04,,"{""createdAt"": ""2026-04-04T15:30:00Z"", ""demoSource"": ""generated-pack""}"
nimbus,TAPAS_DOWNTOWN,ORD-TAPAS_DOWNTOWN-00026,waiter@nimbus.demo,DINE_IN,NEW,148000.00,26600.00,0.00,174600.00,TD-08,,"{""createdAt"": ""2026-04-04T09:45:00Z"", ""demoSource"": ""generated-pack""}"
nimbus,TAPAS_DOWNTOWN,ORD-TAPAS_DOWNTOWN-00027,cashier@nimbus.demo,TAKEAWAY,CLOSED,16000.00,2900.00,0.00,18900.00,,,"{""createdAt"": ""2026-04-04T09:10:00Z"", ""demoSource"": ""generated-pack""}"
nimbus,TAPAS_DOWNTOWN,ORD-TAPAS_DOWNTOWN-00028,cashier@nimbus.demo,TAKEAWAY,CLOSED,32000.00,5800.00,0.00,37800.00,,,"{""createdAt"": ""2026-04-04T10:00:00Z"", ""demoSource"": ""generated-pack""}"
nimbus,ROOFTOP_BAR,ORD-ROOFTOP_BAR-00029,supervisor@nimbus.demo,TAKEAWAY,SERVED,257600.00,44000.00,12900.00,288700.00,,,"{""createdAt"": ""2026-04-04T10:20:00Z"", ""demoSource"": ""generated-pack""}"
nimbus,ROOFTOP_BAR,ORD-ROOFTOP_BAR-00030,cashier@nimbus.demo,TAKEAWAY,SERVED,46400.00,8400.00,0.00,54800.00,,,"{""createdAt"": ""2026-04-04T15:00:00Z"", ""demoSource"": ""generated-pack""}"
nimbus,ROOFTOP_BAR,ORD-ROOFTOP_BAR-00031,cashier@nimbus.demo,DINE_IN,CLOSED,28000.00,4800.00,1400.00,31400.00,RB-13,,"{""createdAt"": ""2026-04-04T10:30:00Z"", ""demoSource"": ""generated-pack""}"
nimbus,ROOFTOP_BAR,ORD-ROOFTOP_BAR-00032,waiter@nimbus.demo,TAKEAWAY,CLOSED,40200.00,7200.00,0.00,47400.00,,,"{""createdAt"": ""2026-04-04T07:20:00Z"", ""demoSource"": ""generated-pack""}"
nimbus,GARDEN_CAFE,ORD-GARDEN_CAFE-00033,waiter@nimbus.demo,DINE_IN,READY,196300.00,35300.00,0.00,231600.00,GC-11,,"{""createdAt"": ""2026-04-04T10:30:00Z"", ""demoSource"": ""generated-pack""}"
nimbus,GARDEN_CAFE,ORD-GARDEN_CAFE-00034,cashier@nimbus.demo,DINE_IN,READY,129500.00,23300.00,0.00,152800.00,GC-17,,"{""createdAt"": ""2026-04-04T07:20:00Z"", ""demoSource"": ""generated-pack""}"
nimbus,GARDEN_CAFE,ORD-GARDEN_CAFE-00035,cashier@nimbus.demo,DINE_IN,CLOSED,71600.00,12900.00,0.00,84500.00,GC-01,,"{""createdAt"": ""2026-04-04T07:30:00Z"", ""demoSource"": ""generated-pack""}"
nimbus,GARDEN_CAFE,ORD-GARDEN_CAFE-00036,waiter@nimbus.demo,TAKEAWAY,SENT,73600.00,13200.00,0.00,86800.00,,,"{""createdAt"": ""2026-04-04T09:20:00Z"", ""demoSource"": ""generated-pack""}"
nimbus,EVENTS_KITCHEN,ORD-EVENTS_KITCHEN-00037,waiter@nimbus.demo,DINE_IN,CLOSED,199400.00,35900.00,0.00,235300.00,EV-08,,"{""createdAt"": ""2026-04-04T09:30:00Z"", ""demoSource"": ""generated-pack""}"
nimbus,EVENTS_KITCHEN,ORD-EVENTS_KITCHEN-00038,cashier@nimbus.demo,DINE_IN,CLOSED,418800.00,75400.00,0.00,494200.00,EV-06,,"{""createdAt"": ""2026-04-04T09:45:00Z"", ""demoSource"": ""generated-pack""}"
nimbus,EVENTS_KITCHEN,ORD-EVENTS_KITCHEN-00039,waiter@nimbus.demo,DINE_IN,CLOSED,158800.00,28600.00,0.00,187400.00,EV-12,,"{""createdAt"": ""2026-04-04T15:20:00Z"", ""demoSource"": ""generated-pack""}"
nimbus,EVENTS_KITCHEN,ORD-EVENTS_KITCHEN-00040,supervisor@nimbus.demo,DINE_IN,READY,198300.00,35700.00,0.00,234000.00,EV-02,,"{""createdAt"": ""2026-04-04T09:45:00Z"", ""demoSource"": ""generated-pack""}"
nimbus,TAPAS_DOWNTOWN,ORD-TAPAS_DOWNTOWN-00041,waiter@nimbus.demo,TAKEAWAY,CLOSED,96000.00,17300.00,0.00,113300.00,,,"{""createdAt"": ""2026-04-05T07:10:00Z"", ""demoSource"": ""generated-pack""}"
nimbus,TAPAS_DOWNTOWN,ORD-TAPAS_DOWNTOWN-00042,supervisor@nimbus.demo,DINE_IN,CLOSED,364000.00,65500.00,0.00,429500.00,TD-17,,"{""createdAt"": ""2026-04-05T07:30:00Z"", ""demoSource"": ""generated-pack""}"
nimbus,TAPAS_DOWNTOWN,ORD-TAPAS_DOWNTOWN-00043,cashier@nimbus.demo,DINE_IN,READY,63000.00,11300.00,0.00,74300.00,TD-11,,"{""createdAt"": ""2026-04-05T15:00:00Z"", ""demoSource"": ""generated-pack""}"
nimbus,TAPAS_DOWNTOWN,ORD-TAPAS_DOWNTOWN-00044,supervisor@nimbus.demo,DINE_IN,READY,201000.00,36200.00,0.00,237200.00,TD-15,,"{""createdAt"": ""2026-04-05T09:00:00Z"", ""demoSource"": ""generated-pack""}"
nimbus,TAPAS_DOWNTOWN,ORD-TAPAS_DOWNTOWN-00045,cashier@nimbus.demo,DINE_IN,CLOSED,32000.00,5800.00,0.00,37800.00,TD-15,,"{""createdAt"": ""2026-04-05T10:20:00Z"", ""demoSource"": ""generated-pack""}"
nimbus,ROOFTOP_BAR,ORD-ROOFTOP_BAR-00046,cashier@nimbus.demo,TAKEAWAY,CLOSED,303500.00,54600.00,0.00,358100.00,,,"{""createdAt"": ""2026-04-05T15:10:00Z"", ""demoSource"": ""generated-pack""}"
nimbus,ROOFTOP_BAR,ORD-ROOFTOP_BAR-00047,supervisor@nimbus.demo,TAKEAWAY,CLOSED,234100.00,42100.00,0.00,276200.00,,,"{""createdAt"": ""2026-04-05T15:10:00Z"", ""demoSource"": ""generated-pack""}"
nimbus,ROOFTOP_BAR,ORD-ROOFTOP_BAR-00048,supervisor@nimbus.demo,DINE_IN,CLOSED,214200.00,38600.00,0.00,252800.00,RB-15,,"{""createdAt"": ""2026-04-05T07:00:00Z"", ""demoSource"": ""generated-pack""}"
nimbus,ROOFTOP_BAR,ORD-ROOFTOP_BAR-00049,waiter@nimbus.demo,DINE_IN,CLOSED,31400.00,5700.00,0.00,37100.00,RB-04,,"{""createdAt"": ""2026-04-05T15:00:00Z"", ""demoSource"": ""generated-pack""}"
nimbus,ROOFTOP_BAR,ORD-ROOFTOP_BAR-00050,cashier@nimbus.demo,DINE_IN,SERVED,112100.00,19200.00,5600.00,125700.00,RB-04,,"{""createdAt"": ""2026-04-05T17:00:00Z"", ""demoSource"": ""generated-pack""}"
nimbus,GARDEN_CAFE,ORD-GARDEN_CAFE-00051,waiter@nimbus.demo,DINE_IN,CLOSED,228300.00,39000.00,11400.00,255900.00,GC-10,,"{""createdAt"": ""2026-04-05T17:30:00Z"", ""demoSource"": ""generated-pack""}"
nimbus,GARDEN_CAFE,ORD-GARDEN_CAFE-00052,waiter@nimbus.demo,DINE_IN,READY,160900.00,29000.00,0.00,189900.00,GC-14,,"{""createdAt"": ""2026-04-05T07:10:00Z"", ""demoSource"": ""generated-pack""}"
nimbus,GARDEN_CAFE,ORD-GARDEN_CAFE-00053,waiter@nimbus.demo,DINE_IN,CLOSED,71700.00,12900.00,0.00,84600.00,GC-15,,"{""createdAt"": ""2026-04-05T15:10:00Z"", ""demoSource"": ""generated-pack""}"
nimbus,GARDEN_CAFE,ORD-GARDEN_CAFE-00054,waiter@nimbus.demo,DINE_IN,CLOSED,231900.00,41700.00,0.00,273600.00,GC-02,,"{""createdAt"": ""2026-04-05T15:00:00Z"", ""demoSource"": ""generated-pack""}"
nimbus,GARDEN_CAFE,ORD-GARDEN_CAFE-00055,cashier@nimbus.demo,DINE_IN,READY,182800.00,31300.00,9100.00,205000.00,GC-01,,"{""createdAt"": ""2026-04-05T09:10:00Z"", ""demoSource"": ""generated-pack""}"
nimbus,EVENTS_KITCHEN,ORD-EVENTS_KITCHEN-00056,supervisor@nimbus.demo,DINE_IN,SERVED,391500.00,70500.00,0.00,462000.00,EV-02,,"{""createdAt"": ""2026-04-05T07:45:00Z"", ""demoSource"": ""generated-pack""}"
nimbus,EVENTS_KITCHEN,ORD-EVENTS_KITCHEN-00057,supervisor@nimbus.demo,TAKEAWAY,CLOSED,48000.00,8600.00,0.00,56600.00,,,"{""createdAt"": ""2026-04-05T07:20:00Z"", ""demoSource"": ""generated-pack""}"
nimbus,EVENTS_KITCHEN,ORD-EVENTS_KITCHEN-00058,cashier@nimbus.demo,DINE_IN,CLOSED,289200.00,52100.00,0.00,341300.00,EV-09,,"{""createdAt"": ""2026-04-05T15:10:00Z"", ""demoSource"": ""generated-pack""}"
nimbus,EVENTS_KITCHEN,ORD-EVENTS_KITCHEN-00059,supervisor@nimbus.demo,DINE_IN,CLOSED,94600.00,17000.00,0.00,111600.00,EV-03,,"{""createdAt"": ""2026-04-05T15:10:00Z"", ""demoSource"": ""generated-pack""}"
nimbus,EVENTS_KITCHEN,ORD-EVENTS_KITCHEN-00060,waiter@nimbus.demo,DINE_IN,SENT,18900.00,3400.00,0.00,22300.00,EV-02,,"{""createdAt"": ""2026-04-05T09:10:00Z"", ""demoSource"": ""generated-pack""}"
nimbus,TAPAS_DOWNTOWN,ORD-TAPAS_DOWNTOWN-00061,cashier@nimbus.demo,TAKEAWAY,READY,216000.00,38900.00,0.00,254900.00,,,"{""createdAt"": ""2026-04-06T07:20:00Z"", ""demoSource"": ""generated-pack""}"
nimbus,ROOFTOP_BAR,ORD-ROOFTOP_BAR-00062,cashier@nimbus.demo,DINE_IN,SERVED,90600.00,16300.00,0.00,106900.00,RB-13,,"{""createdAt"": ""2026-04-06T10:00:00Z"", ""demoSource"": ""generated-pack""}"
nimbus,GARDEN_CAFE,ORD-GARDEN_CAFE-00063,cashier@nimbus.demo,DINE_IN,CLOSED,59800.00,10200.00,3000.00,67000.00,GC-04,,"{""createdAt"": ""2026-04-06T07:30:00Z"", ""demoSource"": ""generated-pack""}"
nimbus,EVENTS_KITCHEN,ORD-EVENTS_KITCHEN-00064,supervisor@nimbus.demo,DINE_IN,READY,247000.00,44500.00,0.00,291500.00,EV-01,,"{""createdAt"": ""2026-04-06T09:20:00Z"", ""demoSource"": ""generated-pack""}"
nimbus,TAPAS_DOWNTOWN,ORD-TAPAS_DOWNTOWN-00065,cashier@nimbus.demo,DINE_IN,CLOSED,278000.00,50000.00,0.00,328000.00,TD-07,,"{""createdAt"": ""2026-04-07T09:00:00Z"", ""demoSource"": ""generated-pack""}"
nimbus,TAPAS_DOWNTOWN,ORD-TAPAS_DOWNTOWN-00066,cashier@nimbus.demo,DINE_IN,CLOSED,57000.00,10300.00,0.00,67300.00,TD-12,,"{""createdAt"": ""2026-04-07T17:45:00Z"", ""demoSource"": ""generated-pack""}"
nimbus,ROOFTOP_BAR,ORD-ROOFTOP_BAR-00067,supervisor@nimbus.demo,DINE_IN,SERVED,26800.00,4800.00,0.00,31600.00,RB-09,,"{""createdAt"": ""2026-04-07T07:00:00Z"", ""demoSource"": ""generated-pack""}"
nimbus,ROOFTOP_BAR,ORD-ROOFTOP_BAR-00068,cashier@nimbus.demo,DINE_IN,CLOSED,20200.00,3500.00,1000.00,22700.00,RB-02,,"{""createdAt"": ""2026-04-07T07:20:00Z"", ""demoSource"": ""generated-pack""}"
nimbus,GARDEN_CAFE,ORD-GARDEN_CAFE-00069,supervisor@nimbus.demo,DINE_IN,CLOSED,199000.00,35800.00,0.00,234800.00,GC-18,,"{""createdAt"": ""2026-04-07T09:45:00Z"", ""demoSource"": ""generated-pack""}"
nimbus,GARDEN_CAFE,ORD-GARDEN_CAFE-00070,waiter@nimbus.demo,DINE_IN,CLOSED,20200.00,3600.00,0.00,23800.00,GC-18,,"{""createdAt"": ""2026-04-07T17:30:00Z"", ""demoSource"": ""generated-pack""}"
nimbus,EVENTS_KITCHEN,ORD-EVENTS_KITCHEN-00071,waiter@nimbus.demo,DINE_IN,CLOSED,171000.00,30800.00,0.00,201800.00,EV-12,,"{""createdAt"": ""2026-04-07T15:00:00Z"", ""demoSource"": ""generated-pack""}"
nimbus,EVENTS_KITCHEN,ORD-EVENTS_KITCHEN-00072,waiter@nimbus.demo,DINE_IN,CLOSED,28300.00,5100.00,0.00,33400.00,EV-03,,"{""createdAt"": ""2026-04-07T17:45:00Z"", ""demoSource"": ""generated-pack""}"
nimbus,TAPAS_DOWNTOWN,ORD-TAPAS_DOWNTOWN-00073,supervisor@nimbus.demo,DINE_IN,CLOSED,141000.00,25400.00,0.00,166400.00,TD-06,,"{""createdAt"": ""2026-04-08T09:00:00Z"", ""demoSource"": ""generated-pack""}"
nimbus,TAPAS_DOWNTOWN,ORD-TAPAS_DOWNTOWN-00074,cashier@nimbus.demo,DINE_IN,CLOSED,90000.00,15400.00,4500.00,100900.00,TD-05,,"{""createdAt"": ""2026-04-08T15:30:00Z"", ""demoSource"": ""generated-pack""}"
nimbus,TAPAS_DOWNTOWN,ORD-TAPAS_DOWNTOWN-00075,waiter@nimbus.demo,DINE_IN,READY,40000.00,7200.00,0.00,47200.00,TD-22,,"{""createdAt"": ""2026-04-08T09:10:00Z"", ""demoSource"": ""generated-pack""}"
nimbus,ROOFTOP_BAR,ORD-ROOFTOP_BAR-00076,waiter@nimbus.demo,DINE_IN,CLOSED,53700.00,9700.00,0.00,63400.00,RB-01,,"{""createdAt"": ""2026-04-08T15:10:00Z"", ""demoSource"": ""generated-pack""}"
nimbus,ROOFTOP_BAR,ORD-ROOFTOP_BAR-00077,waiter@nimbus.demo,TAKEAWAY,NEW,128700.00,22000.00,6400.00,144300.00,,,"{""createdAt"": ""2026-04-08T07:10:00Z"", ""demoSource"": ""generated-pack""}"
nimbus,ROOFTOP_BAR,ORD-ROOFTOP_BAR-00078,waiter@nimbus.demo,DINE_IN,SERVED,80700.00,14500.00,0.00,95200.00,RB-10,,"{""createdAt"": ""2026-04-08T17:20:00Z"", ""demoSource"": ""generated-pack""}"
nimbus,GARDEN_CAFE,ORD-GARDEN_CAFE-00079,supervisor@nimbus.demo,DINE_IN,CLOSED,231700.00,41700.00,0.00,273400.00,GC-09,,"{""createdAt"": ""2026-04-08T09:10:00Z"", ""demoSource"": ""generated-pack""}"
nimbus,GARDEN_CAFE,ORD-GARDEN_CAFE-00080,supervisor@nimbus.demo,DINE_IN,CLOSED,209500.00,37700.00,0.00,247200.00,GC-09,,"{""createdAt"": ""2026-04-08T09:30:00Z"", ""demoSource"": ""generated-pack""}"
nimbus,GARDEN_CAFE,ORD-GARDEN_CAFE-00081,supervisor@nimbus.demo,DINE_IN,CLOSED,60000.00,10800.00,0.00,70800.00,GC-17,,"{""createdAt"": ""2026-04-08T10:30:00Z"", ""demoSource"": ""generated-pack""}"
nimbus,EVENTS_KITCHEN,ORD-EVENTS_KITCHEN-00082,supervisor@nimbus.demo,DINE_IN,CLOSED,167700.00,30200.00,0.00,197900.00,EV-08,,"{""createdAt"": ""2026-04-08T10:20:00Z"", ""demoSource"": ""generated-pack""}"
nimbus,EVENTS_KITCHEN,ORD-EVENTS_KITCHEN-00083,supervisor@nimbus.demo,TAKEAWAY,CLOSED,120000.00,21600.00,0.00,141600.00,,,"{""createdAt"": ""2026-04-08T15:30:00Z"", ""demoSource"": ""generated-pack""}"
nimbus,EVENTS_KITCHEN,ORD-EVENTS_KITCHEN-00084,cashier@nimbus.demo,DINE_IN,SERVED,152000.00,27400.00,0.00,179400.00,EV-03,,"{""createdAt"": ""2026-04-08T07:45:00Z"", ""demoSource"": ""generated-pack""}"
nimbus,TAPAS_DOWNTOWN,ORD-TAPAS_DOWNTOWN-00085,supervisor@nimbus.demo,DINE_IN,CLOSED,90000.00,16200.00,0.00,106200.00,TD-19,,"{""createdAt"": ""2026-04-09T07:30:00Z"", ""demoSource"": ""generated-pack""}"
nimbus,TAPAS_DOWNTOWN,ORD-TAPAS_DOWNTOWN-00086,supervisor@nimbus.demo,DINE_IN,READY,162000.00,29200.00,0.00,191200.00,TD-15,,"{""createdAt"": ""2026-04-09T17:45:00Z"", ""demoSource"": ""generated-pack""}"
nimbus,TAPAS_DOWNTOWN,ORD-TAPAS_DOWNTOWN-00087,supervisor@nimbus.demo,DINE_IN,CLOSED,106000.00,19100.00,0.00,125100.00,TD-02,,"{""createdAt"": ""2026-04-09T07:00:00Z"", ""demoSource"": ""generated-pack""}"
nimbus,TAPAS_DOWNTOWN,ORD-TAPAS_DOWNTOWN-00088,supervisor@nimbus.demo,DINE_IN,CLOSED,32000.00,5800.00,0.00,37800.00,TD-07,,"{""createdAt"": ""2026-04-09T10:10:00Z"", ""demoSource"": ""generated-pack""}"
nimbus,ROOFTOP_BAR,ORD-ROOFTOP_BAR-00089,waiter@nimbus.demo,TAKEAWAY,CLOSED,48000.00,8600.00,0.00,56600.00,,,"{""createdAt"": ""2026-04-09T07:45:00Z"", ""demoSource"": ""generated-pack""}"
nimbus,ROOFTOP_BAR,ORD-ROOFTOP_BAR-00090,supervisor@nimbus.demo,DINE_IN,CLOSED,60000.00,10800.00,0.00,70800.00,RB-12,,"{""createdAt"": ""2026-04-09T07:30:00Z"", ""demoSource"": ""generated-pack""}"
nimbus,ROOFTOP_BAR,ORD-ROOFTOP_BAR-00091,supervisor@nimbus.demo,DINE_IN,CLOSED,47000.00,8000.00,2400.00,52600.00,RB-04,,"{""createdAt"": ""2026-04-09T07:00:00Z"", ""demoSource"": ""generated-pack""}"
nimbus,ROOFTOP_BAR,ORD-ROOFTOP_BAR-00092,supervisor@nimbus.demo,DINE_IN,SERVED,116000.00,19800.00,5800.00,130000.00,RB-01,,"{""createdAt"": ""2026-04-09T15:10:00Z"", ""demoSource"": ""generated-pack""}"
nimbus,GARDEN_CAFE,ORD-GARDEN_CAFE-00093,waiter@nimbus.demo,DINE_IN,CLOSED,174800.00,31500.00,0.00,206300.00,GC-15,,"{""createdAt"": ""2026-04-09T17:10:00Z"", ""demoSource"": ""generated-pack""}"
nimbus,GARDEN_CAFE,ORD-GARDEN_CAFE-00094,supervisor@nimbus.demo,DINE_IN,CLOSED,221800.00,39900.00,0.00,261700.00,GC-01,,"{""createdAt"": ""2026-04-09T09:00:00Z"", ""demoSource"": ""generated-pack""}"
nimbus,GARDEN_CAFE,ORD-GARDEN_CAFE-00095,waiter@nimbus.demo,DINE_IN,SERVED,116100.00,19900.00,5800.00,130200.00,GC-15,,"{""createdAt"": ""2026-04-09T15:00:00Z"", ""demoSource"": ""generated-pack""}"
nimbus,GARDEN_CAFE,ORD-GARDEN_CAFE-00096,waiter@nimbus.demo,DINE_IN,CLOSED,64000.00,11500.00,0.00,75500.00,GC-04,,"{""createdAt"": ""2026-04-09T09:10:00Z"", ""demoSource"": ""generated-pack""}"
nimbus,EVENTS_KITCHEN,ORD-EVENTS_KITCHEN-00097,supervisor@nimbus.demo,TAKEAWAY,CLOSED,322400.00,55100.00,16100.00,361400.00,,,"{""createdAt"": ""2026-04-09T17:00:00Z"", ""demoSource"": ""generated-pack""}"
nimbus,EVENTS_KITCHEN,ORD-EVENTS_KITCHEN-00098,supervisor@nimbus.demo,DINE_IN,CLOSED,294800.00,50400.00,14700.00,330500.00,EV-01,,"{""createdAt"": ""2026-04-09T17:45:00Z"", ""demoSource"": ""generated-pack""}"
nimbus,EVENTS_KITCHEN,ORD-EVENTS_KITCHEN-00099,cashier@nimbus.demo,DINE_IN,NEW,108000.00,19400.00,0.00,127400.00,EV-03,,"{""createdAt"": ""2026-04-09T07:20:00Z"", ""demoSource"": ""generated-pack""}"
nimbus,EVENTS_KITCHEN,ORD-EVENTS_KITCHEN-00100,waiter@nimbus.demo,DINE_IN,CLOSED,56600.00,10200.00,0.00,66800.00,EV-02,,"{""createdAt"": ""2026-04-09T17:45:00Z"", ""demoSource"": ""generated-pack""}"
nimbus,TAPAS_DOWNTOWN,ORD-TAPAS_DOWNTOWN-00101,cashier@nimbus.demo,DINE_IN,CLOSED,63000.00,11300.00,0.00,74300.00,TD-20,,"{""createdAt"": ""2026-04-10T09:10:00Z"", ""demoSource"": ""generated-pack""}"
nimbus,TAPAS_DOWNTOWN,ORD-TAPAS_DOWNTOWN-00102,cashier@nimbus.demo,TAKEAWAY,SERVED,112000.00,20200.00,0.00,132200.00,,,"{""createdAt"": ""2026-04-10T17:00:00Z"", ""demoSource"": ""generated-pack""}"
nimbus,TAPAS_DOWNTOWN,ORD-TAPAS_DOWNTOWN-00103,cashier@nimbus.demo,DINE_IN,READY,182000.00,31100.00,9100.00,204000.00,TD-19,,"{""createdAt"": ""2026-04-10T07:45:00Z"", ""demoSource"": ""generated-pack""}"
nimbus,TAPAS_DOWNTOWN,ORD-TAPAS_DOWNTOWN-00104,cashier@nimbus.demo,DINE_IN,CLOSED,129000.00,22100.00,6400.00,144700.00,TD-01,,"{""createdAt"": ""2026-04-10T09:30:00Z"", ""demoSource"": ""generated-pack""}"
nimbus,TAPAS_DOWNTOWN,ORD-TAPAS_DOWNTOWN-00105,supervisor@nimbus.demo,DINE_IN,CLOSED,94000.00,16900.00,0.00,110900.00,TD-22,,"{""createdAt"": ""2026-04-10T15:20:00Z"", ""demoSource"": ""generated-pack""}"
nimbus,ROOFTOP_BAR,ORD-ROOFTOP_BAR-00106,waiter@nimbus.demo,DINE_IN,CLOSED,94500.00,16200.00,4700.00,106000.00,RB-10,,"{""createdAt"": ""2026-04-10T10:00:00Z"", ""demoSource"": ""generated-pack""}"
nimbus,ROOFTOP_BAR,ORD-ROOFTOP_BAR-00107,waiter@nimbus.demo,TAKEAWAY,NEW,48000.00,8600.00,0.00,56600.00,,,"{""createdAt"": ""2026-04-10T10:00:00Z"", ""demoSource"": ""generated-pack""}"
nimbus,ROOFTOP_BAR,ORD-ROOFTOP_BAR-00108,supervisor@nimbus.demo,DINE_IN,CLOSED,56300.00,9600.00,2800.00,63100.00,RB-03,,"{""createdAt"": ""2026-04-10T15:30:00Z"", ""demoSource"": ""generated-pack""}"
nimbus,ROOFTOP_BAR,ORD-ROOFTOP_BAR-00109,supervisor@nimbus.demo,DINE_IN,CLOSED,102500.00,17500.00,5100.00,114900.00,RB-02,,"{""createdAt"": ""2026-04-10T07:10:00Z"", ""demoSource"": ""generated-pack""}"
nimbus,ROOFTOP_BAR,ORD-ROOFTOP_BAR-00110,waiter@nimbus.demo,DINE_IN,CLOSED,53700.00,9200.00,2700.00,60200.00,RB-14,,"{""createdAt"": ""2026-04-10T07:20:00Z"", ""demoSource"": ""generated-pack""}"
nimbus,GARDEN_CAFE,ORD-GARDEN_CAFE-00111,cashier@nimbus.demo,TAKEAWAY,SENT,88600.00,15200.00,4400.00,99400.00,,,"{""createdAt"": ""2026-04-10T10:45:00Z"", ""demoSource"": ""generated-pack""}"
nimbus,GARDEN_CAFE,ORD-GARDEN_CAFE-00112,cashier@nimbus.demo,DINE_IN,CLOSED,15600.00,2700.00,800.00,17500.00,GC-16,,"{""createdAt"": ""2026-04-10T07:30:00Z"", ""demoSource"": ""generated-pack""}"
nimbus,GARDEN_CAFE,ORD-GARDEN_CAFE-00113,supervisor@nimbus.demo,DINE_IN,CLOSED,33100.00,6000.00,0.00,39100.00,GC-06,,"{""createdAt"": ""2026-04-10T17:30:00Z"", ""demoSource"": ""generated-pack""}"
nimbus,GARDEN_CAFE,ORD-GARDEN_CAFE-00114,supervisor@nimbus.demo,DINE_IN,CLOSED,67000.00,11400.00,3400.00,75000.00,GC-14,,"{""createdAt"": ""2026-04-10T10:00:00Z"", ""demoSource"": ""generated-pack""}"
nimbus,GARDEN_CAFE,ORD-GARDEN_CAFE-00115,waiter@nimbus.demo,TAKEAWAY,CLOSED,138100.00,24900.00,0.00,163000.00,,,"{""createdAt"": ""2026-04-10T07:10:00Z"", ""demoSource"": ""generated-pack""}"
nimbus,EVENTS_KITCHEN,ORD-EVENTS_KITCHEN-00116,cashier@nimbus.demo,DINE_IN,CLOSED,174900.00,31500.00,0.00,206400.00,EV-02,,"{""createdAt"": ""2026-04-10T09:10:00Z"", ""demoSource"": ""generated-pack""}"
nimbus,EVENTS_KITCHEN,ORD-EVENTS_KITCHEN-00117,waiter@nimbus.demo,DINE_IN,CLOSED,261700.00,47100.00,0.00,308800.00,EV-11,,"{""createdAt"": ""2026-04-10T09:10:00Z"", ""demoSource"": ""generated-pack""}"
nimbus,EVENTS_KITCHEN,ORD-EVENTS_KITCHEN-00118,cashier@nimbus.demo,DINE_IN,CLOSED,137100.00,24700.00,0.00,161800.00,EV-10,,"{""createdAt"": ""2026-04-10T15:30:00Z"", ""demoSource"": ""generated-pack""}"
nimbus,EVENTS_KITCHEN,ORD-EVENTS_KITCHEN-00119,cashier@nimbus.demo,DINE_IN,NEW,186600.00,33600.00,0.00,220200.00,EV-11,,"{""createdAt"": ""2026-04-10T10:30:00Z"", ""demoSource"": ""generated-pack""}"
nimbus,EVENTS_KITCHEN,ORD-EVENTS_KITCHEN-00120,cashier@nimbus.demo,DINE_IN,SERVED,273500.00,49200.00,0.00,322700.00,EV-03,,"{""createdAt"": ""2026-04-10T07:20:00Z"", ""demoSource"": ""generated-pack""}"
nimbus,TAPAS_DOWNTOWN,ORD-TAPAS_DOWNTOWN-00121,cashier@nimbus.demo,DINE_IN,CLOSED,51000.00,9200.00,0.00,60200.00,TD-09,,"{""createdAt"": ""2026-04-11T17:10:00Z"", ""demoSource"": ""generated-pack""}"
nimbus,ROOFTOP_BAR,ORD-ROOFTOP_BAR-00122,cashier@nimbus.demo,DINE_IN,CLOSED,10100.00,1800.00,0.00,11900.00,RB-02,,"{""createdAt"": ""2026-04-11T09:00:00Z"", ""demoSource"": ""generated-pack""}"
nimbus,GARDEN_CAFE,ORD-GARDEN_CAFE-00123,supervisor@nimbus.demo,DINE_IN,SENT,57900.00,10400.00,0.00,68300.00,GC-04,,"{""createdAt"": ""2026-04-11T10:20:00Z"", ""demoSource"": ""generated-pack""}"
nimbus,EVENTS_KITCHEN,ORD-EVENTS_KITCHEN-00124,waiter@nimbus.demo,TAKEAWAY,SENT,310600.00,55900.00,0.00,366500.00,,,"{""createdAt"": ""2026-04-11T09:30:00Z"", ""demoSource"": ""generated-pack""}"
nimbus,TAPAS_DOWNTOWN,ORD-TAPAS_DOWNTOWN-00125,supervisor@nimbus.demo,DINE_IN,CLOSED,227000.00,40900.00,0.00,267900.00,TD-02,,"{""createdAt"": ""2026-04-12T10:10:00Z"", ""demoSource"": ""generated-pack""}"
nimbus,TAPAS_DOWNTOWN,ORD-TAPAS_DOWNTOWN-00126,waiter@nimbus.demo,DINE_IN,CLOSED,33000.00,5900.00,0.00,38900.00,TD-22,,"{""createdAt"": ""2026-04-12T07:30:00Z"", ""demoSource"": ""generated-pack""}"
nimbus,ROOFTOP_BAR,ORD-ROOFTOP_BAR-00127,waiter@nimbus.demo,DINE_IN,CLOSED,32000.00,5500.00,1600.00,35900.00,RB-14,,"{""createdAt"": ""2026-04-12T07:20:00Z"", ""demoSource"": ""generated-pack""}"
nimbus,ROOFTOP_BAR,ORD-ROOFTOP_BAR-00128,waiter@nimbus.demo,TAKEAWAY,CLOSED,214900.00,38700.00,0.00,253600.00,,,"{""createdAt"": ""2026-04-12T15:45:00Z"", ""demoSource"": ""generated-pack""}"
nimbus,GARDEN_CAFE,ORD-GARDEN_CAFE-00129,cashier@nimbus.demo,DINE_IN,READY,56000.00,9600.00,2800.00,62800.00,GC-02,,"{""createdAt"": ""2026-04-12T09:20:00Z"", ""demoSource"": ""generated-pack""}"
nimbus,GARDEN_CAFE,ORD-GARDEN_CAFE-00130,cashier@nimbus.demo,DINE_IN,SENT,32000.00,5800.00,0.00,37800.00,GC-14,,"{""createdAt"": ""2026-04-12T15:30:00Z"", ""demoSource"": ""generated-pack""}"
nimbus,EVENTS_KITCHEN,ORD-EVENTS_KITCHEN-00131,cashier@nimbus.demo,DINE_IN,CLOSED,285700.00,51400.00,0.00,337100.00,EV-08,,"{""createdAt"": ""2026-04-12T07:20:00Z"", ""demoSource"": ""generated-pack""}"
nimbus,EVENTS_KITCHEN,ORD-EVENTS_KITCHEN-00132,supervisor@nimbus.demo,DINE_IN,SERVED,80000.00,14400.00,0.00,94400.00,EV-06,,"{""createdAt"": ""2026-04-12T09:10:00Z"", ""demoSource"": ""generated-pack""}"
nimbus,TAPAS_DOWNTOWN,ORD-TAPAS_DOWNTOWN-00133,waiter@nimbus.demo,DINE_IN,CLOSED,150000.00,27000.00,0.00,177000.00,TD-18,,"{""createdAt"": ""2026-04-13T09:20:00Z"", ""demoSource"": ""generated-pack""}"
nimbus,TAPAS_DOWNTOWN,ORD-TAPAS_DOWNTOWN-00134,supervisor@nimbus.demo,DINE_IN,CLOSED,59000.00,10600.00,0.00,69600.00,TD-03,,"{""createdAt"": ""2026-04-13T09:10:00Z"", ""demoSource"": ""generated-pack""}"
nimbus,TAPAS_DOWNTOWN,ORD-TAPAS_DOWNTOWN-00135,supervisor@nimbus.demo,TAKEAWAY,SERVED,163000.00,29300.00,0.00,192300.00,,,"{""createdAt"": ""2026-04-13T15:10:00Z"", ""demoSource"": ""generated-pack""}"
nimbus,ROOFTOP_BAR,ORD-ROOFTOP_BAR-00136,waiter@nimbus.demo,DINE_IN,CLOSED,53800.00,9700.00,0.00,63500.00,RB-08,,"{""createdAt"": ""2026-04-13T15:30:00Z"", ""demoSource"": ""generated-pack""}"
nimbus,ROOFTOP_BAR,ORD-ROOFTOP_BAR-00137,waiter@nimbus.demo,TAKEAWAY,CLOSED,152900.00,27500.00,0.00,180400.00,,,"{""createdAt"": ""2026-04-13T09:10:00Z"", ""demoSource"": ""generated-pack""}"
nimbus,ROOFTOP_BAR,ORD-ROOFTOP_BAR-00138,supervisor@nimbus.demo,DINE_IN,CLOSED,275600.00,49600.00,0.00,325200.00,RB-13,,"{""createdAt"": ""2026-04-13T07:20:00Z"", ""demoSource"": ""generated-pack""}"
nimbus,GARDEN_CAFE,ORD-GARDEN_CAFE-00139,waiter@nimbus.demo,DINE_IN,CLOSED,14700.00,2500.00,700.00,16500.00,GC-12,,"{""createdAt"": ""2026-04-13T07:10:00Z"", ""demoSource"": ""generated-pack""}"
nimbus,GARDEN_CAFE,ORD-GARDEN_CAFE-00140,waiter@nimbus.demo,DINE_IN,CLOSED,92100.00,16600.00,0.00,108700.00,GC-15,,"{""createdAt"": ""2026-04-13T07:10:00Z"", ""demoSource"": ""generated-pack""}"
nimbus,GARDEN_CAFE,ORD-GARDEN_CAFE-00141,waiter@nimbus.demo,DINE_IN,CLOSED,47200.00,8500.00,0.00,55700.00,GC-06,,"{""createdAt"": ""2026-04-13T15:30:00Z"", ""demoSource"": ""generated-pack""}"
nimbus,EVENTS_KITCHEN,ORD-EVENTS_KITCHEN-00142,supervisor@nimbus.demo,DINE_IN,CLOSED,333000.00,59900.00,0.00,392900.00,EV-03,,"{""createdAt"": ""2026-04-13T10:20:00Z"", ""demoSource"": ""generated-pack""}"
nimbus,EVENTS_KITCHEN,ORD-EVENTS_KITCHEN-00143,supervisor@nimbus.demo,TAKEAWAY,SENT,61400.00,11100.00,0.00,72500.00,,,"{""createdAt"": ""2026-04-13T10:00:00Z"", ""demoSource"": ""generated-pack""}"
nimbus,EVENTS_KITCHEN,ORD-EVENTS_KITCHEN-00144,waiter@nimbus.demo,DINE_IN,SERVED,229100.00,41200.00,0.00,270300.00,EV-12,,"{""createdAt"": ""2026-04-13T09:00:00Z"", ""demoSource"": ""generated-pack""}"
nimbus,TAPAS_DOWNTOWN,ORD-TAPAS_DOWNTOWN-00145,waiter@nimbus.demo,DINE_IN,CLOSED,86000.00,14700.00,4300.00,96400.00,TD-14,,"{""createdAt"": ""2026-04-14T17:20:00Z"", ""demoSource"": ""generated-pack""}"
nimbus,TAPAS_DOWNTOWN,ORD-TAPAS_DOWNTOWN-00146,waiter@nimbus.demo,DINE_IN,CLOSED,181000.00,32600.00,0.00,213600.00,TD-03,,"{""createdAt"": ""2026-04-14T17:20:00Z"", ""demoSource"": ""generated-pack""}"
nimbus,TAPAS_DOWNTOWN,ORD-TAPAS_DOWNTOWN-00147,cashier@nimbus.demo,DINE_IN,SENT,258000.00,44100.00,12900.00,289200.00,TD-22,,"{""createdAt"": ""2026-04-14T10:00:00Z"", ""demoSource"": ""generated-pack""}"
nimbus,TAPAS_DOWNTOWN,ORD-TAPAS_DOWNTOWN-00148,cashier@nimbus.demo,DINE_IN,CLOSED,64000.00,11500.00,0.00,75500.00,TD-12,,"{""createdAt"": ""2026-04-14T15:20:00Z"", ""demoSource"": ""generated-pack""}"
nimbus,ROOFTOP_BAR,ORD-ROOFTOP_BAR-00149,supervisor@nimbus.demo,TAKEAWAY,CLOSED,49200.00,8900.00,0.00,58100.00,,,"{""createdAt"": ""2026-04-14T17:00:00Z"", ""demoSource"": ""generated-pack""}"
nimbus,ROOFTOP_BAR,ORD-ROOFTOP_BAR-00150,waiter@nimbus.demo,TAKEAWAY,NEW,19000.00,3400.00,0.00,22400.00,,,"{""createdAt"": ""2026-04-14T15:45:00Z"", ""demoSource"": ""generated-pack""}"
nimbus,ROOFTOP_BAR,ORD-ROOFTOP_BAR-00151,supervisor@nimbus.demo,DINE_IN,CLOSED,133300.00,24000.00,0.00,157300.00,RB-16,,"{""createdAt"": ""2026-04-14T10:20:00Z"", ""demoSource"": ""generated-pack""}"
nimbus,ROOFTOP_BAR,ORD-ROOFTOP_BAR-00152,waiter@nimbus.demo,TAKEAWAY,SERVED,221600.00,39900.00,0.00,261500.00,,,"{""createdAt"": ""2026-04-14T17:20:00Z"", ""demoSource"": ""generated-pack""}"
nimbus,GARDEN_CAFE,ORD-GARDEN_CAFE-00153,cashier@nimbus.demo,DINE_IN,SERVED,123300.00,21100.00,6200.00,138200.00,GC-09,,"{""createdAt"": ""2026-04-14T15:45:00Z"", ""demoSource"": ""generated-pack""}"
nimbus,GARDEN_CAFE,ORD-GARDEN_CAFE-00154,supervisor@nimbus.demo,DINE_IN,CLOSED,108600.00,19500.00,0.00,128100.00,GC-06,,"{""createdAt"": ""2026-04-14T10:00:00Z"", ""demoSource"": ""generated-pack""}"
nimbus,GARDEN_CAFE,ORD-GARDEN_CAFE-00155,cashier@nimbus.demo,DINE_IN,CLOSED,15600.00,2800.00,0.00,18400.00,GC-17,,"{""createdAt"": ""2026-04-14T07:20:00Z"", ""demoSource"": ""generated-pack""}"
nimbus,GARDEN_CAFE,ORD-GARDEN_CAFE-00156,supervisor@nimbus.demo,DINE_IN,CLOSED,141800.00,25500.00,0.00,167300.00,GC-04,,"{""createdAt"": ""2026-04-14T17:45:00Z"", ""demoSource"": ""generated-pack""}"
nimbus,EVENTS_KITCHEN,ORD-EVENTS_KITCHEN-00157,supervisor@nimbus.demo,TAKEAWAY,SERVED,113300.00,20400.00,0.00,133700.00,,,"{""createdAt"": ""2026-04-14T17:20:00Z"", ""demoSource"": ""generated-pack""}"
nimbus,EVENTS_KITCHEN,ORD-EVENTS_KITCHEN-00158,cashier@nimbus.demo,DINE_IN,CLOSED,84900.00,15300.00,0.00,100200.00,EV-11,,"{""createdAt"": ""2026-04-14T10:10:00Z"", ""demoSource"": ""generated-pack""}"
nimbus,EVENTS_KITCHEN,ORD-EVENTS_KITCHEN-00159,supervisor@nimbus.demo,DINE_IN,CLOSED,113400.00,19400.00,5700.00,127100.00,EV-07,,"{""createdAt"": ""2026-04-14T07:20:00Z"", ""demoSource"": ""generated-pack""}"
nimbus,EVENTS_KITCHEN,ORD-EVENTS_KITCHEN-00160,waiter@nimbus.demo,DINE_IN,SERVED,280800.00,50500.00,0.00,331300.00,EV-09,,"{""createdAt"": ""2026-04-14T17:00:00Z"", ""demoSource"": ""generated-pack""}"
nimbus,TAPAS_DOWNTOWN,ORD-TAPAS_DOWNTOWN-00161,cashier@nimbus.demo,DINE_IN,READY,96000.00,17300.00,0.00,113300.00,TD-06,,"{""createdAt"": ""2026-04-15T07:10:00Z"", ""demoSource"": ""generated-pack""}"
nimbus,TAPAS_DOWNTOWN,ORD-TAPAS_DOWNTOWN-00162,supervisor@nimbus.demo,DINE_IN,SENT,51000.00,9200.00,0.00,60200.00,TD-21,,"{""createdAt"": ""2026-04-15T17:20:00Z"", ""demoSource"": ""generated-pack""}"
nimbus,TAPAS_DOWNTOWN,ORD-TAPAS_DOWNTOWN-00163,supervisor@nimbus.demo,DINE_IN,SENT,168000.00,30200.00,0.00,198200.00,TD-15,,"{""createdAt"": ""2026-04-15T10:00:00Z"", ""demoSource"": ""generated-pack""}"
nimbus,TAPAS_DOWNTOWN,ORD-TAPAS_DOWNTOWN-00164,supervisor@nimbus.demo,DINE_IN,READY,126000.00,22700.00,0.00,148700.00,TD-17,,"{""createdAt"": ""2026-04-15T15:45:00Z"", ""demoSource"": ""generated-pack""}"
nimbus,TAPAS_DOWNTOWN,ORD-TAPAS_DOWNTOWN-00165,supervisor@nimbus.demo,DINE_IN,CLOSED,108000.00,19400.00,0.00,127400.00,TD-05,,"{""createdAt"": ""2026-04-15T15:00:00Z"", ""demoSource"": ""generated-pack""}"
nimbus,ROOFTOP_BAR,ORD-ROOFTOP_BAR-00166,supervisor@nimbus.demo,DINE_IN,SENT,110000.00,19800.00,0.00,129800.00,RB-14,,"{""createdAt"": ""2026-04-15T10:10:00Z"", ""demoSource"": ""generated-pack""}"
nimbus,ROOFTOP_BAR,ORD-ROOFTOP_BAR-00167,supervisor@nimbus.demo,DINE_IN,CLOSED,155700.00,28000.00,0.00,183700.00,RB-16,,"{""createdAt"": ""2026-04-15T15:45:00Z"", ""demoSource"": ""generated-pack""}"
nimbus,ROOFTOP_BAR,ORD-ROOFTOP_BAR-00168,cashier@nimbus.demo,DINE_IN,CLOSED,50400.00,8600.00,2500.00,56500.00,RB-07,,"{""createdAt"": ""2026-04-15T09:30:00Z"", ""demoSource"": ""generated-pack""}"
nimbus,ROOFTOP_BAR,ORD-ROOFTOP_BAR-00169,supervisor@nimbus.demo,DINE_IN,CLOSED,84600.00,15200.00,0.00,99800.00,RB-12,,"{""createdAt"": ""2026-04-15T09:45:00Z"", ""demoSource"": ""generated-pack""}"
nimbus,ROOFTOP_BAR,ORD-ROOFTOP_BAR-00170,waiter@nimbus.demo,DINE_IN,SENT,73800.00,13300.00,0.00,87100.00,RB-10,,"{""createdAt"": ""2026-04-15T15:45:00Z"", ""demoSource"": ""generated-pack""}"
nimbus,GARDEN_CAFE,ORD-GARDEN_CAFE-00171,cashier@nimbus.demo,DINE_IN,CLOSED,42300.00,7600.00,0.00,49900.00,GC-01,,"{""createdAt"": ""2026-04-15T10:45:00Z"", ""demoSource"": ""generated-pack""}"
nimbus,GARDEN_CAFE,ORD-GARDEN_CAFE-00172,cashier@nimbus.demo,DINE_IN,CLOSED,148600.00,25400.00,7400.00,166600.00,GC-02,,"{""createdAt"": ""2026-04-15T10:20:00Z"", ""demoSource"": ""generated-pack""}"
nimbus,GARDEN_CAFE,ORD-GARDEN_CAFE-00173,supervisor@nimbus.demo,DINE_IN,CLOSED,73500.00,13200.00,0.00,86700.00,GC-14,,"{""createdAt"": ""2026-04-15T07:30:00Z"", ""demoSource"": ""generated-pack""}"
nimbus,GARDEN_CAFE,ORD-GARDEN_CAFE-00174,supervisor@nimbus.demo,TAKEAWAY,SERVED,127800.00,23000.00,0.00,150800.00,,,"{""createdAt"": ""2026-04-15T17:10:00Z"", ""demoSource"": ""generated-pack""}"
nimbus,GARDEN_CAFE,ORD-GARDEN_CAFE-00175,cashier@nimbus.demo,DINE_IN,CLOSED,33200.00,6000.00,0.00,39200.00,GC-08,,"{""createdAt"": ""2026-04-15T09:00:00Z"", ""demoSource"": ""generated-pack""}"
nimbus,EVENTS_KITCHEN,ORD-EVENTS_KITCHEN-00176,waiter@nimbus.demo,DINE_IN,CLOSED,59800.00,10800.00,0.00,70600.00,EV-02,,"{""createdAt"": ""2026-04-15T10:10:00Z"", ""demoSource"": ""generated-pack""}"
nimbus,EVENTS_KITCHEN,ORD-EVENTS_KITCHEN-00177,supervisor@nimbus.demo,TAKEAWAY,CLOSED,340100.00,61200.00,0.00,401300.00,,,"{""createdAt"": ""2026-04-15T09:00:00Z"", ""demoSource"": ""generated-pack""}"
nimbus,EVENTS_KITCHEN,ORD-EVENTS_KITCHEN-00178,cashier@nimbus.demo,DINE_IN,CLOSED,96000.00,17300.00,0.00,113300.00,EV-09,,"{""createdAt"": ""2026-04-15T15:10:00Z"", ""demoSource"": ""generated-pack""}"
nimbus,EVENTS_KITCHEN,ORD-EVENTS_KITCHEN-00179,waiter@nimbus.demo,TAKEAWAY,CLOSED,169800.00,29000.00,8500.00,190300.00,,,"{""createdAt"": ""2026-04-15T17:00:00Z"", ""demoSource"": ""generated-pack""}"
nimbus,EVENTS_KITCHEN,ORD-EVENTS_KITCHEN-00180,supervisor@nimbus.demo,DINE_IN,CLOSED,14200.00,2600.00,0.00,16800.00,EV-09,,"{""createdAt"": ""2026-04-15T07:45:00Z"", ""demoSource"": ""generated-pack""}"
nimbus,TAPAS_DOWNTOWN,ORD-TAPAS_DOWNTOWN-00181,supervisor@nimbus.demo,DINE_IN,CLOSED,274000.00,49300.00,0.00,323300.00,TD-06,,"{""createdAt"": ""2026-04-16T09:00:00Z"", ""demoSource"": ""generated-pack""}"
nimbus,ROOFTOP_BAR,ORD-ROOFTOP_BAR-00182,cashier@nimbus.demo,DINE_IN,CLOSED,201500.00,36300.00,0.00,237800.00,RB-02,,"{""createdAt"": ""2026-04-16T09:30:00Z"", ""demoSource"": ""generated-pack""}"
nimbus,GARDEN_CAFE,ORD-GARDEN_CAFE-00183,cashier@nimbus.demo,DINE_IN,CLOSED,18400.00,3300.00,0.00,21700.00,GC-16,,"{""createdAt"": ""2026-04-16T07:30:00Z"", ""demoSource"": ""generated-pack""}"
nimbus,EVENTS_KITCHEN,ORD-EVENTS_KITCHEN-00184,waiter@nimbus.demo,DINE_IN,CLOSED,459500.00,82700.00,0.00,542200.00,EV-12,,"{""createdAt"": ""2026-04-16T09:00:00Z"", ""demoSource"": ""generated-pack""}"
nimbus,TAPAS_DOWNTOWN,ORD-TAPAS_DOWNTOWN-00185,waiter@nimbus.demo,DINE_IN,CLOSED,253000.00,45500.00,0.00,298500.00,TD-08,,"{""createdAt"": ""2026-04-17T09:30:00Z"", ""demoSource"": ""generated-pack""}"
nimbus,TAPAS_DOWNTOWN,ORD-TAPAS_DOWNTOWN-00186,supervisor@nimbus.demo,DINE_IN,CLOSED,190000.00,34200.00,0.00,224200.00,TD-04,,"{""createdAt"": ""2026-04-17T10:30:00Z"", ""demoSource"": ""generated-pack""}"
nimbus,ROOFTOP_BAR,ORD-ROOFTOP_BAR-00187,cashier@nimbus.demo,DINE_IN,NEW,155400.00,28000.00,0.00,183400.00,RB-08,,"{""createdAt"": ""2026-04-17T07:00:00Z"", ""demoSource"": ""generated-pack""}"
nimbus,ROOFTOP_BAR,ORD-ROOFTOP_BAR-00188,waiter@nimbus.demo,DINE_IN,CLOSED,98400.00,17700.00,0.00,116100.00,RB-07,,"{""createdAt"": ""2026-04-17T07:00:00Z"", ""demoSource"": ""generated-pack""}"
nimbus,GARDEN_CAFE,ORD-GARDEN_CAFE-00189,supervisor@nimbus.demo,DINE_IN,SENT,219300.00,39500.00,0.00,258800.00,GC-05,,"{""createdAt"": ""2026-04-17T17:00:00Z"", ""demoSource"": ""generated-pack""}"
nimbus,GARDEN_CAFE,ORD-GARDEN_CAFE-00190,waiter@nimbus.demo,DINE_IN,SERVED,90100.00,16200.00,0.00,106300.00,GC-04,,"{""createdAt"": ""2026-04-17T17:00:00Z"", ""demoSource"": ""generated-pack""}"
nimbus,EVENTS_KITCHEN,ORD-EVENTS_KITCHEN-00191,supervisor@nimbus.demo,DINE_IN,NEW,24800.00,4200.00,1200.00,27800.00,EV-06,,"{""createdAt"": ""2026-04-17T10:30:00Z"", ""demoSource"": ""generated-pack""}"
nimbus,EVENTS_KITCHEN,ORD-EVENTS_KITCHEN-00192,waiter@nimbus.demo,TAKEAWAY,CLOSED,158300.00,28500.00,0.00,186800.00,,,"{""createdAt"": ""2026-04-17T10:45:00Z"", ""demoSource"": ""generated-pack""}"
nimbus,TAPAS_DOWNTOWN,ORD-TAPAS_DOWNTOWN-00193,cashier@nimbus.demo,DINE_IN,CLOSED,28000.00,5000.00,0.00,33000.00,TD-09,,"{""createdAt"": ""2026-04-18T09:20:00Z"", ""demoSource"": ""generated-pack""}"
nimbus,TAPAS_DOWNTOWN,ORD-TAPAS_DOWNTOWN-00194,waiter@nimbus.demo,DINE_IN,SENT,48000.00,8600.00,0.00,56600.00,TD-07,,"{""createdAt"": ""2026-04-18T07:00:00Z"", ""demoSource"": ""generated-pack""}"
nimbus,TAPAS_DOWNTOWN,ORD-TAPAS_DOWNTOWN-00195,supervisor@nimbus.demo,DINE_IN,SERVED,104000.00,18700.00,0.00,122700.00,TD-03,,"{""createdAt"": ""2026-04-18T15:30:00Z"", ""demoSource"": ""generated-pack""}"
nimbus,ROOFTOP_BAR,ORD-ROOFTOP_BAR-00196,cashier@nimbus.demo,DINE_IN,SERVED,151200.00,27200.00,0.00,178400.00,RB-15,,"{""createdAt"": ""2026-04-18T17:20:00Z"", ""demoSource"": ""generated-pack""}"
nimbus,ROOFTOP_BAR,ORD-ROOFTOP_BAR-00197,waiter@nimbus.demo,DINE_IN,CLOSED,12300.00,2200.00,0.00,14500.00,RB-16,,"{""createdAt"": ""2026-04-18T10:20:00Z"", ""demoSource"": ""generated-pack""}"
nimbus,ROOFTOP_BAR,ORD-ROOFTOP_BAR-00198,supervisor@nimbus.demo,DINE_IN,READY,82400.00,14800.00,0.00,97200.00,RB-08,,"{""createdAt"": ""2026-04-18T07:00:00Z"", ""demoSource"": ""generated-pack""}"
nimbus,GARDEN_CAFE,ORD-GARDEN_CAFE-00199,cashier@nimbus.demo,DINE_IN,CLOSED,113400.00,19400.00,5700.00,127100.00,GC-07,,"{""createdAt"": ""2026-04-18T10:20:00Z"", ""demoSource"": ""generated-pack""}"
nimbus,GARDEN_CAFE,ORD-GARDEN_CAFE-00200,cashier@nimbus.demo,DINE_IN,NEW,14700.00,2500.00,700.00,16500.00,GC-08,,"{""createdAt"": ""2026-04-18T07:20:00Z"", ""demoSource"": ""generated-pack""}"
nimbus,GARDEN_CAFE,ORD-GARDEN_CAFE-00201,waiter@nimbus.demo,TAKEAWAY,SENT,77000.00,13900.00,0.00,90900.00,,,"{""createdAt"": ""2026-04-18T10:45:00Z"", ""demoSource"": ""generated-pack""}"
nimbus,EVENTS_KITCHEN,ORD-EVENTS_KITCHEN-00202,supervisor@nimbus.demo,DINE_IN,CLOSED,28000.00,5000.00,0.00,33000.00,EV-11,,"{""createdAt"": ""2026-04-18T15:20:00Z"", ""demoSource"": ""generated-pack""}"
nimbus,EVENTS_KITCHEN,ORD-EVENTS_KITCHEN-00203,supervisor@nimbus.demo,DINE_IN,NEW,269000.00,48400.00,0.00,317400.00,EV-08,,"{""createdAt"": ""2026-04-18T17:00:00Z"", ""demoSource"": ""generated-pack""}"
nimbus,EVENTS_KITCHEN,ORD-EVENTS_KITCHEN-00204,waiter@nimbus.demo,DINE_IN,SERVED,88400.00,15900.00,0.00,104300.00,EV-09,,"{""createdAt"": ""2026-04-18T10:20:00Z"", ""demoSource"": ""generated-pack""}"
nimbus,TAPAS_DOWNTOWN,ORD-TAPAS_DOWNTOWN-00205,supervisor@nimbus.demo,TAKEAWAY,CLOSED,182000.00,32800.00,0.00,214800.00,,,"{""createdAt"": ""2026-04-19T15:45:00Z"", ""demoSource"": ""generated-pack""}"
nimbus,TAPAS_DOWNTOWN,ORD-TAPAS_DOWNTOWN-00206,waiter@nimbus.demo,TAKEAWAY,CLOSED,162000.00,29200.00,0.00,191200.00,,,"{""createdAt"": ""2026-04-19T09:30:00Z"", ""demoSource"": ""generated-pack""}"
nimbus,TAPAS_DOWNTOWN,ORD-TAPAS_DOWNTOWN-00207,supervisor@nimbus.demo,TAKEAWAY,SENT,76000.00,13700.00,0.00,89700.00,,,"{""createdAt"": ""2026-04-19T09:10:00Z"", ""demoSource"": ""generated-pack""}"
nimbus,TAPAS_DOWNTOWN,ORD-TAPAS_DOWNTOWN-00208,cashier@nimbus.demo,DINE_IN,READY,159000.00,28600.00,0.00,187600.00,TD-12,,"{""createdAt"": ""2026-04-19T15:45:00Z"", ""demoSource"": ""generated-pack""}"
nimbus,ROOFTOP_BAR,ORD-ROOFTOP_BAR-00209,waiter@nimbus.demo,DINE_IN,CLOSED,236600.00,42600.00,0.00,279200.00,RB-07,,"{""createdAt"": ""2026-04-19T07:20:00Z"", ""demoSource"": ""generated-pack""}"
nimbus,ROOFTOP_BAR,ORD-ROOFTOP_BAR-00210,waiter@nimbus.demo,DINE_IN,CLOSED,109700.00,19700.00,0.00,129400.00,RB-01,,"{""createdAt"": ""2026-04-19T15:30:00Z"", ""demoSource"": ""generated-pack""}"
nimbus,ROOFTOP_BAR,ORD-ROOFTOP_BAR-00211,waiter@nimbus.demo,TAKEAWAY,CLOSED,155300.00,28000.00,0.00,183300.00,,,"{""createdAt"": ""2026-04-19T17:20:00Z"", ""demoSource"": ""generated-pack""}"
nimbus,ROOFTOP_BAR,ORD-ROOFTOP_BAR-00212,cashier@nimbus.demo,DINE_IN,CLOSED,97400.00,17500.00,0.00,114900.00,RB-09,,"{""createdAt"": ""2026-04-19T07:30:00Z"", ""demoSource"": ""generated-pack""}"
nimbus,GARDEN_CAFE,ORD-GARDEN_CAFE-00213,supervisor@nimbus.demo,DINE_IN,READY,156500.00,28200.00,0.00,184700.00,GC-15,,"{""createdAt"": ""2026-04-19T10:20:00Z"", ""demoSource"": ""generated-pack""}"
nimbus,GARDEN_CAFE,ORD-GARDEN_CAFE-00214,waiter@nimbus.demo,DINE_IN,CLOSED,114200.00,20600.00,0.00,134800.00,GC-16,,"{""createdAt"": ""2026-04-19T07:30:00Z"", ""demoSource"": ""generated-pack""}"
nimbus,GARDEN_CAFE,ORD-GARDEN_CAFE-00215,cashier@nimbus.demo,DINE_IN,NEW,228800.00,41200.00,0.00,270000.00,GC-10,,"{""createdAt"": ""2026-04-19T07:30:00Z"", ""demoSource"": ""generated-pack""}"
nimbus,GARDEN_CAFE,ORD-GARDEN_CAFE-00216,waiter@nimbus.demo,TAKEAWAY,CLOSED,120200.00,21600.00,0.00,141800.00,,,"{""createdAt"": ""2026-04-19T17:45:00Z"", ""demoSource"": ""generated-pack""}"
nimbus,EVENTS_KITCHEN,ORD-EVENTS_KITCHEN-00217,waiter@nimbus.demo,DINE_IN,READY,28400.00,5100.00,0.00,33500.00,EV-09,,"{""createdAt"": ""2026-04-19T17:00:00Z"", ""demoSource"": ""generated-pack""}"
nimbus,EVENTS_KITCHEN,ORD-EVENTS_KITCHEN-00218,cashier@nimbus.demo,DINE_IN,NEW,252200.00,45400.00,0.00,297600.00,EV-02,,"{""createdAt"": ""2026-04-19T07:00:00Z"", ""demoSource"": ""generated-pack""}"
nimbus,EVENTS_KITCHEN,ORD-EVENTS_KITCHEN-00219,waiter@nimbus.demo,DINE_IN,SENT,494600.00,84600.00,24700.00,554500.00,EV-08,,"{""createdAt"": ""2026-04-19T17:00:00Z"", ""demoSource"": ""generated-pack""}"
nimbus,EVENTS_KITCHEN,ORD-EVENTS_KITCHEN-00220,waiter@nimbus.demo,DINE_IN,READY,68000.00,12200.00,0.00,80200.00,EV-03,,"{""createdAt"": ""2026-04-19T07:45:00Z"", ""demoSource"": ""generated-pack""}"
nimbus,TAPAS_DOWNTOWN,ORD-TAPAS_DOWNTOWN-00221,cashier@nimbus.demo,DINE_IN,CLOSED,48000.00,8600.00,0.00,56600.00,TD-04,,"{""createdAt"": ""2026-04-20T17:30:00Z"", ""demoSource"": ""generated-pack""}"
nimbus,TAPAS_DOWNTOWN,ORD-TAPAS_DOWNTOWN-00222,waiter@nimbus.demo,DINE_IN,SERVED,32000.00,5800.00,0.00,37800.00,TD-04,,"{""createdAt"": ""2026-04-20T17:20:00Z"", ""demoSource"": ""generated-pack""}"
nimbus,TAPAS_DOWNTOWN,ORD-TAPAS_DOWNTOWN-00223,cashier@nimbus.demo,DINE_IN,CLOSED,240000.00,41000.00,12000.00,269000.00,TD-13,,"{""createdAt"": ""2026-04-20T09:30:00Z"", ""demoSource"": ""generated-pack""}"
nimbus,TAPAS_DOWNTOWN,ORD-TAPAS_DOWNTOWN-00224,cashier@nimbus.demo,DINE_IN,CLOSED,84000.00,15100.00,0.00,99100.00,TD-07,,"{""createdAt"": ""2026-04-20T17:30:00Z"", ""demoSource"": ""generated-pack""}"
nimbus,TAPAS_DOWNTOWN,ORD-TAPAS_DOWNTOWN-00225,supervisor@nimbus.demo,TAKEAWAY,CLOSED,127000.00,22900.00,0.00,149900.00,,,"{""createdAt"": ""2026-04-20T09:30:00Z"", ""demoSource"": ""generated-pack""}"
nimbus,ROOFTOP_BAR,ORD-ROOFTOP_BAR-00226,supervisor@nimbus.demo,DINE_IN,READY,172400.00,31000.00,0.00,203400.00,RB-07,,"{""createdAt"": ""2026-04-20T10:10:00Z"", ""demoSource"": ""generated-pack""}"
nimbus,ROOFTOP_BAR,ORD-ROOFTOP_BAR-00227,supervisor@nimbus.demo,DINE_IN,CLOSED,197400.00,35500.00,0.00,232900.00,RB-03,,"{""createdAt"": ""2026-04-20T15:00:00Z"", ""demoSource"": ""generated-pack""}"
nimbus,ROOFTOP_BAR,ORD-ROOFTOP_BAR-00228,waiter@nimbus.demo,DINE_IN,SENT,32000.00,5800.00,0.00,37800.00,RB-11,,"{""createdAt"": ""2026-04-20T15:30:00Z"", ""demoSource"": ""generated-pack""}"
nimbus,ROOFTOP_BAR,ORD-ROOFTOP_BAR-00229,cashier@nimbus.demo,DINE_IN,CLOSED,23500.00,4200.00,0.00,27700.00,RB-04,,"{""createdAt"": ""2026-04-20T10:00:00Z"", ""demoSource"": ""generated-pack""}"
nimbus,ROOFTOP_BAR,ORD-ROOFTOP_BAR-00230,cashier@nimbus.demo,DINE_IN,READY,72000.00,13000.00,0.00,85000.00,RB-07,,"{""createdAt"": ""2026-04-20T09:45:00Z"", ""demoSource"": ""generated-pack""}"
nimbus,GARDEN_CAFE,ORD-GARDEN_CAFE-00231,supervisor@nimbus.demo,DINE_IN,CLOSED,11000.00,1900.00,600.00,12300.00,GC-10,,"{""createdAt"": ""2026-04-20T07:45:00Z"", ""demoSource"": ""generated-pack""}"
nimbus,GARDEN_CAFE,ORD-GARDEN_CAFE-00232,waiter@nimbus.demo,DINE_IN,CLOSED,149700.00,26900.00,0.00,176600.00,GC-05,,"{""createdAt"": ""2026-04-20T17:45:00Z"", ""demoSource"": ""generated-pack""}"
nimbus,GARDEN_CAFE,ORD-GARDEN_CAFE-00233,cashier@nimbus.demo,DINE_IN,SENT,24900.00,4500.00,0.00,29400.00,GC-16,,"{""createdAt"": ""2026-04-20T07:10:00Z"", ""demoSource"": ""generated-pack""}"
nimbus,GARDEN_CAFE,ORD-GARDEN_CAFE-00234,waiter@nimbus.demo,TAKEAWAY,SERVED,123400.00,21100.00,6200.00,138300.00,,,"{""createdAt"": ""2026-04-20T10:10:00Z"", ""demoSource"": ""generated-pack""}"
nimbus,GARDEN_CAFE,ORD-GARDEN_CAFE-00235,supervisor@nimbus.demo,DINE_IN,CLOSED,217100.00,39100.00,0.00,256200.00,GC-01,,"{""createdAt"": ""2026-04-20T15:20:00Z"", ""demoSource"": ""generated-pack""}"
nimbus,EVENTS_KITCHEN,ORD-EVENTS_KITCHEN-00236,cashier@nimbus.demo,DINE_IN,CLOSED,230300.00,41500.00,0.00,271800.00,EV-05,,"{""createdAt"": ""2026-04-20T10:20:00Z"", ""demoSource"": ""generated-pack""}"
nimbus,EVENTS_KITCHEN,ORD-EVENTS_KITCHEN-00237,cashier@nimbus.demo,TAKEAWAY,CLOSED,145700.00,26200.00,0.00,171900.00,,,"{""createdAt"": ""2026-04-20T10:30:00Z"", ""demoSource"": ""generated-pack""}"
nimbus,EVENTS_KITCHEN,ORD-EVENTS_KITCHEN-00238,waiter@nimbus.demo,DINE_IN,CLOSED,346900.00,59300.00,17300.00,388900.00,EV-03,,"{""createdAt"": ""2026-04-20T17:00:00Z"", ""demoSource"": ""generated-pack""}"
nimbus,EVENTS_KITCHEN,ORD-EVENTS_KITCHEN-00239,supervisor@nimbus.demo,DINE_IN,CLOSED,124900.00,22500.00,0.00,147400.00,EV-10,,"{""createdAt"": ""2026-04-20T09:10:00Z"", ""demoSource"": ""generated-pack""}"
nimbus,EVENTS_KITCHEN,ORD-EVENTS_KITCHEN-00240,supervisor@nimbus.demo,DINE_IN,CLOSED,159300.00,28700.00,0.00,188000.00,EV-09,,"{""createdAt"": ""2026-04-20T15:00:00Z"", ""demoSource"": ""generated-pack""}"
nimbus,TAPAS_DOWNTOWN,ORD-TAPAS_DOWNTOWN-00241,cashier@nimbus.demo,DINE_IN,SERVED,300000.00,54000.00,0.00,354000.00,TD-14,,"{""createdAt"": ""2026-04-21T17:45:00Z"", ""demoSource"": ""generated-pack""}"
nimbus,ROOFTOP_BAR,ORD-ROOFTOP_BAR-00242,waiter@nimbus.demo,DINE_IN,READY,116800.00,21000.00,0.00,137800.00,RB-11,,"{""createdAt"": ""2026-04-21T09:30:00Z"", ""demoSource"": ""generated-pack""}"
nimbus,GARDEN_CAFE,ORD-GARDEN_CAFE-00243,cashier@nimbus.demo,DINE_IN,CLOSED,65000.00,11700.00,0.00,76700.00,GC-17,,"{""createdAt"": ""2026-04-21T07:10:00Z"", ""demoSource"": ""generated-pack""}"
nimbus,EVENTS_KITCHEN,ORD-EVENTS_KITCHEN-00244,cashier@nimbus.demo,DINE_IN,SENT,180400.00,32500.00,0.00,212900.00,EV-05,,"{""createdAt"": ""2026-04-21T10:00:00Z"", ""demoSource"": ""generated-pack""}"
nimbus,TAPAS_DOWNTOWN,ORD-TAPAS_DOWNTOWN-00245,waiter@nimbus.demo,DINE_IN,CLOSED,116000.00,20900.00,0.00,136900.00,TD-06,,"{""createdAt"": ""2026-04-22T17:00:00Z"", ""demoSource"": ""generated-pack""}"
nimbus,TAPAS_DOWNTOWN,ORD-TAPAS_DOWNTOWN-00246,cashier@nimbus.demo,DINE_IN,CLOSED,199000.00,35800.00,0.00,234800.00,TD-12,,"{""createdAt"": ""2026-04-22T09:10:00Z"", ""demoSource"": ""generated-pack""}"
nimbus,ROOFTOP_BAR,ORD-ROOFTOP_BAR-00247,supervisor@nimbus.demo,DINE_IN,CLOSED,143900.00,25900.00,0.00,169800.00,RB-03,,"{""createdAt"": ""2026-04-22T07:45:00Z"", ""demoSource"": ""generated-pack""}"
nimbus,ROOFTOP_BAR,ORD-ROOFTOP_BAR-00248,supervisor@nimbus.demo,DINE_IN,CLOSED,16000.00,2700.00,800.00,17900.00,RB-08,,"{""createdAt"": ""2026-04-22T17:00:00Z"", ""demoSource"": ""generated-pack""}"
nimbus,GARDEN_CAFE,ORD-GARDEN_CAFE-00249,waiter@nimbus.demo,DINE_IN,CLOSED,147000.00,26500.00,0.00,173500.00,GC-07,,"{""createdAt"": ""2026-04-22T10:45:00Z"", ""demoSource"": ""generated-pack""}"
nimbus,GARDEN_CAFE,ORD-GARDEN_CAFE-00250,waiter@nimbus.demo,DINE_IN,READY,22000.00,4000.00,0.00,26000.00,GC-08,,"{""createdAt"": ""2026-04-22T07:20:00Z"", ""demoSource"": ""generated-pack""}"
nimbus,EVENTS_KITCHEN,ORD-EVENTS_KITCHEN-00251,supervisor@nimbus.demo,DINE_IN,READY,16500.00,3000.00,0.00,19500.00,EV-01,,"{""createdAt"": ""2026-04-22T10:00:00Z"", ""demoSource"": ""generated-pack""}"
nimbus,EVENTS_KITCHEN,ORD-EVENTS_KITCHEN-00252,supervisor@nimbus.demo,DINE_IN,CLOSED,74400.00,13400.00,0.00,87800.00,EV-03,,"{""createdAt"": ""2026-04-22T17:00:00Z"", ""demoSource"": ""generated-pack""}"
nimbus,TAPAS_DOWNTOWN,ORD-TAPAS_DOWNTOWN-00253,supervisor@nimbus.demo,DINE_IN,CLOSED,69000.00,12400.00,0.00,81400.00,TD-11,,"{""createdAt"": ""2026-04-23T07:20:00Z"", ""demoSource"": ""generated-pack""}"
nimbus,TAPAS_DOWNTOWN,ORD-TAPAS_DOWNTOWN-00254,supervisor@nimbus.demo,TAKEAWAY,CLOSED,71000.00,12100.00,3600.00,79500.00,,,"{""createdAt"": ""2026-04-23T09:30:00Z"", ""demoSource"": ""generated-pack""}"
nimbus,TAPAS_DOWNTOWN,ORD-TAPAS_DOWNTOWN-00255,waiter@nimbus.demo,TAKEAWAY,CLOSED,72000.00,13000.00,0.00,85000.00,,,"{""createdAt"": ""2026-04-23T09:20:00Z"", ""demoSource"": ""generated-pack""}"
nimbus,ROOFTOP_BAR,ORD-ROOFTOP_BAR-00256,waiter@nimbus.demo,TAKEAWAY,CLOSED,125900.00,22700.00,0.00,148600.00,,,"{""createdAt"": ""2026-04-23T17:45:00Z"", ""demoSource"": ""generated-pack""}"
nimbus,ROOFTOP_BAR,ORD-ROOFTOP_BAR-00257,waiter@nimbus.demo,DINE_IN,NEW,136700.00,24600.00,0.00,161300.00,RB-16,,"{""createdAt"": ""2026-04-23T17:30:00Z"", ""demoSource"": ""generated-pack""}"
nimbus,ROOFTOP_BAR,ORD-ROOFTOP_BAR-00258,cashier@nimbus.demo,DINE_IN,CLOSED,31400.00,5700.00,0.00,37100.00,RB-16,,"{""createdAt"": ""2026-04-23T10:45:00Z"", ""demoSource"": ""generated-pack""}"
nimbus,GARDEN_CAFE,ORD-GARDEN_CAFE-00259,cashier@nimbus.demo,DINE_IN,READY,99400.00,17900.00,0.00,117300.00,GC-03,,"{""createdAt"": ""2026-04-23T10:45:00Z"", ""demoSource"": ""generated-pack""}"
nimbus,GARDEN_CAFE,ORD-GARDEN_CAFE-00260,waiter@nimbus.demo,DINE_IN,SENT,180500.00,32500.00,0.00,213000.00,GC-07,,"{""createdAt"": ""2026-04-23T17:10:00Z"", ""demoSource"": ""generated-pack""}"
nimbus,GARDEN_CAFE,ORD-GARDEN_CAFE-00261,waiter@nimbus.demo,DINE_IN,CLOSED,32000.00,5800.00,0.00,37800.00,GC-10,,"{""createdAt"": ""2026-04-23T10:30:00Z"", ""demoSource"": ""generated-pack""}"
nimbus,EVENTS_KITCHEN,ORD-EVENTS_KITCHEN-00262,supervisor@nimbus.demo,DINE_IN,CLOSED,97900.00,17600.00,0.00,115500.00,EV-08,,"{""createdAt"": ""2026-04-23T10:20:00Z"", ""demoSource"": ""generated-pack""}"
nimbus,EVENTS_KITCHEN,ORD-EVENTS_KITCHEN-00263,waiter@nimbus.demo,DINE_IN,CLOSED,35400.00,6400.00,0.00,41800.00,EV-12,,"{""createdAt"": ""2026-04-23T17:10:00Z"", ""demoSource"": ""generated-pack""}"
nimbus,EVENTS_KITCHEN,ORD-EVENTS_KITCHEN-00264,waiter@nimbus.demo,DINE_IN,READY,233700.00,42100.00,0.00,275800.00,EV-03,,"{""createdAt"": ""2026-04-23T09:45:00Z"", ""demoSource"": ""generated-pack""}"
nimbus,TAPAS_DOWNTOWN,ORD-TAPAS_DOWNTOWN-00265,cashier@nimbus.demo,DINE_IN,SENT,270000.00,46200.00,13500.00,302700.00,TD-10,,"{""createdAt"": ""2026-04-24T09:20:00Z"", ""demoSource"": ""generated-pack""}"
nimbus,TAPAS_DOWNTOWN,ORD-TAPAS_DOWNTOWN-00266,waiter@nimbus.demo,TAKEAWAY,CLOSED,248000.00,44600.00,0.00,292600.00,,,"{""createdAt"": ""2026-04-24T10:10:00Z"", ""demoSource"": ""generated-pack""}"
nimbus,TAPAS_DOWNTOWN,ORD-TAPAS_DOWNTOWN-00267,waiter@nimbus.demo,DINE_IN,CLOSED,155000.00,27900.00,0.00,182900.00,TD-21,,"{""createdAt"": ""2026-04-24T17:30:00Z"", ""demoSource"": ""generated-pack""}"
nimbus,TAPAS_DOWNTOWN,ORD-TAPAS_DOWNTOWN-00268,cashier@nimbus.demo,DINE_IN,CLOSED,64000.00,11500.00,0.00,75500.00,TD-03,,"{""createdAt"": ""2026-04-24T10:00:00Z"", ""demoSource"": ""generated-pack""}"
nimbus,ROOFTOP_BAR,ORD-ROOFTOP_BAR-00269,supervisor@nimbus.demo,DINE_IN,CLOSED,215100.00,38700.00,0.00,253800.00,RB-06,,"{""createdAt"": ""2026-04-24T07:00:00Z"", ""demoSource"": ""generated-pack""}"
nimbus,ROOFTOP_BAR,ORD-ROOFTOP_BAR-00270,supervisor@nimbus.demo,DINE_IN,CLOSED,47000.00,8500.00,0.00,55500.00,RB-16,,"{""createdAt"": ""2026-04-24T09:45:00Z"", ""demoSource"": ""generated-pack""}"
nimbus,ROOFTOP_BAR,ORD-ROOFTOP_BAR-00271,supervisor@nimbus.demo,DINE_IN,CLOSED,154500.00,27800.00,0.00,182300.00,RB-03,,"{""createdAt"": ""2026-04-24T10:00:00Z"", ""demoSource"": ""generated-pack""}"
nimbus,ROOFTOP_BAR,ORD-ROOFTOP_BAR-00272,supervisor@nimbus.demo,TAKEAWAY,CLOSED,47000.00,8500.00,0.00,55500.00,,,"{""createdAt"": ""2026-04-24T09:20:00Z"", ""demoSource"": ""generated-pack""}"
nimbus,GARDEN_CAFE,ORD-GARDEN_CAFE-00273,supervisor@nimbus.demo,DINE_IN,CLOSED,114300.00,20600.00,0.00,134900.00,GC-11,,"{""createdAt"": ""2026-04-24T17:00:00Z"", ""demoSource"": ""generated-pack""}"
nimbus,GARDEN_CAFE,ORD-GARDEN_CAFE-00274,waiter@nimbus.demo,DINE_IN,NEW,40400.00,6900.00,2000.00,45300.00,GC-01,,"{""createdAt"": ""2026-04-24T10:45:00Z"", ""demoSource"": ""generated-pack""}"
nimbus,GARDEN_CAFE,ORD-GARDEN_CAFE-00275,supervisor@nimbus.demo,DINE_IN,SERVED,10100.00,1800.00,0.00,11900.00,GC-08,,"{""createdAt"": ""2026-04-24T15:45:00Z"", ""demoSource"": ""generated-pack""}"
nimbus,GARDEN_CAFE,ORD-GARDEN_CAFE-00276,waiter@nimbus.demo,TAKEAWAY,NEW,20200.00,3600.00,0.00,23800.00,,,"{""createdAt"": ""2026-04-24T17:00:00Z"", ""demoSource"": ""generated-pack""}"
nimbus,EVENTS_KITCHEN,ORD-EVENTS_KITCHEN-00277,supervisor@nimbus.demo,DINE_IN,CLOSED,332900.00,59900.00,0.00,392800.00,EV-06,,"{""createdAt"": ""2026-04-24T07:45:00Z"", ""demoSource"": ""generated-pack""}"
nimbus,EVENTS_KITCHEN,ORD-EVENTS_KITCHEN-00278,cashier@nimbus.demo,DINE_IN,CLOSED,192400.00,34600.00,0.00,227000.00,EV-06,,"{""createdAt"": ""2026-04-24T17:00:00Z"", ""demoSource"": ""generated-pack""}"
nimbus,EVENTS_KITCHEN,ORD-EVENTS_KITCHEN-00279,supervisor@nimbus.demo,DINE_IN,CLOSED,221300.00,39800.00,0.00,261100.00,EV-08,,"{""createdAt"": ""2026-04-24T09:45:00Z"", ""demoSource"": ""generated-pack""}"
nimbus,EVENTS_KITCHEN,ORD-EVENTS_KITCHEN-00280,waiter@nimbus.demo,DINE_IN,CLOSED,336300.00,60500.00,0.00,396800.00,EV-02,,"{""createdAt"": ""2026-04-24T17:45:00Z"", ""demoSource"": ""generated-pack""}"
nimbus,TAPAS_DOWNTOWN,ORD-TAPAS_DOWNTOWN-00281,supervisor@nimbus.demo,DINE_IN,NEW,204000.00,36700.00,0.00,240700.00,TD-03,,"{""createdAt"": ""2026-04-25T09:10:00Z"", ""demoSource"": ""generated-pack""}"
nimbus,TAPAS_DOWNTOWN,ORD-TAPAS_DOWNTOWN-00282,cashier@nimbus.demo,TAKEAWAY,CLOSED,162000.00,29200.00,0.00,191200.00,,,"{""createdAt"": ""2026-04-25T15:45:00Z"", ""demoSource"": ""generated-pack""}"
nimbus,TAPAS_DOWNTOWN,ORD-TAPAS_DOWNTOWN-00283,supervisor@nimbus.demo,TAKEAWAY,CLOSED,102000.00,18400.00,0.00,120400.00,,,"{""createdAt"": ""2026-04-25T10:10:00Z"", ""demoSource"": ""generated-pack""}"
nimbus,TAPAS_DOWNTOWN,ORD-TAPAS_DOWNTOWN-00284,supervisor@nimbus.demo,DINE_IN,CLOSED,142000.00,25600.00,0.00,167600.00,TD-15,,"{""createdAt"": ""2026-04-25T17:30:00Z"", ""demoSource"": ""generated-pack""}"
nimbus,TAPAS_DOWNTOWN,ORD-TAPAS_DOWNTOWN-00285,waiter@nimbus.demo,DINE_IN,CLOSED,126000.00,22700.00,0.00,148700.00,TD-03,,"{""createdAt"": ""2026-04-25T09:10:00Z"", ""demoSource"": ""generated-pack""}"
nimbus,ROOFTOP_BAR,ORD-ROOFTOP_BAR-00286,supervisor@nimbus.demo,DINE_IN,CLOSED,192500.00,32900.00,9600.00,215800.00,RB-15,,"{""createdAt"": ""2026-04-25T15:30:00Z"", ""demoSource"": ""generated-pack""}"
nimbus,ROOFTOP_BAR,ORD-ROOFTOP_BAR-00287,supervisor@nimbus.demo,DINE_IN,SERVED,87300.00,15700.00,0.00,103000.00,RB-03,,"{""createdAt"": ""2026-04-25T15:00:00Z"", ""demoSource"": ""generated-pack""}"
nimbus,ROOFTOP_BAR,ORD-ROOFTOP_BAR-00288,cashier@nimbus.demo,DINE_IN,CLOSED,83700.00,15100.00,0.00,98800.00,RB-02,,"{""createdAt"": ""2026-04-25T17:30:00Z"", ""demoSource"": ""generated-pack""}"
nimbus,ROOFTOP_BAR,ORD-ROOFTOP_BAR-00289,waiter@nimbus.demo,TAKEAWAY,CLOSED,114100.00,20500.00,0.00,134600.00,,,"{""createdAt"": ""2026-04-25T17:10:00Z"", ""demoSource"": ""generated-pack""}"
nimbus,ROOFTOP_BAR,ORD-ROOFTOP_BAR-00290,waiter@nimbus.demo,TAKEAWAY,SERVED,191100.00,34400.00,0.00,225500.00,,,"{""createdAt"": ""2026-04-25T15:00:00Z"", ""demoSource"": ""generated-pack""}"
nimbus,GARDEN_CAFE,ORD-GARDEN_CAFE-00291,cashier@nimbus.demo,DINE_IN,READY,194200.00,35000.00,0.00,229200.00,GC-18,,"{""createdAt"": ""2026-04-25T10:30:00Z"", ""demoSource"": ""generated-pack""}"
nimbus,GARDEN_CAFE,ORD-GARDEN_CAFE-00292,waiter@nimbus.demo,DINE_IN,CLOSED,134200.00,23000.00,6700.00,150500.00,GC-18,,"{""createdAt"": ""2026-04-25T15:30:00Z"", ""demoSource"": ""generated-pack""}"
nimbus,GARDEN_CAFE,ORD-GARDEN_CAFE-00293,cashier@nimbus.demo,DINE_IN,CLOSED,135200.00,24300.00,0.00,159500.00,GC-18,,"{""createdAt"": ""2026-04-25T15:45:00Z"", ""demoSource"": ""generated-pack""}"
nimbus,GARDEN_CAFE,ORD-GARDEN_CAFE-00294,cashier@nimbus.demo,DINE_IN,CLOSED,33200.00,5700.00,1700.00,37200.00,GC-12,,"{""createdAt"": ""2026-04-25T17:00:00Z"", ""demoSource"": ""generated-pack""}"
nimbus,GARDEN_CAFE,ORD-GARDEN_CAFE-00295,cashier@nimbus.demo,DINE_IN,CLOSED,175700.00,31600.00,0.00,207300.00,GC-18,,"{""createdAt"": ""2026-04-25T09:45:00Z"", ""demoSource"": ""generated-pack""}"
nimbus,EVENTS_KITCHEN,ORD-EVENTS_KITCHEN-00296,waiter@nimbus.demo,TAKEAWAY,SERVED,81600.00,14000.00,4100.00,91500.00,,,"{""createdAt"": ""2026-04-25T15:00:00Z"", ""demoSource"": ""generated-pack""}"
nimbus,EVENTS_KITCHEN,ORD-EVENTS_KITCHEN-00297,waiter@nimbus.demo,TAKEAWAY,CLOSED,89700.00,16100.00,0.00,105800.00,,,"{""createdAt"": ""2026-04-25T07:00:00Z"", ""demoSource"": ""generated-pack""}"
nimbus,EVENTS_KITCHEN,ORD-EVENTS_KITCHEN-00298,cashier@nimbus.demo,DINE_IN,NEW,56700.00,9700.00,2800.00,63600.00,EV-01,,"{""createdAt"": ""2026-04-25T09:10:00Z"", ""demoSource"": ""generated-pack""}"
nimbus,EVENTS_KITCHEN,ORD-EVENTS_KITCHEN-00299,waiter@nimbus.demo,DINE_IN,SENT,101200.00,18200.00,0.00,119400.00,EV-04,,"{""createdAt"": ""2026-04-25T15:30:00Z"", ""demoSource"": ""generated-pack""}"
nimbus,EVENTS_KITCHEN,ORD-EVENTS_KITCHEN-00300,waiter@nimbus.demo,DINE_IN,CLOSED,116800.00,20000.00,5800.00,131000.00,EV-07,,"{""createdAt"": ""2026-04-25T09:20:00Z"", ""demoSource"": ""generated-pack""}"
nimbus,TAPAS_DOWNTOWN,ORD-TAPAS_DOWNTOWN-00301,waiter@nimbus.demo,DINE_IN,SERVED,250000.00,45000.00,0.00,295000.00,TD-18,,"{""createdAt"": ""2026-04-26T15:30:00Z"", ""demoSource"": ""generated-pack""}"
nimbus,ROOFTOP_BAR,ORD-ROOFTOP_BAR-00302,waiter@nimbus.demo,DINE_IN,CLOSED,95100.00,17100.00,0.00,112200.00,RB-14,,"{""createdAt"": ""2026-04-26T09:00:00Z"", ""demoSource"": ""generated-pack""}"
nimbus,GARDEN_CAFE,ORD-GARDEN_CAFE-00303,waiter@nimbus.demo,DINE_IN,SERVED,135200.00,23100.00,6800.00,151500.00,GC-13,,"{""createdAt"": ""2026-04-26T17:00:00Z"", ""demoSource"": ""generated-pack""}"
nimbus,EVENTS_KITCHEN,ORD-EVENTS_KITCHEN-00304,waiter@nimbus.demo,TAKEAWAY,CLOSED,102700.00,17600.00,5100.00,115200.00,,,"{""createdAt"": ""2026-04-26T09:10:00Z"", ""demoSource"": ""generated-pack""}"
nimbus,TAPAS_DOWNTOWN,ORD-TAPAS_DOWNTOWN-00305,waiter@nimbus.demo,TAKEAWAY,SERVED,84000.00,14400.00,4200.00,94200.00,,,"{""createdAt"": ""2026-04-27T10:00:00Z"", ""demoSource"": ""generated-pack""}"
nimbus,TAPAS_DOWNTOWN,ORD-TAPAS_DOWNTOWN-00306,supervisor@nimbus.demo,DINE_IN,CLOSED,48000.00,8600.00,0.00,56600.00,TD-01,,"{""createdAt"": ""2026-04-27T07:30:00Z"", ""demoSource"": ""generated-pack""}"
nimbus,ROOFTOP_BAR,ORD-ROOFTOP_BAR-00307,cashier@nimbus.demo,DINE_IN,CLOSED,117100.00,20000.00,5900.00,131200.00,RB-07,,"{""createdAt"": ""2026-04-27T07:30:00Z"", ""demoSource"": ""generated-pack""}"
nimbus,ROOFTOP_BAR,ORD-ROOFTOP_BAR-00308,waiter@nimbus.demo,DINE_IN,READY,53800.00,9700.00,0.00,63500.00,RB-03,,"{""createdAt"": ""2026-04-27T15:45:00Z"", ""demoSource"": ""generated-pack""}"
nimbus,GARDEN_CAFE,ORD-GARDEN_CAFE-00309,cashier@nimbus.demo,DINE_IN,SENT,133800.00,24100.00,0.00,157900.00,GC-03,,"{""createdAt"": ""2026-04-27T10:30:00Z"", ""demoSource"": ""generated-pack""}"
nimbus,GARDEN_CAFE,ORD-GARDEN_CAFE-00310,waiter@nimbus.demo,DINE_IN,CLOSED,201800.00,36300.00,0.00,238100.00,GC-02,,"{""createdAt"": ""2026-04-27T15:30:00Z"", ""demoSource"": ""generated-pack""}"
nimbus,EVENTS_KITCHEN,ORD-EVENTS_KITCHEN-00311,cashier@nimbus.demo,DINE_IN,NEW,381600.00,68700.00,0.00,450300.00,EV-02,,"{""createdAt"": ""2026-04-27T17:20:00Z"", ""demoSource"": ""generated-pack""}"
nimbus,EVENTS_KITCHEN,ORD-EVENTS_KITCHEN-00312,supervisor@nimbus.demo,DINE_IN,NEW,244300.00,44000.00,0.00,288300.00,EV-05,,"{""createdAt"": ""2026-04-27T15:45:00Z"", ""demoSource"": ""generated-pack""}"
nimbus,TAPAS_DOWNTOWN,ORD-TAPAS_DOWNTOWN-00313,cashier@nimbus.demo,DINE_IN,READY,28000.00,5000.00,0.00,33000.00,TD-04,,"{""createdAt"": ""2026-04-28T15:20:00Z"", ""demoSource"": ""generated-pack""}"
nimbus,TAPAS_DOWNTOWN,ORD-TAPAS_DOWNTOWN-00314,cashier@nimbus.demo,TAKEAWAY,CLOSED,223000.00,40100.00,0.00,263100.00,,,"{""createdAt"": ""2026-04-28T10:00:00Z"", ""demoSource"": ""generated-pack""}"
nimbus,TAPAS_DOWNTOWN,ORD-TAPAS_DOWNTOWN-00315,supervisor@nimbus.demo,DINE_IN,CLOSED,144000.00,25900.00,0.00,169900.00,TD-14,,"{""createdAt"": ""2026-04-28T15:00:00Z"", ""demoSource"": ""generated-pack""}"
nimbus,ROOFTOP_BAR,ORD-ROOFTOP_BAR-00316,supervisor@nimbus.demo,DINE_IN,SENT,41500.00,7500.00,0.00,49000.00,RB-14,,"{""createdAt"": ""2026-04-28T09:10:00Z"", ""demoSource"": ""generated-pack""}"
nimbus,ROOFTOP_BAR,ORD-ROOFTOP_BAR-00317,waiter@nimbus.demo,TAKEAWAY,CLOSED,82200.00,14800.00,0.00,97000.00,,,"{""createdAt"": ""2026-04-28T10:20:00Z"", ""demoSource"": ""generated-pack""}"
nimbus,ROOFTOP_BAR,ORD-ROOFTOP_BAR-00318,waiter@nimbus.demo,DINE_IN,CLOSED,45900.00,7800.00,2300.00,51400.00,RB-16,,"{""createdAt"": ""2026-04-28T17:45:00Z"", ""demoSource"": ""generated-pack""}"
nimbus,GARDEN_CAFE,ORD-GARDEN_CAFE-00319,supervisor@nimbus.demo,DINE_IN,SENT,189500.00,34100.00,0.00,223600.00,GC-03,,"{""createdAt"": ""2026-04-28T07:00:00Z"", ""demoSource"": ""generated-pack""}"
nimbus,GARDEN_CAFE,ORD-GARDEN_CAFE-00320,supervisor@nimbus.demo,DINE_IN,CLOSED,16600.00,3000.00,0.00,19600.00,GC-10,,"{""createdAt"": ""2026-04-28T15:20:00Z"", ""demoSource"": ""generated-pack""}"
nimbus,GARDEN_CAFE,ORD-GARDEN_CAFE-00321,supervisor@nimbus.demo,DINE_IN,SERVED,28000.00,5000.00,0.00,33000.00,GC-04,,"{""createdAt"": ""2026-04-28T09:45:00Z"", ""demoSource"": ""generated-pack""}"
nimbus,EVENTS_KITCHEN,ORD-EVENTS_KITCHEN-00322,supervisor@nimbus.demo,TAKEAWAY,READY,37800.00,6800.00,0.00,44600.00,,,"{""createdAt"": ""2026-04-28T07:20:00Z"", ""demoSource"": ""generated-pack""}"
nimbus,EVENTS_KITCHEN,ORD-EVENTS_KITCHEN-00323,supervisor@nimbus.demo,DINE_IN,CLOSED,300800.00,54100.00,0.00,354900.00,EV-04,,"{""createdAt"": ""2026-04-28T07:00:00Z"", ""demoSource"": ""generated-pack""}"
nimbus,EVENTS_KITCHEN,ORD-EVENTS_KITCHEN-00324,waiter@nimbus.demo,DINE_IN,CLOSED,139200.00,25100.00,0.00,164300.00,EV-08,,"{""createdAt"": ""2026-04-28T07:20:00Z"", ""demoSource"": ""generated-pack""}"
nimbus,TAPAS_DOWNTOWN,ORD-TAPAS_DOWNTOWN-00325,cashier@nimbus.demo,DINE_IN,CLOSED,133000.00,23900.00,0.00,156900.00,TD-15,,"{""createdAt"": ""2026-04-29T07:10:00Z"", ""demoSource"": ""generated-pack""}"
nimbus,TAPAS_DOWNTOWN,ORD-TAPAS_DOWNTOWN-00326,supervisor@nimbus.demo,DINE_IN,CLOSED,110000.00,19800.00,0.00,129800.00,TD-02,,"{""createdAt"": ""2026-04-29T10:10:00Z"", ""demoSource"": ""generated-pack""}"
nimbus,TAPAS_DOWNTOWN,ORD-TAPAS_DOWNTOWN-00327,supervisor@nimbus.demo,TAKEAWAY,CLOSED,124000.00,22300.00,0.00,146300.00,,,"{""createdAt"": ""2026-04-29T15:00:00Z"", ""demoSource"": ""generated-pack""}"
nimbus,TAPAS_DOWNTOWN,ORD-TAPAS_DOWNTOWN-00328,cashier@nimbus.demo,TAKEAWAY,CLOSED,66000.00,11900.00,0.00,77900.00,,,"{""createdAt"": ""2026-04-29T10:20:00Z"", ""demoSource"": ""generated-pack""}"
nimbus,ROOFTOP_BAR,ORD-ROOFTOP_BAR-00329,supervisor@nimbus.demo,DINE_IN,SERVED,108100.00,19500.00,0.00,127600.00,RB-09,,"{""createdAt"": ""2026-04-29T15:10:00Z"", ""demoSource"": ""generated-pack""}"
nimbus,ROOFTOP_BAR,ORD-ROOFTOP_BAR-00330,waiter@nimbus.demo,DINE_IN,CLOSED,136600.00,24600.00,0.00,161200.00,RB-03,,"{""createdAt"": ""2026-04-29T17:10:00Z"", ""demoSource"": ""generated-pack""}"
nimbus,ROOFTOP_BAR,ORD-ROOFTOP_BAR-00331,supervisor@nimbus.demo,TAKEAWAY,SENT,26800.00,4600.00,1300.00,30100.00,,,"{""createdAt"": ""2026-04-29T10:20:00Z"", ""demoSource"": ""generated-pack""}"
nimbus,ROOFTOP_BAR,ORD-ROOFTOP_BAR-00332,supervisor@nimbus.demo,DINE_IN,CLOSED,60600.00,10900.00,0.00,71500.00,RB-11,,"{""createdAt"": ""2026-04-29T07:45:00Z"", ""demoSource"": ""generated-pack""}"
nimbus,GARDEN_CAFE,ORD-GARDEN_CAFE-00333,waiter@nimbus.demo,DINE_IN,CLOSED,242400.00,43600.00,0.00,286000.00,GC-12,,"{""createdAt"": ""2026-04-29T09:10:00Z"", ""demoSource"": ""generated-pack""}"
nimbus,GARDEN_CAFE,ORD-GARDEN_CAFE-00334,cashier@nimbus.demo,DINE_IN,CLOSED,96500.00,17400.00,0.00,113900.00,GC-07,,"{""createdAt"": ""2026-04-29T09:00:00Z"", ""demoSource"": ""generated-pack""}"
nimbus,GARDEN_CAFE,ORD-GARDEN_CAFE-00335,cashier@nimbus.demo,DINE_IN,SENT,135700.00,24400.00,0.00,160100.00,GC-12,,"{""createdAt"": ""2026-04-29T09:30:00Z"", ""demoSource"": ""generated-pack""}"
nimbus,GARDEN_CAFE,ORD-GARDEN_CAFE-00336,waiter@nimbus.demo,DINE_IN,CLOSED,169200.00,28900.00,8500.00,189600.00,GC-12,,"{""createdAt"": ""2026-04-29T09:45:00Z"", ""demoSource"": ""generated-pack""}"
nimbus,EVENTS_KITCHEN,ORD-EVENTS_KITCHEN-00337,cashier@nimbus.demo,TAKEAWAY,CLOSED,233800.00,42100.00,0.00,275900.00,,,"{""createdAt"": ""2026-04-29T15:00:00Z"", ""demoSource"": ""generated-pack""}"
nimbus,EVENTS_KITCHEN,ORD-EVENTS_KITCHEN-00338,cashier@nimbus.demo,DINE_IN,CLOSED,312200.00,56200.00,0.00,368400.00,EV-08,,"{""createdAt"": ""2026-04-29T15:10:00Z"", ""demoSource"": ""generated-pack""}"
nimbus,EVENTS_KITCHEN,ORD-EVENTS_KITCHEN-00339,cashier@nimbus.demo,DINE_IN,CLOSED,103800.00,17700.00,5200.00,116300.00,EV-11,,"{""createdAt"": ""2026-04-29T17:45:00Z"", ""demoSource"": ""generated-pack""}"
nimbus,EVENTS_KITCHEN,ORD-EVENTS_KITCHEN-00340,supervisor@nimbus.demo,TAKEAWAY,SERVED,188800.00,34000.00,0.00,222800.00,,,"{""createdAt"": ""2026-04-29T17:10:00Z"", ""demoSource"": ""generated-pack""}"
nimbus,TAPAS_DOWNTOWN,ORD-TAPAS_DOWNTOWN-00341,waiter@nimbus.demo,DINE_IN,CLOSED,144000.00,25900.00,0.00,169900.00,TD-19,,"{""createdAt"": ""2026-04-30T09:20:00Z"", ""demoSource"": ""generated-pack""}"
nimbus,TAPAS_DOWNTOWN,ORD-TAPAS_DOWNTOWN-00342,cashier@nimbus.demo,TAKEAWAY,CLOSED,69000.00,12400.00,0.00,81400.00,,,"{""createdAt"": ""2026-04-30T17:30:00Z"", ""demoSource"": ""generated-pack""}"
nimbus,TAPAS_DOWNTOWN,ORD-TAPAS_DOWNTOWN-00343,waiter@nimbus.demo,DINE_IN,CLOSED,94000.00,16100.00,4700.00,105400.00,TD-12,,"{""createdAt"": ""2026-04-30T09:00:00Z"", ""demoSource"": ""generated-pack""}"
nimbus,TAPAS_DOWNTOWN,ORD-TAPAS_DOWNTOWN-00344,cashier@nimbus.demo,DINE_IN,READY,194000.00,34900.00,0.00,228900.00,TD-08,,"{""createdAt"": ""2026-04-30T09:20:00Z"", ""demoSource"": ""generated-pack""}"
nimbus,TAPAS_DOWNTOWN,ORD-TAPAS_DOWNTOWN-00345,waiter@nimbus.demo,DINE_IN,CLOSED,248000.00,44600.00,0.00,292600.00,TD-08,,"{""createdAt"": ""2026-04-30T07:10:00Z"", ""demoSource"": ""generated-pack""}"
nimbus,ROOFTOP_BAR,ORD-ROOFTOP_BAR-00346,cashier@nimbus.demo,DINE_IN,CLOSED,159700.00,28700.00,0.00,188400.00,RB-10,,"{""createdAt"": ""2026-04-30T09:00:00Z"", ""demoSource"": ""generated-pack""}"
nimbus,ROOFTOP_BAR,ORD-ROOFTOP_BAR-00347,supervisor@nimbus.demo,TAKEAWAY,CLOSED,200800.00,36100.00,0.00,236900.00,,,"{""createdAt"": ""2026-04-30T07:30:00Z"", ""demoSource"": ""generated-pack""}"
nimbus,ROOFTOP_BAR,ORD-ROOFTOP_BAR-00348,supervisor@nimbus.demo,DINE_IN,CLOSED,166400.00,30000.00,0.00,196400.00,RB-12,,"{""createdAt"": ""2026-04-30T09:00:00Z"", ""demoSource"": ""generated-pack""}"
nimbus,ROOFTOP_BAR,ORD-ROOFTOP_BAR-00349,cashier@nimbus.demo,DINE_IN,CLOSED,96000.00,17300.00,0.00,113300.00,RB-11,,"{""createdAt"": ""2026-04-30T10:20:00Z"", ""demoSource"": ""generated-pack""}"
nimbus,ROOFTOP_BAR,ORD-ROOFTOP_BAR-00350,waiter@nimbus.demo,DINE_IN,CLOSED,45400.00,7800.00,2300.00,50900.00,RB-07,,"{""createdAt"": ""2026-04-30T17:30:00Z"", ""demoSource"": ""generated-pack""}"
nimbus,GARDEN_CAFE,ORD-GARDEN_CAFE-00351,cashier@nimbus.demo,TAKEAWAY,SERVED,290800.00,52300.00,0.00,343100.00,,,"{""createdAt"": ""2026-04-30T07:45:00Z"", ""demoSource"": ""generated-pack""}"
nimbus,GARDEN_CAFE,ORD-GARDEN_CAFE-00352,waiter@nimbus.demo,DINE_IN,CLOSED,33000.00,5900.00,0.00,38900.00,GC-04,,"{""createdAt"": ""2026-04-30T07:20:00Z"", ""demoSource"": ""generated-pack""}"
nimbus,GARDEN_CAFE,ORD-GARDEN_CAFE-00353,waiter@nimbus.demo,DINE_IN,CLOSED,60600.00,10900.00,0.00,71500.00,GC-17,,"{""createdAt"": ""2026-04-30T17:00:00Z"", ""demoSource"": ""generated-pack""}"
nimbus,GARDEN_CAFE,ORD-GARDEN_CAFE-00354,waiter@nimbus.demo,DINE_IN,CLOSED,152800.00,27500.00,0.00,180300.00,GC-04,,"{""createdAt"": ""2026-04-30T09:00:00Z"", ""demoSource"": ""generated-pack""}"
nimbus,GARDEN_CAFE,ORD-GARDEN_CAFE-00355,waiter@nimbus.demo,DINE_IN,CLOSED,41400.00,7100.00,2100.00,46400.00,GC-10,,"{""createdAt"": ""2026-04-30T10:20:00Z"", ""demoSource"": ""generated-pack""}"
nimbus,EVENTS_KITCHEN,ORD-EVENTS_KITCHEN-00356,waiter@nimbus.demo,TAKEAWAY,CLOSED,396600.00,71400.00,0.00,468000.00,,,"{""createdAt"": ""2026-04-30T07:00:00Z"", ""demoSource"": ""generated-pack""}"
nimbus,EVENTS_KITCHEN,ORD-EVENTS_KITCHEN-00357,waiter@nimbus.demo,TAKEAWAY,CLOSED,98600.00,16900.00,4900.00,110600.00,,,"{""createdAt"": ""2026-04-30T09:20:00Z"", ""demoSource"": ""generated-pack""}"
nimbus,EVENTS_KITCHEN,ORD-EVENTS_KITCHEN-00358,supervisor@nimbus.demo,DINE_IN,NEW,212800.00,38300.00,0.00,251100.00,EV-09,,"{""createdAt"": ""2026-04-30T15:10:00Z"", ""demoSource"": ""generated-pack""}"
nimbus,EVENTS_KITCHEN,ORD-EVENTS_KITCHEN-00359,cashier@nimbus.demo,DINE_IN,CLOSED,209900.00,37800.00,0.00,247700.00,EV-09,,"{""createdAt"": ""2026-04-30T07:30:00Z"", ""demoSource"": ""generated-pack""}"
nimbus,EVENTS_KITCHEN,ORD-EVENTS_KITCHEN-00360,supervisor@nimbus.demo,DINE_IN,CLOSED,124400.00,22400.00,0.00,146800.00,EV-04,,"{""createdAt"": ""2026-04-30T07:10:00Z"", ""demoSource"": ""generated-pack""}"
nimbus,TAPAS_DOWNTOWN,ORD-TAPAS_DOWNTOWN-00361,waiter@nimbus.demo,DINE_IN,CLOSED,184000.00,33100.00,0.00,217100.00,TD-08,,"{""createdAt"": ""2026-05-01T17:45:00Z"", ""demoSource"": ""generated-pack""}"
nimbus,ROOFTOP_BAR,ORD-ROOFTOP_BAR-00362,cashier@nimbus.demo,TAKEAWAY,READY,58200.00,10500.00,0.00,68700.00,,,"{""createdAt"": ""2026-05-01T07:10:00Z"", ""demoSource"": ""generated-pack""}"
nimbus,GARDEN_CAFE,ORD-GARDEN_CAFE-00363,waiter@nimbus.demo,DINE_IN,SERVED,39600.00,7100.00,0.00,46700.00,GC-18,,"{""createdAt"": ""2026-05-01T10:20:00Z"", ""demoSource"": ""generated-pack""}"
nimbus,EVENTS_KITCHEN,ORD-EVENTS_KITCHEN-00364,cashier@nimbus.demo,DINE_IN,SERVED,152300.00,27400.00,0.00,179700.00,EV-10,,"{""createdAt"": ""2026-05-01T17:00:00Z"", ""demoSource"": ""generated-pack""}"
nimbus,TAPAS_DOWNTOWN,ORD-TAPAS_DOWNTOWN-00365,supervisor@nimbus.demo,DINE_IN,SENT,196000.00,35300.00,0.00,231300.00,TD-06,,"{""createdAt"": ""2026-05-02T09:45:00Z"", ""demoSource"": ""generated-pack""}"
nimbus,TAPAS_DOWNTOWN,ORD-TAPAS_DOWNTOWN-00366,waiter@nimbus.demo,DINE_IN,CLOSED,268000.00,48200.00,0.00,316200.00,TD-21,,"{""createdAt"": ""2026-05-02T15:20:00Z"", ""demoSource"": ""generated-pack""}"
nimbus,ROOFTOP_BAR,ORD-ROOFTOP_BAR-00367,waiter@nimbus.demo,TAKEAWAY,CLOSED,49300.00,8900.00,0.00,58200.00,,,"{""createdAt"": ""2026-05-02T10:20:00Z"", ""demoSource"": ""generated-pack""}"
nimbus,ROOFTOP_BAR,ORD-ROOFTOP_BAR-00368,waiter@nimbus.demo,DINE_IN,CLOSED,28000.00,5000.00,0.00,33000.00,RB-11,,"{""createdAt"": ""2026-05-02T07:10:00Z"", ""demoSource"": ""generated-pack""}"
nimbus,GARDEN_CAFE,ORD-GARDEN_CAFE-00369,waiter@nimbus.demo,DINE_IN,SENT,195900.00,35300.00,0.00,231200.00,GC-03,,"{""createdAt"": ""2026-05-02T17:20:00Z"", ""demoSource"": ""generated-pack""}"
nimbus,GARDEN_CAFE,ORD-GARDEN_CAFE-00370,supervisor@nimbus.demo,TAKEAWAY,CLOSED,294200.00,53000.00,0.00,347200.00,,,"{""createdAt"": ""2026-05-02T07:00:00Z"", ""demoSource"": ""generated-pack""}"
nimbus,EVENTS_KITCHEN,ORD-EVENTS_KITCHEN-00371,cashier@nimbus.demo,TAKEAWAY,SENT,178500.00,32100.00,0.00,210600.00,,,"{""createdAt"": ""2026-05-02T09:30:00Z"", ""demoSource"": ""generated-pack""}"
nimbus,EVENTS_KITCHEN,ORD-EVENTS_KITCHEN-00372,waiter@nimbus.demo,TAKEAWAY,SENT,46100.00,7900.00,2300.00,51700.00,,,"{""createdAt"": ""2026-05-02T15:10:00Z"", ""demoSource"": ""generated-pack""}"
nimbus,TAPAS_DOWNTOWN,ORD-TAPAS_DOWNTOWN-00373,cashier@nimbus.demo,TAKEAWAY,CLOSED,160000.00,28800.00,0.00,188800.00,,,"{""createdAt"": ""2026-05-03T15:00:00Z"", ""demoSource"": ""generated-pack""}"
nimbus,TAPAS_DOWNTOWN,ORD-TAPAS_DOWNTOWN-00374,cashier@nimbus.demo,DINE_IN,SERVED,96000.00,17300.00,0.00,113300.00,TD-13,,"{""createdAt"": ""2026-05-03T17:10:00Z"", ""demoSource"": ""generated-pack""}"
nimbus,TAPAS_DOWNTOWN,ORD-TAPAS_DOWNTOWN-00375,cashier@nimbus.demo,DINE_IN,CLOSED,272000.00,49000.00,0.00,321000.00,TD-05,,"{""createdAt"": ""2026-05-03T07:10:00Z"", ""demoSource"": ""generated-pack""}"
nimbus,ROOFTOP_BAR,ORD-ROOFTOP_BAR-00376,cashier@nimbus.demo,DINE_IN,CLOSED,154500.00,27800.00,0.00,182300.00,RB-14,,"{""createdAt"": ""2026-05-03T17:30:00Z"", ""demoSource"": ""generated-pack""}"
nimbus,ROOFTOP_BAR,ORD-ROOFTOP_BAR-00377,supervisor@nimbus.demo,DINE_IN,READY,80700.00,14500.00,0.00,95200.00,RB-16,,"{""createdAt"": ""2026-05-03T07:00:00Z"", ""demoSource"": ""generated-pack""}"
nimbus,ROOFTOP_BAR,ORD-ROOFTOP_BAR-00378,supervisor@nimbus.demo,TAKEAWAY,SENT,69400.00,12500.00,0.00,81900.00,,,"{""createdAt"": ""2026-05-03T07:10:00Z"", ""demoSource"": ""generated-pack""}"
nimbus,GARDEN_CAFE,ORD-GARDEN_CAFE-00379,waiter@nimbus.demo,DINE_IN,CLOSED,40500.00,7300.00,0.00,47800.00,GC-09,,"{""createdAt"": ""2026-05-03T07:45:00Z"", ""demoSource"": ""generated-pack""}"
nimbus,GARDEN_CAFE,ORD-GARDEN_CAFE-00380,waiter@nimbus.demo,DINE_IN,CLOSED,25800.00,4600.00,0.00,30400.00,GC-01,,"{""createdAt"": ""2026-05-03T07:30:00Z"", ""demoSource"": ""generated-pack""}"
nimbus,GARDEN_CAFE,ORD-GARDEN_CAFE-00381,cashier@nimbus.demo,TAKEAWAY,SENT,224600.00,40400.00,0.00,265000.00,,,"{""createdAt"": ""2026-05-03T10:10:00Z"", ""demoSource"": ""generated-pack""}"
nimbus,EVENTS_KITCHEN,ORD-EVENTS_KITCHEN-00382,supervisor@nimbus.demo,DINE_IN,CLOSED,85000.00,14500.00,4200.00,95300.00,EV-04,,"{""createdAt"": ""2026-05-03T07:20:00Z"", ""demoSource"": ""generated-pack""}"
nimbus,EVENTS_KITCHEN,ORD-EVENTS_KITCHEN-00383,supervisor@nimbus.demo,TAKEAWAY,CLOSED,226000.00,40700.00,0.00,266700.00,,,"{""createdAt"": ""2026-05-03T09:30:00Z"", ""demoSource"": ""generated-pack""}"
nimbus,EVENTS_KITCHEN,ORD-EVENTS_KITCHEN-00384,cashier@nimbus.demo,DINE_IN,SERVED,120500.00,21700.00,0.00,142200.00,EV-08,,"{""createdAt"": ""2026-05-03T07:45:00Z"", ""demoSource"": ""generated-pack""}"
nimbus,TAPAS_DOWNTOWN,ORD-TAPAS_DOWNTOWN-00385,cashier@nimbus.demo,DINE_IN,NEW,114000.00,20500.00,0.00,134500.00,TD-13,,"{""createdAt"": ""2026-05-04T15:10:00Z"", ""demoSource"": ""generated-pack""}"
nimbus,TAPAS_DOWNTOWN,ORD-TAPAS_DOWNTOWN-00386,cashier@nimbus.demo,TAKEAWAY,CLOSED,47000.00,8500.00,0.00,55500.00,,,"{""createdAt"": ""2026-05-04T10:20:00Z"", ""demoSource"": ""generated-pack""}"
nimbus,TAPAS_DOWNTOWN,ORD-TAPAS_DOWNTOWN-00387,cashier@nimbus.demo,DINE_IN,NEW,42000.00,7600.00,0.00,49600.00,TD-10,,"{""createdAt"": ""2026-05-04T09:00:00Z"", ""demoSource"": ""generated-pack""}"
nimbus,TAPAS_DOWNTOWN,ORD-TAPAS_DOWNTOWN-00388,supervisor@nimbus.demo,TAKEAWAY,CLOSED,56000.00,10100.00,0.00,66100.00,,,"{""createdAt"": ""2026-05-04T09:45:00Z"", ""demoSource"": ""generated-pack""}"
nimbus,ROOFTOP_BAR,ORD-ROOFTOP_BAR-00389,waiter@nimbus.demo,DINE_IN,SENT,127100.00,22900.00,0.00,150000.00,RB-14,,"{""createdAt"": ""2026-05-04T17:20:00Z"", ""demoSource"": ""generated-pack""}"
nimbus,ROOFTOP_BAR,ORD-ROOFTOP_BAR-00390,waiter@nimbus.demo,TAKEAWAY,NEW,126400.00,22800.00,0.00,149200.00,,,"{""createdAt"": ""2026-05-04T15:00:00Z"", ""demoSource"": ""generated-pack""}"
nimbus,ROOFTOP_BAR,ORD-ROOFTOP_BAR-00391,cashier@nimbus.demo,DINE_IN,CLOSED,109700.00,19700.00,0.00,129400.00,RB-04,,"{""createdAt"": ""2026-05-04T15:10:00Z"", ""demoSource"": ""generated-pack""}"
nimbus,ROOFTOP_BAR,ORD-ROOFTOP_BAR-00392,cashier@nimbus.demo,TAKEAWAY,CLOSED,32000.00,5500.00,1600.00,35900.00,,,"{""createdAt"": ""2026-05-04T07:20:00Z"", ""demoSource"": ""generated-pack""}"
nimbus,GARDEN_CAFE,ORD-GARDEN_CAFE-00393,cashier@nimbus.demo,DINE_IN,CLOSED,28000.00,5000.00,0.00,33000.00,GC-04,,"{""createdAt"": ""2026-05-04T15:20:00Z"", ""demoSource"": ""generated-pack""}"
nimbus,GARDEN_CAFE,ORD-GARDEN_CAFE-00394,waiter@nimbus.demo,DINE_IN,CLOSED,90900.00,16400.00,0.00,107300.00,GC-07,,"{""createdAt"": ""2026-05-04T15:00:00Z"", ""demoSource"": ""generated-pack""}"
nimbus,GARDEN_CAFE,ORD-GARDEN_CAFE-00395,supervisor@nimbus.demo,DINE_IN,SERVED,156500.00,28200.00,0.00,184700.00,GC-13,,"{""createdAt"": ""2026-05-04T09:20:00Z"", ""demoSource"": ""generated-pack""}"
nimbus,GARDEN_CAFE,ORD-GARDEN_CAFE-00396,cashier@nimbus.demo,DINE_IN,CLOSED,269700.00,46100.00,13500.00,302300.00,GC-16,,"{""createdAt"": ""2026-05-04T09:20:00Z"", ""demoSource"": ""generated-pack""}"
nimbus,EVENTS_KITCHEN,ORD-EVENTS_KITCHEN-00397,waiter@nimbus.demo,DINE_IN,SERVED,138400.00,24900.00,0.00,163300.00,EV-12,,"{""createdAt"": ""2026-05-04T10:30:00Z"", ""demoSource"": ""generated-pack""}"
nimbus,EVENTS_KITCHEN,ORD-EVENTS_KITCHEN-00398,waiter@nimbus.demo,DINE_IN,CLOSED,164600.00,29600.00,0.00,194200.00,EV-02,,"{""createdAt"": ""2026-05-04T17:00:00Z"", ""demoSource"": ""generated-pack""}"
nimbus,EVENTS_KITCHEN,ORD-EVENTS_KITCHEN-00399,cashier@nimbus.demo,DINE_IN,READY,11800.00,2100.00,0.00,13900.00,EV-03,,"{""createdAt"": ""2026-05-04T15:45:00Z"", ""demoSource"": ""generated-pack""}"
nimbus,EVENTS_KITCHEN,ORD-EVENTS_KITCHEN-00400,waiter@nimbus.demo,DINE_IN,SERVED,48500.00,8700.00,0.00,57200.00,EV-01,,"{""createdAt"": ""2026-05-04T17:30:00Z"", ""demoSource"": ""generated-pack""}"
nimbus,TAPAS_DOWNTOWN,ORD-TAPAS_DOWNTOWN-00401,waiter@nimbus.demo,DINE_IN,CLOSED,56000.00,9600.00,2800.00,62800.00,TD-18,,"{""createdAt"": ""2026-05-05T09:10:00Z"", ""demoSource"": ""generated-pack""}"
nimbus,TAPAS_DOWNTOWN,ORD-TAPAS_DOWNTOWN-00402,cashier@nimbus.demo,DINE_IN,CLOSED,177000.00,31900.00,0.00,208900.00,TD-17,,"{""createdAt"": ""2026-05-05T10:00:00Z"", ""demoSource"": ""generated-pack""}"
nimbus,TAPAS_DOWNTOWN,ORD-TAPAS_DOWNTOWN-00403,supervisor@nimbus.demo,DINE_IN,CLOSED,144000.00,25900.00,0.00,169900.00,TD-17,,"{""createdAt"": ""2026-05-05T17:10:00Z"", ""demoSource"": ""generated-pack""}"
nimbus,TAPAS_DOWNTOWN,ORD-TAPAS_DOWNTOWN-00404,waiter@nimbus.demo,DINE_IN,CLOSED,9000.00,1600.00,0.00,10600.00,TD-07,,"{""createdAt"": ""2026-05-05T07:30:00Z"", ""demoSource"": ""generated-pack""}"
nimbus,TAPAS_DOWNTOWN,ORD-TAPAS_DOWNTOWN-00405,waiter@nimbus.demo,DINE_IN,CLOSED,294000.00,52900.00,0.00,346900.00,TD-04,,"{""createdAt"": ""2026-05-05T10:00:00Z"", ""demoSource"": ""generated-pack""}"
nimbus,ROOFTOP_BAR,ORD-ROOFTOP_BAR-00406,supervisor@nimbus.demo,DINE_IN,CLOSED,164000.00,29500.00,0.00,193500.00,RB-12,,"{""createdAt"": ""2026-05-05T15:10:00Z"", ""demoSource"": ""generated-pack""}"
nimbus,ROOFTOP_BAR,ORD-ROOFTOP_BAR-00407,supervisor@nimbus.demo,DINE_IN,CLOSED,183800.00,33100.00,0.00,216900.00,RB-07,,"{""createdAt"": ""2026-05-05T10:00:00Z"", ""demoSource"": ""generated-pack""}"
nimbus,ROOFTOP_BAR,ORD-ROOFTOP_BAR-00408,supervisor@nimbus.demo,DINE_IN,READY,132600.00,23900.00,0.00,156500.00,RB-03,,"{""createdAt"": ""2026-05-05T07:45:00Z"", ""demoSource"": ""generated-pack""}"
nimbus,ROOFTOP_BAR,ORD-ROOFTOP_BAR-00409,waiter@nimbus.demo,TAKEAWAY,CLOSED,148500.00,26700.00,0.00,175200.00,,,"{""createdAt"": ""2026-05-05T07:30:00Z"", ""demoSource"": ""generated-pack""}"
nimbus,ROOFTOP_BAR,ORD-ROOFTOP_BAR-00410,supervisor@nimbus.demo,DINE_IN,CLOSED,35800.00,6400.00,0.00,42200.00,RB-07,,"{""createdAt"": ""2026-05-05T10:45:00Z"", ""demoSource"": ""generated-pack""}"
nimbus,GARDEN_CAFE,ORD-GARDEN_CAFE-00411,supervisor@nimbus.demo,DINE_IN,CLOSED,99400.00,17000.00,5000.00,111400.00,GC-16,,"{""createdAt"": ""2026-05-05T15:20:00Z"", ""demoSource"": ""generated-pack""}"
nimbus,GARDEN_CAFE,ORD-GARDEN_CAFE-00412,supervisor@nimbus.demo,DINE_IN,SERVED,24000.00,4300.00,0.00,28300.00,GC-04,,"{""createdAt"": ""2026-05-05T10:10:00Z"", ""demoSource"": ""generated-pack""}"
nimbus,GARDEN_CAFE,ORD-GARDEN_CAFE-00413,cashier@nimbus.demo,DINE_IN,CLOSED,28000.00,5000.00,0.00,33000.00,GC-18,,"{""createdAt"": ""2026-05-05T10:10:00Z"", ""demoSource"": ""generated-pack""}"
nimbus,GARDEN_CAFE,ORD-GARDEN_CAFE-00414,waiter@nimbus.demo,DINE_IN,CLOSED,253300.00,45600.00,0.00,298900.00,GC-04,,"{""createdAt"": ""2026-05-05T09:30:00Z"", ""demoSource"": ""generated-pack""}"
nimbus,GARDEN_CAFE,ORD-GARDEN_CAFE-00415,cashier@nimbus.demo,DINE_IN,CLOSED,62400.00,11200.00,0.00,73600.00,GC-03,,"{""createdAt"": ""2026-05-05T07:30:00Z"", ""demoSource"": ""generated-pack""}"
nimbus,EVENTS_KITCHEN,ORD-EVENTS_KITCHEN-00416,waiter@nimbus.demo,DINE_IN,CLOSED,59400.00,10700.00,0.00,70100.00,EV-03,,"{""createdAt"": ""2026-05-05T09:30:00Z"", ""demoSource"": ""generated-pack""}"
nimbus,EVENTS_KITCHEN,ORD-EVENTS_KITCHEN-00417,supervisor@nimbus.demo,TAKEAWAY,CLOSED,92000.00,16600.00,0.00,108600.00,,,"{""createdAt"": ""2026-05-05T10:45:00Z"", ""demoSource"": ""generated-pack""}"
nimbus,EVENTS_KITCHEN,ORD-EVENTS_KITCHEN-00418,waiter@nimbus.demo,DINE_IN,SERVED,121500.00,21900.00,0.00,143400.00,EV-09,,"{""createdAt"": ""2026-05-05T10:20:00Z"", ""demoSource"": ""generated-pack""}"
nimbus,EVENTS_KITCHEN,ORD-EVENTS_KITCHEN-00419,waiter@nimbus.demo,TAKEAWAY,CLOSED,159300.00,28700.00,0.00,188000.00,,,"{""createdAt"": ""2026-05-05T17:45:00Z"", ""demoSource"": ""generated-pack""}"
nimbus,EVENTS_KITCHEN,ORD-EVENTS_KITCHEN-00420,cashier@nimbus.demo,DINE_IN,CLOSED,191500.00,34500.00,0.00,226000.00,EV-02,,"{""createdAt"": ""2026-05-05T17:30:00Z"", ""demoSource"": ""generated-pack""}"
nimbus,TAPAS_DOWNTOWN,ORD-TAPAS_DOWNTOWN-00421,waiter@nimbus.demo,DINE_IN,NEW,24000.00,4300.00,0.00,28300.00,TD-16,,"{""createdAt"": ""2026-05-06T15:10:00Z"", ""demoSource"": ""generated-pack""}"
nimbus,ROOFTOP_BAR,ORD-ROOFTOP_BAR-00422,waiter@nimbus.demo,DINE_IN,CLOSED,84000.00,15100.00,0.00,99100.00,RB-13,,"{""createdAt"": ""2026-05-06T10:20:00Z"", ""demoSource"": ""generated-pack""}"
nimbus,GARDEN_CAFE,ORD-GARDEN_CAFE-00423,waiter@nimbus.demo,DINE_IN,CLOSED,79800.00,13600.00,4000.00,89400.00,GC-18,,"{""createdAt"": ""2026-05-06T09:20:00Z"", ""demoSource"": ""generated-pack""}"
nimbus,EVENTS_KITCHEN,ORD-EVENTS_KITCHEN-00424,cashier@nimbus.demo,DINE_IN,CLOSED,92000.00,16600.00,0.00,108600.00,EV-11,,"{""createdAt"": ""2026-05-06T10:00:00Z"", ""demoSource"": ""generated-pack""}"
nimbus,TAPAS_DOWNTOWN,ORD-TAPAS_DOWNTOWN-00425,supervisor@nimbus.demo,DINE_IN,CLOSED,64000.00,11500.00,0.00,75500.00,TD-14,,"{""createdAt"": ""2026-05-07T15:00:00Z"", ""demoSource"": ""generated-pack""}"
nimbus,TAPAS_DOWNTOWN,ORD-TAPAS_DOWNTOWN-00426,supervisor@nimbus.demo,DINE_IN,NEW,360000.00,64800.00,0.00,424800.00,TD-12,,"{""createdAt"": ""2026-05-07T07:45:00Z"", ""demoSource"": ""generated-pack""}"
nimbus,ROOFTOP_BAR,ORD-ROOFTOP_BAR-00427,cashier@nimbus.demo,DINE_IN,SERVED,282200.00,48300.00,14100.00,316400.00,RB-14,,"{""createdAt"": ""2026-05-07T10:30:00Z"", ""demoSource"": ""generated-pack""}"
nimbus,ROOFTOP_BAR,ORD-ROOFTOP_BAR-00428,cashier@nimbus.demo,DINE_IN,SENT,247800.00,44600.00,0.00,292400.00,RB-06,,"{""createdAt"": ""2026-05-07T10:30:00Z"", ""demoSource"": ""generated-pack""}"
nimbus,GARDEN_CAFE,ORD-GARDEN_CAFE-00429,cashier@nimbus.demo,TAKEAWAY,NEW,104900.00,18900.00,0.00,123800.00,,,"{""createdAt"": ""2026-05-07T15:30:00Z"", ""demoSource"": ""generated-pack""}"
nimbus,GARDEN_CAFE,ORD-GARDEN_CAFE-00430,waiter@nimbus.demo,DINE_IN,CLOSED,138900.00,23800.00,6900.00,155800.00,GC-15,,"{""createdAt"": ""2026-05-07T07:00:00Z"", ""demoSource"": ""generated-pack""}"
nimbus,EVENTS_KITCHEN,ORD-EVENTS_KITCHEN-00431,cashier@nimbus.demo,TAKEAWAY,CLOSED,16500.00,3000.00,0.00,19500.00,,,"{""createdAt"": ""2026-05-07T10:30:00Z"", ""demoSource"": ""generated-pack""}"
nimbus,EVENTS_KITCHEN,ORD-EVENTS_KITCHEN-00432,cashier@nimbus.demo,DINE_IN,CLOSED,121000.00,21800.00,0.00,142800.00,EV-04,,"{""createdAt"": ""2026-05-07T07:10:00Z"", ""demoSource"": ""generated-pack""}"
nimbus,TAPAS_DOWNTOWN,ORD-TAPAS_DOWNTOWN-00433,waiter@nimbus.demo,DINE_IN,READY,106000.00,19100.00,0.00,125100.00,TD-20,,"{""createdAt"": ""2026-05-08T10:30:00Z"", ""demoSource"": ""generated-pack""}"
nimbus,TAPAS_DOWNTOWN,ORD-TAPAS_DOWNTOWN-00434,cashier@nimbus.demo,DINE_IN,CLOSED,40000.00,6800.00,2000.00,44800.00,TD-22,,"{""createdAt"": ""2026-05-08T07:45:00Z"", ""demoSource"": ""generated-pack""}"
nimbus,TAPAS_DOWNTOWN,ORD-TAPAS_DOWNTOWN-00435,waiter@nimbus.demo,TAKEAWAY,READY,42000.00,7600.00,0.00,49600.00,,,"{""createdAt"": ""2026-05-08T09:20:00Z"", ""demoSource"": ""generated-pack""}"
nimbus,ROOFTOP_BAR,ORD-ROOFTOP_BAR-00436,waiter@nimbus.demo,TAKEAWAY,CLOSED,48200.00,8200.00,2400.00,54000.00,,,"{""createdAt"": ""2026-05-08T07:45:00Z"", ""demoSource"": ""generated-pack""}"
nimbus,ROOFTOP_BAR,ORD-ROOFTOP_BAR-00437,supervisor@nimbus.demo,DINE_IN,CLOSED,53800.00,9700.00,0.00,63500.00,RB-05,,"{""createdAt"": ""2026-05-08T17:00:00Z"", ""demoSource"": ""generated-pack""}"
nimbus,ROOFTOP_BAR,ORD-ROOFTOP_BAR-00438,supervisor@nimbus.demo,DINE_IN,NEW,91700.00,16500.00,0.00,108200.00,RB-07,,"{""createdAt"": ""2026-05-08T10:45:00Z"", ""demoSource"": ""generated-pack""}"
nimbus,GARDEN_CAFE,ORD-GARDEN_CAFE-00439,waiter@nimbus.demo,DINE_IN,READY,49800.00,9000.00,0.00,58800.00,GC-11,,"{""createdAt"": ""2026-05-08T09:30:00Z"", ""demoSource"": ""generated-pack""}"
nimbus,GARDEN_CAFE,ORD-GARDEN_CAFE-00440,waiter@nimbus.demo,DINE_IN,CLOSED,25800.00,4600.00,0.00,30400.00,GC-12,,"{""createdAt"": ""2026-05-08T07:20:00Z"", ""demoSource"": ""generated-pack""}"
nimbus,GARDEN_CAFE,ORD-GARDEN_CAFE-00441,waiter@nimbus.demo,TAKEAWAY,CLOSED,122700.00,22100.00,0.00,144800.00,,,"{""createdAt"": ""2026-05-08T15:10:00Z"", ""demoSource"": ""generated-pack""}"
nimbus,EVENTS_KITCHEN,ORD-EVENTS_KITCHEN-00442,supervisor@nimbus.demo,DINE_IN,READY,116100.00,20900.00,0.00,137000.00,EV-11,,"{""createdAt"": ""2026-05-08T09:00:00Z"", ""demoSource"": ""generated-pack""}"
nimbus,EVENTS_KITCHEN,ORD-EVENTS_KITCHEN-00443,supervisor@nimbus.demo,DINE_IN,NEW,219500.00,39500.00,0.00,259000.00,EV-12,,"{""createdAt"": ""2026-05-08T09:45:00Z"", ""demoSource"": ""generated-pack""}"
nimbus,EVENTS_KITCHEN,ORD-EVENTS_KITCHEN-00444,cashier@nimbus.demo,DINE_IN,CLOSED,132300.00,23800.00,0.00,156100.00,EV-11,,"{""createdAt"": ""2026-05-08T15:45:00Z"", ""demoSource"": ""generated-pack""}"
nimbus,TAPAS_DOWNTOWN,ORD-TAPAS_DOWNTOWN-00445,supervisor@nimbus.demo,DINE_IN,CLOSED,60000.00,10300.00,3000.00,67300.00,TD-02,,"{""createdAt"": ""2026-05-09T09:45:00Z"", ""demoSource"": ""generated-pack""}"
nimbus,TAPAS_DOWNTOWN,ORD-TAPAS_DOWNTOWN-00446,supervisor@nimbus.demo,DINE_IN,CLOSED,159000.00,28600.00,0.00,187600.00,TD-09,,"{""createdAt"": ""2026-05-09T09:20:00Z"", ""demoSource"": ""generated-pack""}"
nimbus,TAPAS_DOWNTOWN,ORD-TAPAS_DOWNTOWN-00447,waiter@nimbus.demo,DINE_IN,CLOSED,76000.00,13700.00,0.00,89700.00,TD-08,,"{""createdAt"": ""2026-05-09T09:00:00Z"", ""demoSource"": ""generated-pack""}"
nimbus,TAPAS_DOWNTOWN,ORD-TAPAS_DOWNTOWN-00448,supervisor@nimbus.demo,TAKEAWAY,CLOSED,140000.00,25200.00,0.00,165200.00,,,"{""createdAt"": ""2026-05-09T09:10:00Z"", ""demoSource"": ""generated-pack""}"
nimbus,ROOFTOP_BAR,ORD-ROOFTOP_BAR-00449,supervisor@nimbus.demo,DINE_IN,SENT,172900.00,31100.00,0.00,204000.00,RB-13,,"{""createdAt"": ""2026-05-09T10:10:00Z"", ""demoSource"": ""generated-pack""}"
nimbus,ROOFTOP_BAR,ORD-ROOFTOP_BAR-00450,cashier@nimbus.demo,DINE_IN,CLOSED,283500.00,51000.00,0.00,334500.00,RB-11,,"{""createdAt"": ""2026-05-09T09:45:00Z"", ""demoSource"": ""generated-pack""}"
nimbus,ROOFTOP_BAR,ORD-ROOFTOP_BAR-00451,cashier@nimbus.demo,DINE_IN,SENT,33600.00,6000.00,0.00,39600.00,RB-15,,"{""createdAt"": ""2026-05-09T17:10:00Z"", ""demoSource"": ""generated-pack""}"
nimbus,ROOFTOP_BAR,ORD-ROOFTOP_BAR-00452,supervisor@nimbus.demo,DINE_IN,CLOSED,88000.00,15800.00,0.00,103800.00,RB-16,,"{""createdAt"": ""2026-05-09T15:20:00Z"", ""demoSource"": ""generated-pack""}"
nimbus,GARDEN_CAFE,ORD-GARDEN_CAFE-00453,cashier@nimbus.demo,DINE_IN,CLOSED,240400.00,43300.00,0.00,283700.00,GC-04,,"{""createdAt"": ""2026-05-09T10:00:00Z"", ""demoSource"": ""generated-pack""}"
nimbus,GARDEN_CAFE,ORD-GARDEN_CAFE-00454,cashier@nimbus.demo,DINE_IN,READY,207700.00,37400.00,0.00,245100.00,GC-13,,"{""createdAt"": ""2026-05-09T15:10:00Z"", ""demoSource"": ""generated-pack""}"
nimbus,GARDEN_CAFE,ORD-GARDEN_CAFE-00455,supervisor@nimbus.demo,TAKEAWAY,SENT,142500.00,25600.00,0.00,168100.00,,,"{""createdAt"": ""2026-05-09T17:30:00Z"", ""demoSource"": ""generated-pack""}"
nimbus,GARDEN_CAFE,ORD-GARDEN_CAFE-00456,cashier@nimbus.demo,TAKEAWAY,READY,49700.00,8900.00,0.00,58600.00,,,"{""createdAt"": ""2026-05-09T15:45:00Z"", ""demoSource"": ""generated-pack""}"
nimbus,EVENTS_KITCHEN,ORD-EVENTS_KITCHEN-00457,waiter@nimbus.demo,DINE_IN,SERVED,39000.00,7000.00,0.00,46000.00,EV-12,,"{""createdAt"": ""2026-05-09T17:00:00Z"", ""demoSource"": ""generated-pack""}"
nimbus,EVENTS_KITCHEN,ORD-EVENTS_KITCHEN-00458,cashier@nimbus.demo,DINE_IN,CLOSED,479700.00,86300.00,0.00,566000.00,EV-08,,"{""createdAt"": ""2026-05-09T15:45:00Z"", ""demoSource"": ""generated-pack""}"
nimbus,EVENTS_KITCHEN,ORD-EVENTS_KITCHEN-00459,supervisor@nimbus.demo,TAKEAWAY,CLOSED,184000.00,33100.00,0.00,217100.00,,,"{""createdAt"": ""2026-05-09T07:00:00Z"", ""demoSource"": ""generated-pack""}"
nimbus,EVENTS_KITCHEN,ORD-EVENTS_KITCHEN-00460,cashier@nimbus.demo,TAKEAWAY,CLOSED,241900.00,43500.00,0.00,285400.00,,,"{""createdAt"": ""2026-05-09T09:00:00Z"", ""demoSource"": ""generated-pack""}"
nimbus,TAPAS_DOWNTOWN,ORD-TAPAS_DOWNTOWN-00461,supervisor@nimbus.demo,TAKEAWAY,CLOSED,16000.00,2900.00,0.00,18900.00,,,"{""createdAt"": ""2026-05-10T07:45:00Z"", ""demoSource"": ""generated-pack""}"
nimbus,TAPAS_DOWNTOWN,ORD-TAPAS_DOWNTOWN-00462,supervisor@nimbus.demo,DINE_IN,CLOSED,160000.00,28800.00,0.00,188800.00,TD-18,,"{""createdAt"": ""2026-05-10T07:00:00Z"", ""demoSource"": ""generated-pack""}"
nimbus,TAPAS_DOWNTOWN,ORD-TAPAS_DOWNTOWN-00463,supervisor@nimbus.demo,DINE_IN,SERVED,42000.00,7600.00,0.00,49600.00,TD-04,,"{""createdAt"": ""2026-05-10T10:10:00Z"", ""demoSource"": ""generated-pack""}"
nimbus,TAPAS_DOWNTOWN,ORD-TAPAS_DOWNTOWN-00464,waiter@nimbus.demo,TAKEAWAY,CLOSED,78000.00,14000.00,0.00,92000.00,,,"{""createdAt"": ""2026-05-10T17:20:00Z"", ""demoSource"": ""generated-pack""}"
nimbus,TAPAS_DOWNTOWN,ORD-TAPAS_DOWNTOWN-00465,waiter@nimbus.demo,DINE_IN,CLOSED,124000.00,22300.00,0.00,146300.00,TD-20,,"{""createdAt"": ""2026-05-10T07:10:00Z"", ""demoSource"": ""generated-pack""}"
nimbus,ROOFTOP_BAR,ORD-ROOFTOP_BAR-00466,supervisor@nimbus.demo,DINE_IN,CLOSED,147800.00,25300.00,7400.00,165700.00,RB-10,,"{""createdAt"": ""2026-05-10T10:30:00Z"", ""demoSource"": ""generated-pack""}"
nimbus,ROOFTOP_BAR,ORD-ROOFTOP_BAR-00467,cashier@nimbus.demo,DINE_IN,CLOSED,13400.00,2400.00,0.00,15800.00,RB-02,,"{""createdAt"": ""2026-05-10T07:10:00Z"", ""demoSource"": ""generated-pack""}"
nimbus,ROOFTOP_BAR,ORD-ROOFTOP_BAR-00468,cashier@nimbus.demo,DINE_IN,SERVED,47100.00,8000.00,2400.00,52700.00,RB-03,,"{""createdAt"": ""2026-05-10T09:20:00Z"", ""demoSource"": ""generated-pack""}"
nimbus,ROOFTOP_BAR,ORD-ROOFTOP_BAR-00469,supervisor@nimbus.demo,DINE_IN,CLOSED,95900.00,17300.00,0.00,113200.00,RB-15,,"{""createdAt"": ""2026-05-10T15:10:00Z"", ""demoSource"": ""generated-pack""}"
nimbus,ROOFTOP_BAR,ORD-ROOFTOP_BAR-00470,cashier@nimbus.demo,DINE_IN,CLOSED,186600.00,33600.00,0.00,220200.00,RB-03,,"{""createdAt"": ""2026-05-10T17:20:00Z"", ""demoSource"": ""generated-pack""}"
nimbus,GARDEN_CAFE,ORD-GARDEN_CAFE-00471,supervisor@nimbus.demo,DINE_IN,CLOSED,124200.00,22400.00,0.00,146600.00,GC-13,,"{""createdAt"": ""2026-05-10T07:30:00Z"", ""demoSource"": ""generated-pack""}"
nimbus,GARDEN_CAFE,ORD-GARDEN_CAFE-00472,cashier@nimbus.demo,DINE_IN,READY,24000.00,4300.00,0.00,28300.00,GC-13,,"{""createdAt"": ""2026-05-10T07:30:00Z"", ""demoSource"": ""generated-pack""}"
nimbus,GARDEN_CAFE,ORD-GARDEN_CAFE-00473,cashier@nimbus.demo,DINE_IN,CLOSED,135200.00,24300.00,0.00,159500.00,GC-02,,"{""createdAt"": ""2026-05-10T17:45:00Z"", ""demoSource"": ""generated-pack""}"
nimbus,GARDEN_CAFE,ORD-GARDEN_CAFE-00474,cashier@nimbus.demo,DINE_IN,CLOSED,137100.00,24700.00,0.00,161800.00,GC-09,,"{""createdAt"": ""2026-05-10T10:20:00Z"", ""demoSource"": ""generated-pack""}"
nimbus,GARDEN_CAFE,ORD-GARDEN_CAFE-00475,supervisor@nimbus.demo,DINE_IN,CLOSED,138200.00,24900.00,0.00,163100.00,GC-05,,"{""createdAt"": ""2026-05-10T15:10:00Z"", ""demoSource"": ""generated-pack""}"
nimbus,EVENTS_KITCHEN,ORD-EVENTS_KITCHEN-00476,waiter@nimbus.demo,TAKEAWAY,READY,120000.00,20500.00,6000.00,134500.00,,,"{""createdAt"": ""2026-05-10T15:30:00Z"", ""demoSource"": ""generated-pack""}"
nimbus,EVENTS_KITCHEN,ORD-EVENTS_KITCHEN-00477,waiter@nimbus.demo,DINE_IN,SENT,99200.00,17000.00,5000.00,111200.00,EV-05,,"{""createdAt"": ""2026-05-10T10:20:00Z"", ""demoSource"": ""generated-pack""}"
nimbus,EVENTS_KITCHEN,ORD-EVENTS_KITCHEN-00478,waiter@nimbus.demo,DINE_IN,READY,64000.00,11500.00,0.00,75500.00,EV-05,,"{""createdAt"": ""2026-05-10T09:10:00Z"", ""demoSource"": ""generated-pack""}"
nimbus,EVENTS_KITCHEN,ORD-EVENTS_KITCHEN-00479,cashier@nimbus.demo,DINE_IN,SERVED,237000.00,42700.00,0.00,279700.00,EV-03,,"{""createdAt"": ""2026-05-10T07:20:00Z"", ""demoSource"": ""generated-pack""}"
nimbus,EVENTS_KITCHEN,ORD-EVENTS_KITCHEN-00480,cashier@nimbus.demo,DINE_IN,READY,42400.00,7600.00,0.00,50000.00,EV-03,,"{""createdAt"": ""2026-05-10T09:45:00Z"", ""demoSource"": ""generated-pack""}"
nimbus,TAPAS_DOWNTOWN,ORD-TAPAS_DOWNTOWN-00481,supervisor@nimbus.demo,DINE_IN,CLOSED,106000.00,19100.00,0.00,125100.00,TD-12,,"{""createdAt"": ""2026-05-11T09:00:00Z"", ""demoSource"": ""generated-pack""}"
nimbus,ROOFTOP_BAR,ORD-ROOFTOP_BAR-00482,supervisor@nimbus.demo,DINE_IN,READY,161400.00,29100.00,0.00,190500.00,RB-07,,"{""createdAt"": ""2026-05-11T09:00:00Z"", ""demoSource"": ""generated-pack""}"
nimbus,GARDEN_CAFE,ORD-GARDEN_CAFE-00483,cashier@nimbus.demo,DINE_IN,CLOSED,194500.00,35000.00,0.00,229500.00,GC-11,,"{""createdAt"": ""2026-05-11T07:20:00Z"", ""demoSource"": ""generated-pack""}"
nimbus,EVENTS_KITCHEN,ORD-EVENTS_KITCHEN-00484,waiter@nimbus.demo,DINE_IN,CLOSED,380000.00,68400.00,0.00,448400.00,EV-05,,"{""createdAt"": ""2026-05-11T15:00:00Z"", ""demoSource"": ""generated-pack""}"
nimbus,TAPAS_DOWNTOWN,ORD-TAPAS_DOWNTOWN-00485,waiter@nimbus.demo,DINE_IN,CLOSED,110000.00,19800.00,0.00,129800.00,TD-02,,"{""createdAt"": ""2026-05-12T07:00:00Z"", ""demoSource"": ""generated-pack""}"
nimbus,TAPAS_DOWNTOWN,ORD-TAPAS_DOWNTOWN-00486,supervisor@nimbus.demo,DINE_IN,NEW,96000.00,17300.00,0.00,113300.00,TD-02,,"{""createdAt"": ""2026-05-12T07:20:00Z"", ""demoSource"": ""generated-pack""}"
nimbus,ROOFTOP_BAR,ORD-ROOFTOP_BAR-00487,waiter@nimbus.demo,DINE_IN,CLOSED,62300.00,11200.00,0.00,73500.00,RB-06,,"{""createdAt"": ""2026-05-12T17:45:00Z"", ""demoSource"": ""generated-pack""}"
nimbus,ROOFTOP_BAR,ORD-ROOFTOP_BAR-00488,waiter@nimbus.demo,DINE_IN,CLOSED,181100.00,32600.00,0.00,213700.00,RB-11,,"{""createdAt"": ""2026-05-12T09:45:00Z"", ""demoSource"": ""generated-pack""}"
nimbus,GARDEN_CAFE,ORD-GARDEN_CAFE-00489,cashier@nimbus.demo,DINE_IN,CLOSED,91000.00,16400.00,0.00,107400.00,GC-01,,"{""createdAt"": ""2026-05-12T07:30:00Z"", ""demoSource"": ""generated-pack""}"
nimbus,GARDEN_CAFE,ORD-GARDEN_CAFE-00490,supervisor@nimbus.demo,DINE_IN,SERVED,286500.00,49000.00,14300.00,321200.00,GC-15,,"{""createdAt"": ""2026-05-12T09:30:00Z"", ""demoSource"": ""generated-pack""}"
nimbus,EVENTS_KITCHEN,ORD-EVENTS_KITCHEN-00491,supervisor@nimbus.demo,DINE_IN,CLOSED,290200.00,49600.00,14500.00,325300.00,EV-06,,"{""createdAt"": ""2026-05-12T10:10:00Z"", ""demoSource"": ""generated-pack""}"
nimbus,EVENTS_KITCHEN,ORD-EVENTS_KITCHEN-00492,cashier@nimbus.demo,DINE_IN,CLOSED,452000.00,81400.00,0.00,533400.00,EV-12,,"{""createdAt"": ""2026-05-12T17:45:00Z"", ""demoSource"": ""generated-pack""}"
nimbus,TAPAS_DOWNTOWN,ORD-TAPAS_DOWNTOWN-00493,waiter@nimbus.demo,DINE_IN,NEW,102000.00,18400.00,0.00,120400.00,TD-13,,"{""createdAt"": ""2026-05-13T07:00:00Z"", ""demoSource"": ""generated-pack""}"
nimbus,TAPAS_DOWNTOWN,ORD-TAPAS_DOWNTOWN-00494,cashier@nimbus.demo,DINE_IN,READY,42000.00,7600.00,0.00,49600.00,TD-15,,"{""createdAt"": ""2026-05-13T15:10:00Z"", ""demoSource"": ""generated-pack""}"
nimbus,TAPAS_DOWNTOWN,ORD-TAPAS_DOWNTOWN-00495,supervisor@nimbus.demo,DINE_IN,CLOSED,51000.00,8700.00,2600.00,57100.00,TD-15,,"{""createdAt"": ""2026-05-13T10:00:00Z"", ""demoSource"": ""generated-pack""}"
nimbus,ROOFTOP_BAR,ORD-ROOFTOP_BAR-00496,waiter@nimbus.demo,DINE_IN,SENT,179600.00,32300.00,0.00,211900.00,RB-06,,"{""createdAt"": ""2026-05-13T15:45:00Z"", ""demoSource"": ""generated-pack""}"
nimbus,ROOFTOP_BAR,ORD-ROOFTOP_BAR-00497,cashier@nimbus.demo,DINE_IN,CLOSED,170200.00,30600.00,0.00,200800.00,RB-15,,"{""createdAt"": ""2026-05-13T07:20:00Z"", ""demoSource"": ""generated-pack""}"
nimbus,ROOFTOP_BAR,ORD-ROOFTOP_BAR-00498,supervisor@nimbus.demo,TAKEAWAY,CLOSED,115000.00,20700.00,0.00,135700.00,,,"{""createdAt"": ""2026-05-13T15:10:00Z"", ""demoSource"": ""generated-pack""}"
nimbus,GARDEN_CAFE,ORD-GARDEN_CAFE-00499,supervisor@nimbus.demo,TAKEAWAY,NEW,270700.00,48700.00,0.00,319400.00,,,"{""createdAt"": ""2026-05-13T09:30:00Z"", ""demoSource"": ""generated-pack""}"
nimbus,GARDEN_CAFE,ORD-GARDEN_CAFE-00500,waiter@nimbus.demo,DINE_IN,SERVED,119800.00,21600.00,0.00,141400.00,GC-15,,"{""createdAt"": ""2026-05-13T09:45:00Z"", ""demoSource"": ""generated-pack""}"
nimbus,GARDEN_CAFE,ORD-GARDEN_CAFE-00501,supervisor@nimbus.demo,DINE_IN,CLOSED,127000.00,21700.00,6400.00,142300.00,GC-16,,"{""createdAt"": ""2026-05-13T07:20:00Z"", ""demoSource"": ""generated-pack""}"
nimbus,EVENTS_KITCHEN,ORD-EVENTS_KITCHEN-00502,waiter@nimbus.demo,DINE_IN,CLOSED,111900.00,20100.00,0.00,132000.00,EV-09,,"{""createdAt"": ""2026-05-13T17:30:00Z"", ""demoSource"": ""generated-pack""}"
nimbus,EVENTS_KITCHEN,ORD-EVENTS_KITCHEN-00503,supervisor@nimbus.demo,DINE_IN,CLOSED,141600.00,25500.00,0.00,167100.00,EV-09,,"{""createdAt"": ""2026-05-13T09:30:00Z"", ""demoSource"": ""generated-pack""}"
nimbus,EVENTS_KITCHEN,ORD-EVENTS_KITCHEN-00504,cashier@nimbus.demo,DINE_IN,CLOSED,113200.00,20400.00,0.00,133600.00,EV-10,,"{""createdAt"": ""2026-05-13T07:20:00Z"", ""demoSource"": ""generated-pack""}"
nimbus,TAPAS_DOWNTOWN,ORD-TAPAS_DOWNTOWN-00505,cashier@nimbus.demo,DINE_IN,READY,158000.00,28400.00,0.00,186400.00,TD-01,,"{""createdAt"": ""2026-05-14T10:20:00Z"", ""demoSource"": ""generated-pack""}"
nimbus,TAPAS_DOWNTOWN,ORD-TAPAS_DOWNTOWN-00506,waiter@nimbus.demo,DINE_IN,SERVED,185000.00,33300.00,0.00,218300.00,TD-18,,"{""createdAt"": ""2026-05-14T17:45:00Z"", ""demoSource"": ""generated-pack""}"
nimbus,TAPAS_DOWNTOWN,ORD-TAPAS_DOWNTOWN-00507,waiter@nimbus.demo,DINE_IN,CLOSED,109000.00,19600.00,0.00,128600.00,TD-02,,"{""createdAt"": ""2026-05-14T15:20:00Z"", ""demoSource"": ""generated-pack""}"
nimbus,TAPAS_DOWNTOWN,ORD-TAPAS_DOWNTOWN-00508,waiter@nimbus.demo,DINE_IN,READY,212000.00,38200.00,0.00,250200.00,TD-20,,"{""createdAt"": ""2026-05-14T07:30:00Z"", ""demoSource"": ""generated-pack""}"
nimbus,ROOFTOP_BAR,ORD-ROOFTOP_BAR-00509,supervisor@nimbus.demo,DINE_IN,SENT,60000.00,10800.00,0.00,70800.00,RB-04,,"{""createdAt"": ""2026-05-14T07:10:00Z"", ""demoSource"": ""generated-pack""}"
nimbus,ROOFTOP_BAR,ORD-ROOFTOP_BAR-00510,supervisor@nimbus.demo,DINE_IN,CLOSED,292000.00,52600.00,0.00,344600.00,RB-02,,"{""createdAt"": ""2026-05-14T09:45:00Z"", ""demoSource"": ""generated-pack""}"
nimbus,ROOFTOP_BAR,ORD-ROOFTOP_BAR-00511,supervisor@nimbus.demo,DINE_IN,CLOSED,90700.00,15500.00,4500.00,101700.00,RB-16,,"{""createdAt"": ""2026-05-14T07:45:00Z"", ""demoSource"": ""generated-pack""}"
nimbus,ROOFTOP_BAR,ORD-ROOFTOP_BAR-00512,supervisor@nimbus.demo,DINE_IN,NEW,121800.00,21900.00,0.00,143700.00,RB-15,,"{""createdAt"": ""2026-05-14T09:30:00Z"", ""demoSource"": ""generated-pack""}"
nimbus,GARDEN_CAFE,ORD-GARDEN_CAFE-00513,cashier@nimbus.demo,DINE_IN,CLOSED,65300.00,11200.00,3300.00,73200.00,GC-11,,"{""createdAt"": ""2026-05-14T09:10:00Z"", ""demoSource"": ""generated-pack""}"
nimbus,GARDEN_CAFE,ORD-GARDEN_CAFE-00514,supervisor@nimbus.demo,DINE_IN,CLOSED,148200.00,26700.00,0.00,174900.00,GC-02,,"{""createdAt"": ""2026-05-14T10:00:00Z"", ""demoSource"": ""generated-pack""}"
nimbus,GARDEN_CAFE,ORD-GARDEN_CAFE-00515,supervisor@nimbus.demo,DINE_IN,CLOSED,154700.00,27800.00,0.00,182500.00,GC-11,,"{""createdAt"": ""2026-05-14T15:45:00Z"", ""demoSource"": ""generated-pack""}"
nimbus,GARDEN_CAFE,ORD-GARDEN_CAFE-00516,cashier@nimbus.demo,DINE_IN,CLOSED,115800.00,20800.00,0.00,136600.00,GC-16,,"{""createdAt"": ""2026-05-14T07:10:00Z"", ""demoSource"": ""generated-pack""}"
nimbus,EVENTS_KITCHEN,ORD-EVENTS_KITCHEN-00517,waiter@nimbus.demo,DINE_IN,READY,85500.00,15400.00,0.00,100900.00,EV-03,,"{""createdAt"": ""2026-05-14T09:30:00Z"", ""demoSource"": ""generated-pack""}"
nimbus,EVENTS_KITCHEN,ORD-EVENTS_KITCHEN-00518,waiter@nimbus.demo,DINE_IN,SENT,141700.00,25500.00,0.00,167200.00,EV-05,,"{""createdAt"": ""2026-05-14T09:10:00Z"", ""demoSource"": ""generated-pack""}"
nimbus,EVENTS_KITCHEN,ORD-EVENTS_KITCHEN-00519,supervisor@nimbus.demo,DINE_IN,CLOSED,215300.00,38800.00,0.00,254100.00,EV-05,,"{""createdAt"": ""2026-05-14T15:00:00Z"", ""demoSource"": ""generated-pack""}"
nimbus,EVENTS_KITCHEN,ORD-EVENTS_KITCHEN-00520,cashier@nimbus.demo,DINE_IN,CLOSED,187600.00,33800.00,0.00,221400.00,EV-01,,"{""createdAt"": ""2026-05-14T09:00:00Z"", ""demoSource"": ""generated-pack""}"
nimbus,TAPAS_DOWNTOWN,ORD-TAPAS_DOWNTOWN-00521,waiter@nimbus.demo,DINE_IN,CLOSED,208000.00,37400.00,0.00,245400.00,TD-07,,"{""createdAt"": ""2026-05-15T15:20:00Z"", ""demoSource"": ""generated-pack""}"
nimbus,TAPAS_DOWNTOWN,ORD-TAPAS_DOWNTOWN-00522,cashier@nimbus.demo,DINE_IN,CLOSED,233000.00,41900.00,0.00,274900.00,TD-09,,"{""createdAt"": ""2026-05-15T15:10:00Z"", ""demoSource"": ""generated-pack""}"
nimbus,TAPAS_DOWNTOWN,ORD-TAPAS_DOWNTOWN-00523,supervisor@nimbus.demo,DINE_IN,CLOSED,168000.00,28700.00,8400.00,188300.00,TD-12,,"{""createdAt"": ""2026-05-15T17:00:00Z"", ""demoSource"": ""generated-pack""}"
nimbus,TAPAS_DOWNTOWN,ORD-TAPAS_DOWNTOWN-00524,supervisor@nimbus.demo,DINE_IN,CLOSED,129000.00,23200.00,0.00,152200.00,TD-22,,"{""createdAt"": ""2026-05-15T10:45:00Z"", ""demoSource"": ""generated-pack""}"
nimbus,TAPAS_DOWNTOWN,ORD-TAPAS_DOWNTOWN-00525,supervisor@nimbus.demo,DINE_IN,SERVED,42000.00,7600.00,0.00,49600.00,TD-08,,"{""createdAt"": ""2026-05-15T17:20:00Z"", ""demoSource"": ""generated-pack""}"
nimbus,ROOFTOP_BAR,ORD-ROOFTOP_BAR-00526,waiter@nimbus.demo,DINE_IN,READY,10100.00,1800.00,0.00,11900.00,RB-15,,"{""createdAt"": ""2026-05-15T10:20:00Z"", ""demoSource"": ""generated-pack""}"
nimbus,ROOFTOP_BAR,ORD-ROOFTOP_BAR-00527,supervisor@nimbus.demo,DINE_IN,SERVED,90800.00,16300.00,0.00,107100.00,RB-09,,"{""createdAt"": ""2026-05-15T07:10:00Z"", ""demoSource"": ""generated-pack""}"
nimbus,ROOFTOP_BAR,ORD-ROOFTOP_BAR-00528,cashier@nimbus.demo,DINE_IN,CLOSED,80400.00,14500.00,0.00,94900.00,RB-16,,"{""createdAt"": ""2026-05-15T07:20:00Z"", ""demoSource"": ""generated-pack""}"
nimbus,ROOFTOP_BAR,ORD-ROOFTOP_BAR-00529,supervisor@nimbus.demo,TAKEAWAY,CLOSED,84900.00,15300.00,0.00,100200.00,,,"{""createdAt"": ""2026-05-15T07:30:00Z"", ""demoSource"": ""generated-pack""}"
nimbus,ROOFTOP_BAR,ORD-ROOFTOP_BAR-00530,cashier@nimbus.demo,TAKEAWAY,READY,174700.00,31400.00,0.00,206100.00,,,"{""createdAt"": ""2026-05-15T09:00:00Z"", ""demoSource"": ""generated-pack""}"
nimbus,GARDEN_CAFE,ORD-GARDEN_CAFE-00531,supervisor@nimbus.demo,DINE_IN,CLOSED,54100.00,9700.00,0.00,63800.00,GC-03,,"{""createdAt"": ""2026-05-15T07:30:00Z"", ""demoSource"": ""generated-pack""}"
nimbus,GARDEN_CAFE,ORD-GARDEN_CAFE-00532,supervisor@nimbus.demo,DINE_IN,CLOSED,64400.00,11600.00,0.00,76000.00,GC-13,,"{""createdAt"": ""2026-05-15T09:00:00Z"", ""demoSource"": ""generated-pack""}"
nimbus,GARDEN_CAFE,ORD-GARDEN_CAFE-00533,supervisor@nimbus.demo,DINE_IN,SERVED,23900.00,4300.00,0.00,28200.00,GC-06,,"{""createdAt"": ""2026-05-15T10:20:00Z"", ""demoSource"": ""generated-pack""}"
nimbus,GARDEN_CAFE,ORD-GARDEN_CAFE-00534,waiter@nimbus.demo,TAKEAWAY,READY,182800.00,32900.00,0.00,215700.00,,,"{""createdAt"": ""2026-05-15T15:00:00Z"", ""demoSource"": ""generated-pack""}"
nimbus,GARDEN_CAFE,ORD-GARDEN_CAFE-00535,supervisor@nimbus.demo,DINE_IN,CLOSED,38600.00,6900.00,0.00,45500.00,GC-11,,"{""createdAt"": ""2026-05-15T10:30:00Z"", ""demoSource"": ""generated-pack""}"
nimbus,EVENTS_KITCHEN,ORD-EVENTS_KITCHEN-00536,cashier@nimbus.demo,DINE_IN,CLOSED,369200.00,63100.00,18500.00,413800.00,EV-02,,"{""createdAt"": ""2026-05-15T17:10:00Z"", ""demoSource"": ""generated-pack""}"
nimbus,EVENTS_KITCHEN,ORD-EVENTS_KITCHEN-00537,supervisor@nimbus.demo,DINE_IN,SERVED,21200.00,3800.00,0.00,25000.00,EV-10,,"{""createdAt"": ""2026-05-15T17:45:00Z"", ""demoSource"": ""generated-pack""}"
nimbus,EVENTS_KITCHEN,ORD-EVENTS_KITCHEN-00538,supervisor@nimbus.demo,TAKEAWAY,CLOSED,85000.00,15300.00,0.00,100300.00,,,"{""createdAt"": ""2026-05-15T09:45:00Z"", ""demoSource"": ""generated-pack""}"
nimbus,EVENTS_KITCHEN,ORD-EVENTS_KITCHEN-00539,cashier@nimbus.demo,DINE_IN,SENT,238600.00,42900.00,0.00,281500.00,EV-01,,"{""createdAt"": ""2026-05-15T10:20:00Z"", ""demoSource"": ""generated-pack""}"
nimbus,EVENTS_KITCHEN,ORD-EVENTS_KITCHEN-00540,cashier@nimbus.demo,DINE_IN,CLOSED,88000.00,15800.00,0.00,103800.00,EV-04,,"{""createdAt"": ""2026-05-15T17:30:00Z"", ""demoSource"": ""generated-pack""}"
nimbus,TAPAS_DOWNTOWN,ORD-TAPAS_DOWNTOWN-00541,supervisor@nimbus.demo,DINE_IN,CLOSED,136000.00,24500.00,0.00,160500.00,TD-12,,"{""createdAt"": ""2026-05-16T09:00:00Z"", ""demoSource"": ""generated-pack""}"
nimbus,ROOFTOP_BAR,ORD-ROOFTOP_BAR-00542,waiter@nimbus.demo,DINE_IN,CLOSED,87400.00,14900.00,4400.00,97900.00,RB-03,,"{""createdAt"": ""2026-05-16T10:20:00Z"", ""demoSource"": ""generated-pack""}"
nimbus,GARDEN_CAFE,ORD-GARDEN_CAFE-00543,supervisor@nimbus.demo,DINE_IN,NEW,153600.00,27600.00,0.00,181200.00,GC-01,,"{""createdAt"": ""2026-05-16T17:45:00Z"", ""demoSource"": ""generated-pack""}"
nimbus,EVENTS_KITCHEN,ORD-EVENTS_KITCHEN-00544,waiter@nimbus.demo,TAKEAWAY,CLOSED,75600.00,13600.00,0.00,89200.00,,,"{""createdAt"": ""2026-05-16T15:45:00Z"", ""demoSource"": ""generated-pack""}"
nimbus,TAPAS_DOWNTOWN,ORD-TAPAS_DOWNTOWN-00545,waiter@nimbus.demo,DINE_IN,CLOSED,18000.00,3100.00,900.00,20200.00,TD-13,,"{""createdAt"": ""2026-05-17T17:00:00Z"", ""demoSource"": ""generated-pack""}"
nimbus,TAPAS_DOWNTOWN,ORD-TAPAS_DOWNTOWN-00546,cashier@nimbus.demo,DINE_IN,CLOSED,45000.00,8100.00,0.00,53100.00,TD-09,,"{""createdAt"": ""2026-05-17T15:00:00Z"", ""demoSource"": ""generated-pack""}"
nimbus,ROOFTOP_BAR,ORD-ROOFTOP_BAR-00547,supervisor@nimbus.demo,DINE_IN,CLOSED,230800.00,41500.00,0.00,272300.00,RB-06,,"{""createdAt"": ""2026-05-17T15:00:00Z"", ""demoSource"": ""generated-pack""}"
nimbus,ROOFTOP_BAR,ORD-ROOFTOP_BAR-00548,waiter@nimbus.demo,DINE_IN,SENT,57000.00,10300.00,0.00,67300.00,RB-15,,"{""createdAt"": ""2026-05-17T15:30:00Z"", ""demoSource"": ""generated-pack""}"
nimbus,GARDEN_CAFE,ORD-GARDEN_CAFE-00549,cashier@nimbus.demo,DINE_IN,CLOSED,202500.00,36400.00,0.00,238900.00,GC-11,,"{""createdAt"": ""2026-05-17T07:30:00Z"", ""demoSource"": ""generated-pack""}"
nimbus,GARDEN_CAFE,ORD-GARDEN_CAFE-00550,waiter@nimbus.demo,DINE_IN,CLOSED,226600.00,38800.00,11300.00,254100.00,GC-04,,"{""createdAt"": ""2026-05-17T15:10:00Z"", ""demoSource"": ""generated-pack""}"
nimbus,EVENTS_KITCHEN,ORD-EVENTS_KITCHEN-00551,supervisor@nimbus.demo,TAKEAWAY,READY,106200.00,19100.00,0.00,125300.00,,,"{""createdAt"": ""2026-05-17T07:00:00Z"", ""demoSource"": ""generated-pack""}"
nimbus,EVENTS_KITCHEN,ORD-EVENTS_KITCHEN-00552,supervisor@nimbus.demo,DINE_IN,SERVED,92000.00,16600.00,0.00,108600.00,EV-06,,"{""createdAt"": ""2026-05-17T07:00:00Z"", ""demoSource"": ""generated-pack""}"
nimbus,TAPAS_DOWNTOWN,ORD-TAPAS_DOWNTOWN-00553,cashier@nimbus.demo,DINE_IN,SENT,33000.00,5900.00,0.00,38900.00,TD-15,,"{""createdAt"": ""2026-05-18T17:10:00Z"", ""demoSource"": ""generated-pack""}"
nimbus,TAPAS_DOWNTOWN,ORD-TAPAS_DOWNTOWN-00554,waiter@nimbus.demo,DINE_IN,NEW,42000.00,7600.00,0.00,49600.00,TD-19,,"{""createdAt"": ""2026-05-18T15:00:00Z"", ""demoSource"": ""generated-pack""}"
nimbus,TAPAS_DOWNTOWN,ORD-TAPAS_DOWNTOWN-00555,waiter@nimbus.demo,DINE_IN,READY,67000.00,12100.00,0.00,79100.00,TD-07,,"{""createdAt"": ""2026-05-18T10:10:00Z"", ""demoSource"": ""generated-pack""}"
nimbus,ROOFTOP_BAR,ORD-ROOFTOP_BAR-00556,supervisor@nimbus.demo,DINE_IN,CLOSED,104400.00,17900.00,5200.00,117100.00,RB-09,,"{""createdAt"": ""2026-05-18T07:10:00Z"", ""demoSource"": ""generated-pack""}"
nimbus,ROOFTOP_BAR,ORD-ROOFTOP_BAR-00557,cashier@nimbus.demo,DINE_IN,CLOSED,20000.00,3600.00,0.00,23600.00,RB-04,,"{""createdAt"": ""2026-05-18T15:20:00Z"", ""demoSource"": ""generated-pack""}"
nimbus,ROOFTOP_BAR,ORD-ROOFTOP_BAR-00558,supervisor@nimbus.demo,DINE_IN,CLOSED,109600.00,19700.00,0.00,129300.00,RB-01,,"{""createdAt"": ""2026-05-18T10:00:00Z"", ""demoSource"": ""generated-pack""}"
nimbus,GARDEN_CAFE,ORD-GARDEN_CAFE-00559,waiter@nimbus.demo,DINE_IN,NEW,62600.00,11300.00,0.00,73900.00,GC-12,,"{""createdAt"": ""2026-05-18T07:10:00Z"", ""demoSource"": ""generated-pack""}"
nimbus,GARDEN_CAFE,ORD-GARDEN_CAFE-00560,waiter@nimbus.demo,TAKEAWAY,CLOSED,88300.00,15900.00,0.00,104200.00,,,"{""createdAt"": ""2026-05-18T17:45:00Z"", ""demoSource"": ""generated-pack""}"
nimbus,GARDEN_CAFE,ORD-GARDEN_CAFE-00561,cashier@nimbus.demo,DINE_IN,CLOSED,152000.00,27400.00,0.00,179400.00,GC-02,,"{""createdAt"": ""2026-05-18T07:45:00Z"", ""demoSource"": ""generated-pack""}"
nimbus,EVENTS_KITCHEN,ORD-EVENTS_KITCHEN-00562,waiter@nimbus.demo,DINE_IN,CLOSED,42600.00,7700.00,0.00,50300.00,EV-11,,"{""createdAt"": ""2026-05-18T10:10:00Z"", ""demoSource"": ""generated-pack""}"
nimbus,EVENTS_KITCHEN,ORD-EVENTS_KITCHEN-00563,cashier@nimbus.demo,DINE_IN,CLOSED,129800.00,23400.00,0.00,153200.00,EV-02,,"{""createdAt"": ""2026-05-18T17:45:00Z"", ""demoSource"": ""generated-pack""}"
nimbus,EVENTS_KITCHEN,ORD-EVENTS_KITCHEN-00564,supervisor@nimbus.demo,DINE_IN,CLOSED,158900.00,28600.00,0.00,187500.00,EV-09,,"{""createdAt"": ""2026-05-18T10:10:00Z"", ""demoSource"": ""generated-pack""}"
nimbus,TAPAS_DOWNTOWN,ORD-TAPAS_DOWNTOWN-00565,waiter@nimbus.demo,DINE_IN,READY,78000.00,14000.00,0.00,92000.00,TD-01,,"{""createdAt"": ""2026-05-19T09:30:00Z"", ""demoSource"": ""generated-pack""}"
nimbus,TAPAS_DOWNTOWN,ORD-TAPAS_DOWNTOWN-00566,waiter@nimbus.demo,TAKEAWAY,CLOSED,114000.00,19500.00,5700.00,127800.00,,,"{""createdAt"": ""2026-05-19T07:10:00Z"", ""demoSource"": ""generated-pack""}"
nimbus,TAPAS_DOWNTOWN,ORD-TAPAS_DOWNTOWN-00567,waiter@nimbus.demo,TAKEAWAY,SENT,188000.00,32100.00,9400.00,210700.00,,,"{""createdAt"": ""2026-05-19T09:10:00Z"", ""demoSource"": ""generated-pack""}"
nimbus,TAPAS_DOWNTOWN,ORD-TAPAS_DOWNTOWN-00568,cashier@nimbus.demo,DINE_IN,CLOSED,132000.00,23800.00,0.00,155800.00,TD-05,,"{""createdAt"": ""2026-05-19T07:20:00Z"", ""demoSource"": ""generated-pack""}"
nimbus,ROOFTOP_BAR,ORD-ROOFTOP_BAR-00569,waiter@nimbus.demo,DINE_IN,NEW,95400.00,17200.00,0.00,112600.00,RB-08,,"{""createdAt"": ""2026-05-19T07:30:00Z"", ""demoSource"": ""generated-pack""}"
nimbus,ROOFTOP_BAR,ORD-ROOFTOP_BAR-00570,waiter@nimbus.demo,DINE_IN,CLOSED,13400.00,2400.00,0.00,15800.00,RB-08,,"{""createdAt"": ""2026-05-19T17:45:00Z"", ""demoSource"": ""generated-pack""}"
nimbus,ROOFTOP_BAR,ORD-ROOFTOP_BAR-00571,waiter@nimbus.demo,TAKEAWAY,READY,147900.00,26600.00,0.00,174500.00,,,"{""createdAt"": ""2026-05-19T10:45:00Z"", ""demoSource"": ""generated-pack""}"
nimbus,ROOFTOP_BAR,ORD-ROOFTOP_BAR-00572,cashier@nimbus.demo,DINE_IN,CLOSED,121000.00,21800.00,0.00,142800.00,RB-05,,"{""createdAt"": ""2026-05-19T07:45:00Z"", ""demoSource"": ""generated-pack""}"
nimbus,GARDEN_CAFE,ORD-GARDEN_CAFE-00573,cashier@nimbus.demo,DINE_IN,CLOSED,48000.00,8600.00,0.00,56600.00,GC-16,,"{""createdAt"": ""2026-05-19T17:20:00Z"", ""demoSource"": ""generated-pack""}"
nimbus,GARDEN_CAFE,ORD-GARDEN_CAFE-00574,supervisor@nimbus.demo,DINE_IN,CLOSED,289100.00,52000.00,0.00,341100.00,GC-07,,"{""createdAt"": ""2026-05-19T10:10:00Z"", ""demoSource"": ""generated-pack""}"
nimbus,GARDEN_CAFE,ORD-GARDEN_CAFE-00575,waiter@nimbus.demo,DINE_IN,NEW,22000.00,4000.00,0.00,26000.00,GC-11,,"{""createdAt"": ""2026-05-19T07:10:00Z"", ""demoSource"": ""generated-pack""}"
nimbus,GARDEN_CAFE,ORD-GARDEN_CAFE-00576,supervisor@nimbus.demo,DINE_IN,SERVED,66100.00,11900.00,0.00,78000.00,GC-04,,"{""createdAt"": ""2026-05-19T07:30:00Z"", ""demoSource"": ""generated-pack""}"
nimbus,EVENTS_KITCHEN,ORD-EVENTS_KITCHEN-00577,supervisor@nimbus.demo,DINE_IN,SERVED,24000.00,4300.00,0.00,28300.00,EV-11,,"{""createdAt"": ""2026-05-19T07:10:00Z"", ""demoSource"": ""generated-pack""}"
nimbus,EVENTS_KITCHEN,ORD-EVENTS_KITCHEN-00578,supervisor@nimbus.demo,DINE_IN,CLOSED,137000.00,24700.00,0.00,161700.00,EV-05,,"{""createdAt"": ""2026-05-19T07:45:00Z"", ""demoSource"": ""generated-pack""}"
nimbus,EVENTS_KITCHEN,ORD-EVENTS_KITCHEN-00579,waiter@nimbus.demo,DINE_IN,CLOSED,100000.00,18000.00,0.00,118000.00,EV-11,,"{""createdAt"": ""2026-05-19T10:20:00Z"", ""demoSource"": ""generated-pack""}"
nimbus,EVENTS_KITCHEN,ORD-EVENTS_KITCHEN-00580,supervisor@nimbus.demo,DINE_IN,CLOSED,41400.00,7500.00,0.00,48900.00,EV-10,,"{""createdAt"": ""2026-05-19T17:20:00Z"", ""demoSource"": ""generated-pack""}"
nimbus,TAPAS_DOWNTOWN,ORD-TAPAS_DOWNTOWN-00581,supervisor@nimbus.demo,TAKEAWAY,CLOSED,160000.00,28800.00,0.00,188800.00,,,"{""createdAt"": ""2026-05-20T09:20:00Z"", ""demoSource"": ""generated-pack""}"
nimbus,TAPAS_DOWNTOWN,ORD-TAPAS_DOWNTOWN-00582,supervisor@nimbus.demo,TAKEAWAY,SERVED,98000.00,17600.00,0.00,115600.00,,,"{""createdAt"": ""2026-05-20T10:20:00Z"", ""demoSource"": ""generated-pack""}"
nimbus,TAPAS_DOWNTOWN,ORD-TAPAS_DOWNTOWN-00583,waiter@nimbus.demo,DINE_IN,READY,214000.00,38500.00,0.00,252500.00,TD-22,,"{""createdAt"": ""2026-05-20T07:30:00Z"", ""demoSource"": ""generated-pack""}"
nimbus,TAPAS_DOWNTOWN,ORD-TAPAS_DOWNTOWN-00584,supervisor@nimbus.demo,DINE_IN,CLOSED,97000.00,17500.00,0.00,114500.00,TD-11,,"{""createdAt"": ""2026-05-20T07:20:00Z"", ""demoSource"": ""generated-pack""}"
nimbus,TAPAS_DOWNTOWN,ORD-TAPAS_DOWNTOWN-00585,supervisor@nimbus.demo,DINE_IN,SERVED,104000.00,18700.00,0.00,122700.00,TD-14,,"{""createdAt"": ""2026-05-20T09:10:00Z"", ""demoSource"": ""generated-pack""}"
nimbus,ROOFTOP_BAR,ORD-ROOFTOP_BAR-00586,cashier@nimbus.demo,DINE_IN,SERVED,20200.00,3500.00,1000.00,22700.00,RB-01,,"{""createdAt"": ""2026-05-20T10:00:00Z"", ""demoSource"": ""generated-pack""}"
nimbus,ROOFTOP_BAR,ORD-ROOFTOP_BAR-00587,cashier@nimbus.demo,TAKEAWAY,NEW,322700.00,58100.00,0.00,380800.00,,,"{""createdAt"": ""2026-05-20T17:30:00Z"", ""demoSource"": ""generated-pack""}"
nimbus,ROOFTOP_BAR,ORD-ROOFTOP_BAR-00588,supervisor@nimbus.demo,TAKEAWAY,CLOSED,226100.00,40700.00,0.00,266800.00,,,"{""createdAt"": ""2026-05-20T17:45:00Z"", ""demoSource"": ""generated-pack""}"
nimbus,ROOFTOP_BAR,ORD-ROOFTOP_BAR-00589,waiter@nimbus.demo,DINE_IN,CLOSED,40000.00,7200.00,0.00,47200.00,RB-09,,"{""createdAt"": ""2026-05-20T10:30:00Z"", ""demoSource"": ""generated-pack""}"
nimbus,ROOFTOP_BAR,ORD-ROOFTOP_BAR-00590,cashier@nimbus.demo,DINE_IN,NEW,289100.00,52000.00,0.00,341100.00,RB-02,,"{""createdAt"": ""2026-05-20T07:20:00Z"", ""demoSource"": ""generated-pack""}"
nimbus,GARDEN_CAFE,ORD-GARDEN_CAFE-00591,supervisor@nimbus.demo,DINE_IN,CLOSED,117700.00,20100.00,5900.00,131900.00,GC-06,,"{""createdAt"": ""2026-05-20T09:45:00Z"", ""demoSource"": ""generated-pack""}"
nimbus,GARDEN_CAFE,ORD-GARDEN_CAFE-00592,supervisor@nimbus.demo,DINE_IN,CLOSED,84000.00,15100.00,0.00,99100.00,GC-01,,"{""createdAt"": ""2026-05-20T10:10:00Z"", ""demoSource"": ""generated-pack""}"
nimbus,GARDEN_CAFE,ORD-GARDEN_CAFE-00593,cashier@nimbus.demo,DINE_IN,CLOSED,174700.00,31400.00,0.00,206100.00,GC-11,,"{""createdAt"": ""2026-05-20T09:45:00Z"", ""demoSource"": ""generated-pack""}"
nimbus,GARDEN_CAFE,ORD-GARDEN_CAFE-00594,cashier@nimbus.demo,DINE_IN,CLOSED,119500.00,21500.00,0.00,141000.00,GC-02,,"{""createdAt"": ""2026-05-20T10:20:00Z"", ""demoSource"": ""generated-pack""}"
nimbus,GARDEN_CAFE,ORD-GARDEN_CAFE-00595,cashier@nimbus.demo,DINE_IN,CLOSED,47800.00,8200.00,2400.00,53600.00,GC-10,,"{""createdAt"": ""2026-05-20T15:30:00Z"", ""demoSource"": ""generated-pack""}"
nimbus,EVENTS_KITCHEN,ORD-EVENTS_KITCHEN-00596,cashier@nimbus.demo,DINE_IN,NEW,388300.00,69900.00,0.00,458200.00,EV-11,,"{""createdAt"": ""2026-05-20T09:45:00Z"", ""demoSource"": ""generated-pack""}"
nimbus,EVENTS_KITCHEN,ORD-EVENTS_KITCHEN-00597,supervisor@nimbus.demo,DINE_IN,CLOSED,278700.00,47700.00,13900.00,312500.00,EV-10,,"{""createdAt"": ""2026-05-20T09:10:00Z"", ""demoSource"": ""generated-pack""}"
nimbus,EVENTS_KITCHEN,ORD-EVENTS_KITCHEN-00598,supervisor@nimbus.demo,TAKEAWAY,CLOSED,141600.00,25500.00,0.00,167100.00,,,"{""createdAt"": ""2026-05-20T17:20:00Z"", ""demoSource"": ""generated-pack""}"
nimbus,EVENTS_KITCHEN,ORD-EVENTS_KITCHEN-00599,cashier@nimbus.demo,DINE_IN,CLOSED,85800.00,15400.00,0.00,101200.00,EV-02,,"{""createdAt"": ""2026-05-20T10:20:00Z"", ""demoSource"": ""generated-pack""}"
nimbus,EVENTS_KITCHEN,ORD-EVENTS_KITCHEN-00600,cashier@nimbus.demo,TAKEAWAY,SENT,151000.00,27200.00,0.00,178200.00,,,"{""createdAt"": ""2026-05-20T17:10:00Z"", ""demoSource"": ""generated-pack""}"
nimbus,TAPAS_DOWNTOWN,ORD-TAPAS_DOWNTOWN-00601,cashier@nimbus.demo,TAKEAWAY,SENT,48000.00,8600.00,0.00,56600.00,,,"{""createdAt"": ""2026-05-21T15:10:00Z"", ""demoSource"": ""generated-pack""}"
nimbus,ROOFTOP_BAR,ORD-ROOFTOP_BAR-00602,cashier@nimbus.demo,DINE_IN,CLOSED,129500.00,23300.00,0.00,152800.00,RB-11,,"{""createdAt"": ""2026-05-21T10:30:00Z"", ""demoSource"": ""generated-pack""}"
nimbus,GARDEN_CAFE,ORD-GARDEN_CAFE-00603,cashier@nimbus.demo,DINE_IN,READY,215400.00,38800.00,0.00,254200.00,GC-12,,"{""createdAt"": ""2026-05-21T07:00:00Z"", ""demoSource"": ""generated-pack""}"
nimbus,EVENTS_KITCHEN,ORD-EVENTS_KITCHEN-00604,waiter@nimbus.demo,DINE_IN,SENT,31800.00,5700.00,0.00,37500.00,EV-03,,"{""createdAt"": ""2026-05-21T10:20:00Z"", ""demoSource"": ""generated-pack""}"
nimbus,TAPAS_DOWNTOWN,ORD-TAPAS_DOWNTOWN-00605,supervisor@nimbus.demo,TAKEAWAY,CLOSED,255000.00,45900.00,0.00,300900.00,,,"{""createdAt"": ""2026-05-22T15:30:00Z"", ""demoSource"": ""generated-pack""}"
nimbus,TAPAS_DOWNTOWN,ORD-TAPAS_DOWNTOWN-00606,supervisor@nimbus.demo,DINE_IN,CLOSED,102000.00,18400.00,0.00,120400.00,TD-08,,"{""createdAt"": ""2026-05-22T17:00:00Z"", ""demoSource"": ""generated-pack""}"
nimbus,ROOFTOP_BAR,ORD-ROOFTOP_BAR-00607,cashier@nimbus.demo,TAKEAWAY,CLOSED,80600.00,14500.00,0.00,95100.00,,,"{""createdAt"": ""2026-05-22T17:10:00Z"", ""demoSource"": ""generated-pack""}"
nimbus,ROOFTOP_BAR,ORD-ROOFTOP_BAR-00608,supervisor@nimbus.demo,TAKEAWAY,CLOSED,101800.00,17400.00,5100.00,114100.00,,,"{""createdAt"": ""2026-05-22T09:30:00Z"", ""demoSource"": ""generated-pack""}"
nimbus,GARDEN_CAFE,ORD-GARDEN_CAFE-00609,waiter@nimbus.demo,DINE_IN,CLOSED,33100.00,5700.00,1700.00,37100.00,GC-13,,"{""createdAt"": ""2026-05-22T09:10:00Z"", ""demoSource"": ""generated-pack""}"
nimbus,GARDEN_CAFE,ORD-GARDEN_CAFE-00610,supervisor@nimbus.demo,TAKEAWAY,CLOSED,19300.00,3500.00,0.00,22800.00,,,"{""createdAt"": ""2026-05-22T09:45:00Z"", ""demoSource"": ""generated-pack""}"
nimbus,EVENTS_KITCHEN,ORD-EVENTS_KITCHEN-00611,supervisor@nimbus.demo,DINE_IN,CLOSED,300800.00,54100.00,0.00,354900.00,EV-11,,"{""createdAt"": ""2026-05-22T10:45:00Z"", ""demoSource"": ""generated-pack""}"
nimbus,EVENTS_KITCHEN,ORD-EVENTS_KITCHEN-00612,cashier@nimbus.demo,TAKEAWAY,CLOSED,92000.00,16600.00,0.00,108600.00,,,"{""createdAt"": ""2026-05-22T07:45:00Z"", ""demoSource"": ""generated-pack""}"
nimbus,TAPAS_DOWNTOWN,ORD-TAPAS_DOWNTOWN-00613,cashier@nimbus.demo,DINE_IN,CLOSED,228000.00,41000.00,0.00,269000.00,TD-19,,"{""createdAt"": ""2026-05-23T07:30:00Z"", ""demoSource"": ""generated-pack""}"
nimbus,TAPAS_DOWNTOWN,ORD-TAPAS_DOWNTOWN-00614,supervisor@nimbus.demo,DINE_IN,CLOSED,246000.00,44300.00,0.00,290300.00,TD-20,,"{""createdAt"": ""2026-05-23T17:20:00Z"", ""demoSource"": ""generated-pack""}"
nimbus,TAPAS_DOWNTOWN,ORD-TAPAS_DOWNTOWN-00615,cashier@nimbus.demo,DINE_IN,READY,258000.00,46400.00,0.00,304400.00,TD-16,,"{""createdAt"": ""2026-05-23T09:30:00Z"", ""demoSource"": ""generated-pack""}"
nimbus,ROOFTOP_BAR,ORD-ROOFTOP_BAR-00616,supervisor@nimbus.demo,DINE_IN,CLOSED,72900.00,13100.00,0.00,86000.00,RB-14,,"{""createdAt"": ""2026-05-23T15:10:00Z"", ""demoSource"": ""generated-pack""}"
nimbus,ROOFTOP_BAR,ORD-ROOFTOP_BAR-00617,supervisor@nimbus.demo,DINE_IN,CLOSED,40300.00,7300.00,0.00,47600.00,RB-03,,"{""createdAt"": ""2026-05-23T09:30:00Z"", ""demoSource"": ""generated-pack""}"
nimbus,ROOFTOP_BAR,ORD-ROOFTOP_BAR-00618,supervisor@nimbus.demo,DINE_IN,NEW,153300.00,27600.00,0.00,180900.00,RB-13,,"{""createdAt"": ""2026-05-23T09:00:00Z"", ""demoSource"": ""generated-pack""}"
nimbus,GARDEN_CAFE,ORD-GARDEN_CAFE-00619,cashier@nimbus.demo,DINE_IN,CLOSED,74400.00,13400.00,0.00,87800.00,GC-16,,"{""createdAt"": ""2026-05-23T15:45:00Z"", ""demoSource"": ""generated-pack""}"
nimbus,GARDEN_CAFE,ORD-GARDEN_CAFE-00620,waiter@nimbus.demo,DINE_IN,CLOSED,32000.00,5800.00,0.00,37800.00,GC-06,,"{""createdAt"": ""2026-05-23T09:00:00Z"", ""demoSource"": ""generated-pack""}"
nimbus,GARDEN_CAFE,ORD-GARDEN_CAFE-00621,waiter@nimbus.demo,DINE_IN,CLOSED,181300.00,32600.00,0.00,213900.00,GC-08,,"{""createdAt"": ""2026-05-23T17:00:00Z"", ""demoSource"": ""generated-pack""}"
nimbus,EVENTS_KITCHEN,ORD-EVENTS_KITCHEN-00622,supervisor@nimbus.demo,DINE_IN,SERVED,212500.00,38200.00,0.00,250700.00,EV-08,,"{""createdAt"": ""2026-05-23T07:10:00Z"", ""demoSource"": ""generated-pack""}"
nimbus,EVENTS_KITCHEN,ORD-EVENTS_KITCHEN-00623,supervisor@nimbus.demo,TAKEAWAY,CLOSED,82000.00,14800.00,0.00,96800.00,,,"{""createdAt"": ""2026-05-23T15:20:00Z"", ""demoSource"": ""generated-pack""}"
nimbus,EVENTS_KITCHEN,ORD-EVENTS_KITCHEN-00624,supervisor@nimbus.demo,DINE_IN,SENT,105000.00,18900.00,0.00,123900.00,EV-12,,"{""createdAt"": ""2026-05-23T07:20:00Z"", ""demoSource"": ""generated-pack""}"
nimbus,TAPAS_DOWNTOWN,ORD-TAPAS_DOWNTOWN-00625,cashier@nimbus.demo,DINE_IN,CLOSED,131000.00,23600.00,0.00,154600.00,TD-17,,"{""createdAt"": ""2026-05-24T07:20:00Z"", ""demoSource"": ""generated-pack""}"
nimbus,TAPAS_DOWNTOWN,ORD-TAPAS_DOWNTOWN-00626,supervisor@nimbus.demo,TAKEAWAY,SENT,123000.00,21000.00,6200.00,137800.00,,,"{""createdAt"": ""2026-05-24T07:10:00Z"", ""demoSource"": ""generated-pack""}"
nimbus,TAPAS_DOWNTOWN,ORD-TAPAS_DOWNTOWN-00627,waiter@nimbus.demo,DINE_IN,CLOSED,115000.00,20700.00,0.00,135700.00,TD-07,,"{""createdAt"": ""2026-05-24T07:20:00Z"", ""demoSource"": ""generated-pack""}"
nimbus,TAPAS_DOWNTOWN,ORD-TAPAS_DOWNTOWN-00628,waiter@nimbus.demo,DINE_IN,CLOSED,146000.00,26300.00,0.00,172300.00,TD-03,,"{""createdAt"": ""2026-05-24T15:30:00Z"", ""demoSource"": ""generated-pack""}"
nimbus,ROOFTOP_BAR,ORD-ROOFTOP_BAR-00629,cashier@nimbus.demo,DINE_IN,READY,88300.00,15900.00,0.00,104200.00,RB-13,,"{""createdAt"": ""2026-05-24T17:20:00Z"", ""demoSource"": ""generated-pack""}"
nimbus,ROOFTOP_BAR,ORD-ROOFTOP_BAR-00630,supervisor@nimbus.demo,DINE_IN,CLOSED,28000.00,5000.00,0.00,33000.00,RB-15,,"{""createdAt"": ""2026-05-24T17:00:00Z"", ""demoSource"": ""generated-pack""}"
nimbus,ROOFTOP_BAR,ORD-ROOFTOP_BAR-00631,waiter@nimbus.demo,DINE_IN,NEW,117600.00,21200.00,0.00,138800.00,RB-05,,"{""createdAt"": ""2026-05-24T09:00:00Z"", ""demoSource"": ""generated-pack""}"
nimbus,ROOFTOP_BAR,ORD-ROOFTOP_BAR-00632,cashier@nimbus.demo,TAKEAWAY,SENT,212800.00,38300.00,0.00,251100.00,,,"{""createdAt"": ""2026-05-24T15:10:00Z"", ""demoSource"": ""generated-pack""}"
nimbus,GARDEN_CAFE,ORD-GARDEN_CAFE-00633,waiter@nimbus.demo,DINE_IN,SERVED,270600.00,48700.00,0.00,319300.00,GC-17,,"{""createdAt"": ""2026-05-24T07:45:00Z"", ""demoSource"": ""generated-pack""}"
nimbus,GARDEN_CAFE,ORD-GARDEN_CAFE-00634,waiter@nimbus.demo,DINE_IN,READY,112700.00,20300.00,0.00,133000.00,GC-12,,"{""createdAt"": ""2026-05-24T15:30:00Z"", ""demoSource"": ""generated-pack""}"
nimbus,GARDEN_CAFE,ORD-GARDEN_CAFE-00635,waiter@nimbus.demo,TAKEAWAY,CLOSED,46800.00,8400.00,0.00,55200.00,,,"{""createdAt"": ""2026-05-24T09:20:00Z"", ""demoSource"": ""generated-pack""}"
nimbus,GARDEN_CAFE,ORD-GARDEN_CAFE-00636,waiter@nimbus.demo,DINE_IN,SENT,48000.00,8600.00,0.00,56600.00,GC-04,,"{""createdAt"": ""2026-05-24T17:10:00Z"", ""demoSource"": ""generated-pack""}"
nimbus,EVENTS_KITCHEN,ORD-EVENTS_KITCHEN-00637,supervisor@nimbus.demo,DINE_IN,CLOSED,265500.00,47800.00,0.00,313300.00,EV-08,,"{""createdAt"": ""2026-05-24T07:20:00Z"", ""demoSource"": ""generated-pack""}"
nimbus,EVENTS_KITCHEN,ORD-EVENTS_KITCHEN-00638,waiter@nimbus.demo,DINE_IN,SENT,421200.00,75800.00,0.00,497000.00,EV-12,,"{""createdAt"": ""2026-05-24T15:30:00Z"", ""demoSource"": ""generated-pack""}"
nimbus,EVENTS_KITCHEN,ORD-EVENTS_KITCHEN-00639,cashier@nimbus.demo,DINE_IN,CLOSED,159200.00,28700.00,0.00,187900.00,EV-07,,"{""createdAt"": ""2026-05-24T17:00:00Z"", ""demoSource"": ""generated-pack""}"
nimbus,EVENTS_KITCHEN,ORD-EVENTS_KITCHEN-00640,waiter@nimbus.demo,TAKEAWAY,CLOSED,262700.00,47300.00,0.00,310000.00,,,"{""createdAt"": ""2026-05-24T17:45:00Z"", ""demoSource"": ""generated-pack""}"
nimbus,TAPAS_DOWNTOWN,ORD-TAPAS_DOWNTOWN-00641,waiter@nimbus.demo,DINE_IN,NEW,70000.00,12600.00,0.00,82600.00,TD-10,,"{""createdAt"": ""2026-05-25T10:45:00Z"", ""demoSource"": ""generated-pack""}"
nimbus,TAPAS_DOWNTOWN,ORD-TAPAS_DOWNTOWN-00642,cashier@nimbus.demo,DINE_IN,NEW,54000.00,9700.00,0.00,63700.00,TD-21,,"{""createdAt"": ""2026-05-25T15:00:00Z"", ""demoSource"": ""generated-pack""}"
nimbus,TAPAS_DOWNTOWN,ORD-TAPAS_DOWNTOWN-00643,cashier@nimbus.demo,DINE_IN,CLOSED,38000.00,6800.00,0.00,44800.00,TD-17,,"{""createdAt"": ""2026-05-25T17:00:00Z"", ""demoSource"": ""generated-pack""}"
nimbus,TAPAS_DOWNTOWN,ORD-TAPAS_DOWNTOWN-00644,cashier@nimbus.demo,DINE_IN,CLOSED,67000.00,11400.00,3400.00,75000.00,TD-09,,"{""createdAt"": ""2026-05-25T10:00:00Z"", ""demoSource"": ""generated-pack""}"
nimbus,TAPAS_DOWNTOWN,ORD-TAPAS_DOWNTOWN-00645,waiter@nimbus.demo,DINE_IN,NEW,132000.00,23800.00,0.00,155800.00,TD-20,,"{""createdAt"": ""2026-05-25T07:10:00Z"", ""demoSource"": ""generated-pack""}"
nimbus,ROOFTOP_BAR,ORD-ROOFTOP_BAR-00646,waiter@nimbus.demo,DINE_IN,SENT,94200.00,17000.00,0.00,111200.00,RB-01,,"{""createdAt"": ""2026-05-25T10:30:00Z"", ""demoSource"": ""generated-pack""}"
nimbus,ROOFTOP_BAR,ORD-ROOFTOP_BAR-00647,supervisor@nimbus.demo,DINE_IN,SERVED,106200.00,19100.00,0.00,125300.00,RB-15,,"{""createdAt"": ""2026-05-25T07:30:00Z"", ""demoSource"": ""generated-pack""}"
nimbus,ROOFTOP_BAR,ORD-ROOFTOP_BAR-00648,waiter@nimbus.demo,DINE_IN,CLOSED,204600.00,36800.00,0.00,241400.00,RB-01,,"{""createdAt"": ""2026-05-25T10:10:00Z"", ""demoSource"": ""generated-pack""}"
nimbus,ROOFTOP_BAR,ORD-ROOFTOP_BAR-00649,supervisor@nimbus.demo,DINE_IN,CLOSED,130800.00,23500.00,0.00,154300.00,RB-09,,"{""createdAt"": ""2026-05-25T10:20:00Z"", ""demoSource"": ""generated-pack""}"
nimbus,ROOFTOP_BAR,ORD-ROOFTOP_BAR-00650,cashier@nimbus.demo,DINE_IN,SENT,67200.00,11500.00,3400.00,75300.00,RB-04,,"{""createdAt"": ""2026-05-25T09:10:00Z"", ""demoSource"": ""generated-pack""}"
nimbus,GARDEN_CAFE,ORD-GARDEN_CAFE-00651,waiter@nimbus.demo,DINE_IN,CLOSED,164600.00,29600.00,0.00,194200.00,GC-12,,"{""createdAt"": ""2026-05-25T07:10:00Z"", ""demoSource"": ""generated-pack""}"
nimbus,GARDEN_CAFE,ORD-GARDEN_CAFE-00652,supervisor@nimbus.demo,DINE_IN,CLOSED,61500.00,11100.00,0.00,72600.00,GC-17,,"{""createdAt"": ""2026-05-25T10:10:00Z"", ""demoSource"": ""generated-pack""}"
nimbus,GARDEN_CAFE,ORD-GARDEN_CAFE-00653,supervisor@nimbus.demo,DINE_IN,CLOSED,145300.00,26200.00,0.00,171500.00,GC-08,,"{""createdAt"": ""2026-05-25T09:45:00Z"", ""demoSource"": ""generated-pack""}"
nimbus,GARDEN_CAFE,ORD-GARDEN_CAFE-00654,waiter@nimbus.demo,DINE_IN,CLOSED,16600.00,3000.00,0.00,19600.00,GC-05,,"{""createdAt"": ""2026-05-25T09:45:00Z"", ""demoSource"": ""generated-pack""}"
nimbus,GARDEN_CAFE,ORD-GARDEN_CAFE-00655,supervisor@nimbus.demo,DINE_IN,READY,24900.00,4500.00,0.00,29400.00,GC-06,,"{""createdAt"": ""2026-05-25T09:30:00Z"", ""demoSource"": ""generated-pack""}"
nimbus,EVENTS_KITCHEN,ORD-EVENTS_KITCHEN-00656,supervisor@nimbus.demo,DINE_IN,NEW,283300.00,51000.00,0.00,334300.00,EV-03,,"{""createdAt"": ""2026-05-25T10:30:00Z"", ""demoSource"": ""generated-pack""}"
nimbus,EVENTS_KITCHEN,ORD-EVENTS_KITCHEN-00657,cashier@nimbus.demo,TAKEAWAY,READY,224600.00,40400.00,0.00,265000.00,,,"{""createdAt"": ""2026-05-25T07:30:00Z"", ""demoSource"": ""generated-pack""}"
nimbus,EVENTS_KITCHEN,ORD-EVENTS_KITCHEN-00658,cashier@nimbus.demo,DINE_IN,SENT,94400.00,17000.00,0.00,111400.00,EV-03,,"{""createdAt"": ""2026-05-25T17:10:00Z"", ""demoSource"": ""generated-pack""}"
nimbus,EVENTS_KITCHEN,ORD-EVENTS_KITCHEN-00659,supervisor@nimbus.demo,DINE_IN,SENT,82600.00,14900.00,0.00,97500.00,EV-01,,"{""createdAt"": ""2026-05-25T09:00:00Z"", ""demoSource"": ""generated-pack""}"
nimbus,EVENTS_KITCHEN,ORD-EVENTS_KITCHEN-00660,waiter@nimbus.demo,TAKEAWAY,SERVED,23600.00,4000.00,1200.00,26400.00,,,"{""createdAt"": ""2026-05-25T09:20:00Z"", ""demoSource"": ""generated-pack""}"
nimbus,TAPAS_DOWNTOWN,ORD-TAPAS_DOWNTOWN-00661,waiter@nimbus.demo,DINE_IN,CLOSED,84000.00,14400.00,4200.00,94200.00,TD-10,,"{""createdAt"": ""2026-05-26T09:30:00Z"", ""demoSource"": ""generated-pack""}"
nimbus,ROOFTOP_BAR,ORD-ROOFTOP_BAR-00662,supervisor@nimbus.demo,DINE_IN,CLOSED,31400.00,5700.00,0.00,37100.00,RB-04,,"{""createdAt"": ""2026-05-26T09:20:00Z"", ""demoSource"": ""generated-pack""}"
nimbus,GARDEN_CAFE,ORD-GARDEN_CAFE-00663,supervisor@nimbus.demo,DINE_IN,CLOSED,136000.00,24500.00,0.00,160500.00,GC-17,,"{""createdAt"": ""2026-05-26T09:45:00Z"", ""demoSource"": ""generated-pack""}"
nimbus,EVENTS_KITCHEN,ORD-EVENTS_KITCHEN-00664,waiter@nimbus.demo,DINE_IN,SERVED,325800.00,58600.00,0.00,384400.00,EV-11,,"{""createdAt"": ""2026-05-26T17:30:00Z"", ""demoSource"": ""generated-pack""}"
nimbus,TAPAS_DOWNTOWN,ORD-TAPAS_DOWNTOWN-00665,supervisor@nimbus.demo,TAKEAWAY,CLOSED,110000.00,19800.00,0.00,129800.00,,,"{""createdAt"": ""2026-05-27T15:20:00Z"", ""demoSource"": ""generated-pack""}"
nimbus,TAPAS_DOWNTOWN,ORD-TAPAS_DOWNTOWN-00666,supervisor@nimbus.demo,DINE_IN,CLOSED,241000.00,43400.00,0.00,284400.00,TD-22,,"{""createdAt"": ""2026-05-27T17:45:00Z"", ""demoSource"": ""generated-pack""}"
nimbus,ROOFTOP_BAR,ORD-ROOFTOP_BAR-00667,waiter@nimbus.demo,DINE_IN,CLOSED,68200.00,12300.00,0.00,80500.00,RB-15,,"{""createdAt"": ""2026-05-27T09:45:00Z"", ""demoSource"": ""generated-pack""}"
nimbus,ROOFTOP_BAR,ORD-ROOFTOP_BAR-00668,cashier@nimbus.demo,DINE_IN,CLOSED,160300.00,27400.00,8000.00,179700.00,RB-15,,"{""createdAt"": ""2026-05-27T10:10:00Z"", ""demoSource"": ""generated-pack""}"
nimbus,GARDEN_CAFE,ORD-GARDEN_CAFE-00669,supervisor@nimbus.demo,DINE_IN,SERVED,201200.00,36200.00,0.00,237400.00,GC-01,,"{""createdAt"": ""2026-05-27T07:45:00Z"", ""demoSource"": ""generated-pack""}"
nimbus,GARDEN_CAFE,ORD-GARDEN_CAFE-00670,cashier@nimbus.demo,TAKEAWAY,CLOSED,154700.00,26500.00,7700.00,173500.00,,,"{""createdAt"": ""2026-05-27T17:10:00Z"", ""demoSource"": ""generated-pack""}"
nimbus,EVENTS_KITCHEN,ORD-EVENTS_KITCHEN-00671,cashier@nimbus.demo,TAKEAWAY,CLOSED,133400.00,24000.00,0.00,157400.00,,,"{""createdAt"": ""2026-05-27T10:30:00Z"", ""demoSource"": ""generated-pack""}"
nimbus,EVENTS_KITCHEN,ORD-EVENTS_KITCHEN-00672,cashier@nimbus.demo,DINE_IN,SENT,169800.00,30600.00,0.00,200400.00,EV-04,,"{""createdAt"": ""2026-05-27T09:10:00Z"", ""demoSource"": ""generated-pack""}"
nimbus,TAPAS_DOWNTOWN,ORD-TAPAS_DOWNTOWN-00673,cashier@nimbus.demo,TAKEAWAY,NEW,12000.00,2200.00,0.00,14200.00,,,"{""createdAt"": ""2026-05-28T10:30:00Z"", ""demoSource"": ""generated-pack""}"
nimbus,TAPAS_DOWNTOWN,ORD-TAPAS_DOWNTOWN-00674,cashier@nimbus.demo,DINE_IN,CLOSED,34000.00,6100.00,0.00,40100.00,TD-22,,"{""createdAt"": ""2026-05-28T15:30:00Z"", ""demoSource"": ""generated-pack""}"
nimbus,TAPAS_DOWNTOWN,ORD-TAPAS_DOWNTOWN-00675,supervisor@nimbus.demo,DINE_IN,CLOSED,90000.00,16200.00,0.00,106200.00,TD-08,,"{""createdAt"": ""2026-05-28T07:00:00Z"", ""demoSource"": ""generated-pack""}"
nimbus,ROOFTOP_BAR,ORD-ROOFTOP_BAR-00676,cashier@nimbus.demo,DINE_IN,NEW,44600.00,8000.00,0.00,52600.00,RB-06,,"{""createdAt"": ""2026-05-28T15:45:00Z"", ""demoSource"": ""generated-pack""}"
nimbus,ROOFTOP_BAR,ORD-ROOFTOP_BAR-00677,waiter@nimbus.demo,DINE_IN,SENT,47100.00,8500.00,0.00,55600.00,RB-08,,"{""createdAt"": ""2026-05-28T17:10:00Z"", ""demoSource"": ""generated-pack""}"
nimbus,ROOFTOP_BAR,ORD-ROOFTOP_BAR-00678,waiter@nimbus.demo,DINE_IN,CLOSED,120900.00,21800.00,0.00,142700.00,RB-14,,"{""createdAt"": ""2026-05-28T09:10:00Z"", ""demoSource"": ""generated-pack""}"
nimbus,GARDEN_CAFE,ORD-GARDEN_CAFE-00679,cashier@nimbus.demo,DINE_IN,CLOSED,40500.00,6900.00,2000.00,45400.00,GC-11,,"{""createdAt"": ""2026-05-28T07:30:00Z"", ""demoSource"": ""generated-pack""}"
nimbus,GARDEN_CAFE,ORD-GARDEN_CAFE-00680,waiter@nimbus.demo,DINE_IN,CLOSED,33000.00,5900.00,0.00,38900.00,GC-13,,"{""createdAt"": ""2026-05-28T10:30:00Z"", ""demoSource"": ""generated-pack""}"
nimbus,GARDEN_CAFE,ORD-GARDEN_CAFE-00681,cashier@nimbus.demo,DINE_IN,CLOSED,177100.00,31900.00,0.00,209000.00,GC-12,,"{""createdAt"": ""2026-05-28T07:45:00Z"", ""demoSource"": ""generated-pack""}"
nimbus,EVENTS_KITCHEN,ORD-EVENTS_KITCHEN-00682,waiter@nimbus.demo,DINE_IN,CLOSED,133600.00,24000.00,0.00,157600.00,EV-01,,"{""createdAt"": ""2026-05-28T09:30:00Z"", ""demoSource"": ""generated-pack""}"
nimbus,EVENTS_KITCHEN,ORD-EVENTS_KITCHEN-00683,supervisor@nimbus.demo,DINE_IN,CLOSED,75600.00,13600.00,0.00,89200.00,EV-09,,"{""createdAt"": ""2026-05-28T15:20:00Z"", ""demoSource"": ""generated-pack""}"
nimbus,EVENTS_KITCHEN,ORD-EVENTS_KITCHEN-00684,waiter@nimbus.demo,DINE_IN,NEW,114500.00,20600.00,0.00,135100.00,EV-11,,"{""createdAt"": ""2026-05-28T17:30:00Z"", ""demoSource"": ""generated-pack""}"
nimbus,TAPAS_DOWNTOWN,ORD-TAPAS_DOWNTOWN-00685,cashier@nimbus.demo,DINE_IN,CLOSED,33000.00,5900.00,0.00,38900.00,TD-10,,"{""createdAt"": ""2026-05-29T17:30:00Z"", ""demoSource"": ""generated-pack""}"
nimbus,TAPAS_DOWNTOWN,ORD-TAPAS_DOWNTOWN-00686,waiter@nimbus.demo,TAKEAWAY,SENT,220000.00,39600.00,0.00,259600.00,,,"{""createdAt"": ""2026-05-29T17:00:00Z"", ""demoSource"": ""generated-pack""}"
nimbus,TAPAS_DOWNTOWN,ORD-TAPAS_DOWNTOWN-00687,supervisor@nimbus.demo,DINE_IN,READY,137000.00,24700.00,0.00,161700.00,TD-20,,"{""createdAt"": ""2026-05-29T10:10:00Z"", ""demoSource"": ""generated-pack""}"
nimbus,TAPAS_DOWNTOWN,ORD-TAPAS_DOWNTOWN-00688,waiter@nimbus.demo,DINE_IN,CLOSED,128000.00,23000.00,0.00,151000.00,TD-19,,"{""createdAt"": ""2026-05-29T17:30:00Z"", ""demoSource"": ""generated-pack""}"
nimbus,ROOFTOP_BAR,ORD-ROOFTOP_BAR-00689,cashier@nimbus.demo,DINE_IN,CLOSED,119900.00,20500.00,6000.00,134400.00,RB-12,,"{""createdAt"": ""2026-05-29T15:00:00Z"", ""demoSource"": ""generated-pack""}"
nimbus,ROOFTOP_BAR,ORD-ROOFTOP_BAR-00690,cashier@nimbus.demo,DINE_IN,CLOSED,53800.00,9700.00,0.00,63500.00,RB-14,,"{""createdAt"": ""2026-05-29T10:00:00Z"", ""demoSource"": ""generated-pack""}"
nimbus,ROOFTOP_BAR,ORD-ROOFTOP_BAR-00691,supervisor@nimbus.demo,DINE_IN,CLOSED,103700.00,18700.00,0.00,122400.00,RB-16,,"{""createdAt"": ""2026-05-29T07:20:00Z"", ""demoSource"": ""generated-pack""}"
nimbus,ROOFTOP_BAR,ORD-ROOFTOP_BAR-00692,supervisor@nimbus.demo,TAKEAWAY,SERVED,195200.00,35100.00,0.00,230300.00,,,"{""createdAt"": ""2026-05-29T07:45:00Z"", ""demoSource"": ""generated-pack""}"
nimbus,GARDEN_CAFE,ORD-GARDEN_CAFE-00693,cashier@nimbus.demo,DINE_IN,CLOSED,106600.00,19200.00,0.00,125800.00,GC-05,,"{""createdAt"": ""2026-05-29T15:00:00Z"", ""demoSource"": ""generated-pack""}"
nimbus,GARDEN_CAFE,ORD-GARDEN_CAFE-00694,supervisor@nimbus.demo,TAKEAWAY,CLOSED,88200.00,15100.00,4400.00,98900.00,,,"{""createdAt"": ""2026-05-29T10:45:00Z"", ""demoSource"": ""generated-pack""}"
nimbus,GARDEN_CAFE,ORD-GARDEN_CAFE-00695,cashier@nimbus.demo,DINE_IN,CLOSED,164700.00,28200.00,8200.00,184700.00,GC-03,,"{""createdAt"": ""2026-05-29T15:20:00Z"", ""demoSource"": ""generated-pack""}"
nimbus,GARDEN_CAFE,ORD-GARDEN_CAFE-00696,cashier@nimbus.demo,DINE_IN,CLOSED,259300.00,46700.00,0.00,306000.00,GC-07,,"{""createdAt"": ""2026-05-29T10:20:00Z"", ""demoSource"": ""generated-pack""}"
nimbus,EVENTS_KITCHEN,ORD-EVENTS_KITCHEN-00697,waiter@nimbus.demo,DINE_IN,CLOSED,478000.00,86000.00,0.00,564000.00,EV-11,,"{""createdAt"": ""2026-05-29T07:20:00Z"", ""demoSource"": ""generated-pack""}"
nimbus,EVENTS_KITCHEN,ORD-EVENTS_KITCHEN-00698,supervisor@nimbus.demo,TAKEAWAY,READY,359900.00,61500.00,18000.00,403400.00,,,"{""createdAt"": ""2026-05-29T15:30:00Z"", ""demoSource"": ""generated-pack""}"
nimbus,EVENTS_KITCHEN,ORD-EVENTS_KITCHEN-00699,waiter@nimbus.demo,DINE_IN,CLOSED,219800.00,39600.00,0.00,259400.00,EV-03,,"{""createdAt"": ""2026-05-29T10:00:00Z"", ""demoSource"": ""generated-pack""}"
nimbus,EVENTS_KITCHEN,ORD-EVENTS_KITCHEN-00700,cashier@nimbus.demo,DINE_IN,READY,148800.00,26800.00,0.00,175600.00,EV-06,,"{""createdAt"": ""2026-05-29T15:20:00Z"", ""demoSource"": ""generated-pack""}"
nimbus,TAPAS_DOWNTOWN,ORD-TAPAS_DOWNTOWN-00701,waiter@nimbus.demo,DINE_IN,SENT,210000.00,37800.00,0.00,247800.00,TD-17,,"{""createdAt"": ""2026-05-30T09:30:00Z"", ""demoSource"": ""generated-pack""}"
nimbus,TAPAS_DOWNTOWN,ORD-TAPAS_DOWNTOWN-00702,waiter@nimbus.demo,TAKEAWAY,CLOSED,146000.00,26300.00,0.00,172300.00,,,"{""createdAt"": ""2026-05-30T17:30:00Z"", ""demoSource"": ""generated-pack""}"
nimbus,TAPAS_DOWNTOWN,ORD-TAPAS_DOWNTOWN-00703,waiter@nimbus.demo,DINE_IN,READY,30000.00,5400.00,0.00,35400.00,TD-17,,"{""createdAt"": ""2026-05-30T15:20:00Z"", ""demoSource"": ""generated-pack""}"
nimbus,TAPAS_DOWNTOWN,ORD-TAPAS_DOWNTOWN-00704,supervisor@nimbus.demo,DINE_IN,CLOSED,48000.00,8600.00,0.00,56600.00,TD-02,,"{""createdAt"": ""2026-05-30T15:00:00Z"", ""demoSource"": ""generated-pack""}"
nimbus,TAPAS_DOWNTOWN,ORD-TAPAS_DOWNTOWN-00705,supervisor@nimbus.demo,TAKEAWAY,CLOSED,64000.00,10900.00,3200.00,71700.00,,,"{""createdAt"": ""2026-05-30T10:20:00Z"", ""demoSource"": ""generated-pack""}"
nimbus,ROOFTOP_BAR,ORD-ROOFTOP_BAR-00706,cashier@nimbus.demo,DINE_IN,NEW,143400.00,25800.00,0.00,169200.00,RB-10,,"{""createdAt"": ""2026-05-30T17:00:00Z"", ""demoSource"": ""generated-pack""}"
nimbus,ROOFTOP_BAR,ORD-ROOFTOP_BAR-00707,cashier@nimbus.demo,DINE_IN,CLOSED,53800.00,9700.00,0.00,63500.00,RB-16,,"{""createdAt"": ""2026-05-30T10:30:00Z"", ""demoSource"": ""generated-pack""}"
nimbus,ROOFTOP_BAR,ORD-ROOFTOP_BAR-00708,waiter@nimbus.demo,DINE_IN,SENT,178300.00,32100.00,0.00,210400.00,RB-08,,"{""createdAt"": ""2026-05-30T09:20:00Z"", ""demoSource"": ""generated-pack""}"
nimbus,ROOFTOP_BAR,ORD-ROOFTOP_BAR-00709,cashier@nimbus.demo,DINE_IN,CLOSED,67200.00,12100.00,0.00,79300.00,RB-03,,"{""createdAt"": ""2026-05-30T10:20:00Z"", ""demoSource"": ""generated-pack""}"
nimbus,ROOFTOP_BAR,ORD-ROOFTOP_BAR-00710,cashier@nimbus.demo,DINE_IN,CLOSED,244400.00,44000.00,0.00,288400.00,RB-14,,"{""createdAt"": ""2026-05-30T07:20:00Z"", ""demoSource"": ""generated-pack""}"
nimbus,GARDEN_CAFE,ORD-GARDEN_CAFE-00711,waiter@nimbus.demo,DINE_IN,SENT,213500.00,38400.00,0.00,251900.00,GC-07,,"{""createdAt"": ""2026-05-30T17:45:00Z"", ""demoSource"": ""generated-pack""}"
nimbus,GARDEN_CAFE,ORD-GARDEN_CAFE-00712,supervisor@nimbus.demo,DINE_IN,CLOSED,98500.00,17700.00,0.00,116200.00,GC-16,,"{""createdAt"": ""2026-05-30T17:30:00Z"", ""demoSource"": ""generated-pack""}"
nimbus,GARDEN_CAFE,ORD-GARDEN_CAFE-00713,supervisor@nimbus.demo,DINE_IN,SERVED,106700.00,19200.00,0.00,125900.00,GC-05,,"{""createdAt"": ""2026-05-30T17:45:00Z"", ""demoSource"": ""generated-pack""}"
nimbus,GARDEN_CAFE,ORD-GARDEN_CAFE-00714,cashier@nimbus.demo,DINE_IN,NEW,48600.00,8300.00,2400.00,54500.00,GC-16,,"{""createdAt"": ""2026-05-30T09:10:00Z"", ""demoSource"": ""generated-pack""}"
nimbus,GARDEN_CAFE,ORD-GARDEN_CAFE-00715,cashier@nimbus.demo,DINE_IN,NEW,151000.00,27200.00,0.00,178200.00,GC-02,,"{""createdAt"": ""2026-05-30T17:00:00Z"", ""demoSource"": ""generated-pack""}"
nimbus,EVENTS_KITCHEN,ORD-EVENTS_KITCHEN-00716,waiter@nimbus.demo,DINE_IN,CLOSED,68400.00,12300.00,0.00,80700.00,EV-08,,"{""createdAt"": ""2026-05-30T07:00:00Z"", ""demoSource"": ""generated-pack""}"
nimbus,EVENTS_KITCHEN,ORD-EVENTS_KITCHEN-00717,supervisor@nimbus.demo,DINE_IN,CLOSED,108000.00,18500.00,5400.00,121100.00,EV-08,,"{""createdAt"": ""2026-05-30T15:45:00Z"", ""demoSource"": ""generated-pack""}"
nimbus,EVENTS_KITCHEN,ORD-EVENTS_KITCHEN-00718,cashier@nimbus.demo,DINE_IN,CLOSED,172800.00,31100.00,0.00,203900.00,EV-02,,"{""createdAt"": ""2026-05-30T07:20:00Z"", ""demoSource"": ""generated-pack""}"
nimbus,EVENTS_KITCHEN,ORD-EVENTS_KITCHEN-00719,waiter@nimbus.demo,DINE_IN,CLOSED,295100.00,53100.00,0.00,348200.00,EV-06,,"{""createdAt"": ""2026-05-30T07:00:00Z"", ""demoSource"": ""generated-pack""}"
nimbus,EVENTS_KITCHEN,ORD-EVENTS_KITCHEN-00720,waiter@nimbus.demo,DINE_IN,CLOSED,52000.00,9400.00,0.00,61400.00,EV-02,,"{""createdAt"": ""2026-05-30T17:30:00Z"", ""demoSource"": ""generated-pack""}"
nimbus,TAPAS_DOWNTOWN,ORD-TAPAS_DOWNTOWN-00721,supervisor@nimbus.demo,TAKEAWAY,SENT,144000.00,25900.00,0.00,169900.00,,,"{""createdAt"": ""2026-05-31T15:20:00Z"", ""demoSource"": ""generated-pack""}"
nimbus,ROOFTOP_BAR,ORD-ROOFTOP_BAR-00722,cashier@nimbus.demo,DINE_IN,SENT,92300.00,16600.00,0.00,108900.00,RB-08,,"{""createdAt"": ""2026-05-31T17:20:00Z"", ""demoSource"": ""generated-pack""}"
nimbus,GARDEN_CAFE,ORD-GARDEN_CAFE-00723,cashier@nimbus.demo,TAKEAWAY,SENT,140400.00,24000.00,7000.00,157400.00,,,"{""createdAt"": ""2026-05-31T07:10:00Z"", ""demoSource"": ""generated-pack""}"
nimbus,EVENTS_KITCHEN,ORD-EVENTS_KITCHEN-00724,cashier@nimbus.demo,DINE_IN,SENT,127500.00,23000.00,0.00,150500.00,EV-04,,"{""createdAt"": ""2026-05-31T07:00:00Z"", ""demoSource"": ""generated-pack""}"
nimbus,TAPAS_DOWNTOWN,ORD-TAPAS_DOWNTOWN-00725,cashier@nimbus.demo,DINE_IN,CLOSED,210000.00,37800.00,0.00,247800.00,TD-14,,"{""createdAt"": ""2026-06-01T15:45:00Z"", ""demoSource"": ""generated-pack""}"
nimbus,TAPAS_DOWNTOWN,ORD-TAPAS_DOWNTOWN-00726,supervisor@nimbus.demo,DINE_IN,NEW,36000.00,6500.00,0.00,42500.00,TD-22,,"{""createdAt"": ""2026-06-01T10:45:00Z"", ""demoSource"": ""generated-pack""}"
nimbus,ROOFTOP_BAR,ORD-ROOFTOP_BAR-00727,supervisor@nimbus.demo,DINE_IN,NEW,79500.00,14300.00,0.00,93800.00,RB-04,,"{""createdAt"": ""2026-06-01T15:45:00Z"", ""demoSource"": ""generated-pack""}"
nimbus,ROOFTOP_BAR,ORD-ROOFTOP_BAR-00728,supervisor@nimbus.demo,DINE_IN,CLOSED,32000.00,5800.00,0.00,37800.00,RB-04,,"{""createdAt"": ""2026-06-01T10:00:00Z"", ""demoSource"": ""generated-pack""}"
nimbus,GARDEN_CAFE,ORD-GARDEN_CAFE-00729,supervisor@nimbus.demo,DINE_IN,CLOSED,95600.00,17200.00,0.00,112800.00,GC-01,,"{""createdAt"": ""2026-06-01T17:30:00Z"", ""demoSource"": ""generated-pack""}"
nimbus,GARDEN_CAFE,ORD-GARDEN_CAFE-00730,waiter@nimbus.demo,DINE_IN,SERVED,140100.00,25200.00,0.00,165300.00,GC-15,,"{""createdAt"": ""2026-06-01T15:10:00Z"", ""demoSource"": ""generated-pack""}"
nimbus,EVENTS_KITCHEN,ORD-EVENTS_KITCHEN-00731,waiter@nimbus.demo,DINE_IN,CLOSED,212300.00,38200.00,0.00,250500.00,EV-02,,"{""createdAt"": ""2026-06-01T15:10:00Z"", ""demoSource"": ""generated-pack""}"
nimbus,EVENTS_KITCHEN,ORD-EVENTS_KITCHEN-00732,waiter@nimbus.demo,DINE_IN,CLOSED,276000.00,49700.00,0.00,325700.00,EV-08,,"{""createdAt"": ""2026-06-01T09:10:00Z"", ""demoSource"": ""generated-pack""}"
nimbus,TAPAS_DOWNTOWN,ORD-TAPAS_DOWNTOWN-00733,supervisor@nimbus.demo,DINE_IN,SERVED,168000.00,30200.00,0.00,198200.00,TD-01,,"{""createdAt"": ""2026-06-02T17:45:00Z"", ""demoSource"": ""generated-pack""}"
nimbus,TAPAS_DOWNTOWN,ORD-TAPAS_DOWNTOWN-00734,cashier@nimbus.demo,TAKEAWAY,SENT,152000.00,27400.00,0.00,179400.00,,,"{""createdAt"": ""2026-06-02T07:20:00Z"", ""demoSource"": ""generated-pack""}"
nimbus,TAPAS_DOWNTOWN,ORD-TAPAS_DOWNTOWN-00735,cashier@nimbus.demo,DINE_IN,CLOSED,52000.00,9400.00,0.00,61400.00,TD-18,,"{""createdAt"": ""2026-06-02T17:10:00Z"", ""demoSource"": ""generated-pack""}"
nimbus,ROOFTOP_BAR,ORD-ROOFTOP_BAR-00736,waiter@nimbus.demo,TAKEAWAY,CLOSED,164500.00,28100.00,8200.00,184400.00,,,"{""createdAt"": ""2026-06-02T17:45:00Z"", ""demoSource"": ""generated-pack""}"
nimbus,ROOFTOP_BAR,ORD-ROOFTOP_BAR-00737,supervisor@nimbus.demo,DINE_IN,SENT,53800.00,9700.00,0.00,63500.00,RB-04,,"{""createdAt"": ""2026-06-02T09:45:00Z"", ""demoSource"": ""generated-pack""}"
nimbus,ROOFTOP_BAR,ORD-ROOFTOP_BAR-00738,supervisor@nimbus.demo,DINE_IN,READY,205000.00,36900.00,0.00,241900.00,RB-11,,"{""createdAt"": ""2026-06-02T17:10:00Z"", ""demoSource"": ""generated-pack""}"
nimbus,GARDEN_CAFE,ORD-GARDEN_CAFE-00739,supervisor@nimbus.demo,TAKEAWAY,CLOSED,49700.00,8900.00,0.00,58600.00,,,"{""createdAt"": ""2026-06-02T17:10:00Z"", ""demoSource"": ""generated-pack""}"
nimbus,GARDEN_CAFE,ORD-GARDEN_CAFE-00740,cashier@nimbus.demo,DINE_IN,CLOSED,91900.00,16500.00,0.00,108400.00,GC-02,,"{""createdAt"": ""2026-06-02T17:45:00Z"", ""demoSource"": ""generated-pack""}"
nimbus,GARDEN_CAFE,ORD-GARDEN_CAFE-00741,waiter@nimbus.demo,DINE_IN,CLOSED,24900.00,4500.00,0.00,29400.00,GC-10,,"{""createdAt"": ""2026-06-02T10:45:00Z"", ""demoSource"": ""generated-pack""}"
nimbus,EVENTS_KITCHEN,ORD-EVENTS_KITCHEN-00742,waiter@nimbus.demo,DINE_IN,CLOSED,393200.00,70800.00,0.00,464000.00,EV-11,,"{""createdAt"": ""2026-06-02T10:45:00Z"", ""demoSource"": ""generated-pack""}"
nimbus,EVENTS_KITCHEN,ORD-EVENTS_KITCHEN-00743,supervisor@nimbus.demo,DINE_IN,READY,362300.00,65200.00,0.00,427500.00,EV-11,,"{""createdAt"": ""2026-06-02T07:00:00Z"", ""demoSource"": ""generated-pack""}"
nimbus,EVENTS_KITCHEN,ORD-EVENTS_KITCHEN-00744,waiter@nimbus.demo,DINE_IN,CLOSED,116400.00,21000.00,0.00,137400.00,EV-05,,"{""createdAt"": ""2026-06-02T07:00:00Z"", ""demoSource"": ""generated-pack""}"
nimbus,TAPAS_DOWNTOWN,ORD-TAPAS_DOWNTOWN-00745,waiter@nimbus.demo,DINE_IN,CLOSED,100000.00,17100.00,5000.00,112100.00,TD-19,,"{""createdAt"": ""2026-06-03T07:30:00Z"", ""demoSource"": ""generated-pack""}"
nimbus,TAPAS_DOWNTOWN,ORD-TAPAS_DOWNTOWN-00746,cashier@nimbus.demo,TAKEAWAY,CLOSED,144000.00,25900.00,0.00,169900.00,,,"{""createdAt"": ""2026-06-03T07:10:00Z"", ""demoSource"": ""generated-pack""}"
nimbus,TAPAS_DOWNTOWN,ORD-TAPAS_DOWNTOWN-00747,waiter@nimbus.demo,DINE_IN,CLOSED,140000.00,25200.00,0.00,165200.00,TD-04,,"{""createdAt"": ""2026-06-03T07:00:00Z"", ""demoSource"": ""generated-pack""}"
nimbus,TAPAS_DOWNTOWN,ORD-TAPAS_DOWNTOWN-00748,supervisor@nimbus.demo,DINE_IN,CLOSED,56000.00,10100.00,0.00,66100.00,TD-08,,"{""createdAt"": ""2026-06-03T15:30:00Z"", ""demoSource"": ""generated-pack""}"
nimbus,ROOFTOP_BAR,ORD-ROOFTOP_BAR-00749,waiter@nimbus.demo,DINE_IN,CLOSED,26800.00,4800.00,0.00,31600.00,RB-07,,"{""createdAt"": ""2026-06-03T09:10:00Z"", ""demoSource"": ""generated-pack""}"
nimbus,ROOFTOP_BAR,ORD-ROOFTOP_BAR-00750,supervisor@nimbus.demo,DINE_IN,CLOSED,189800.00,32500.00,9500.00,212800.00,RB-13,,"{""createdAt"": ""2026-06-03T15:30:00Z"", ""demoSource"": ""generated-pack""}"
nimbus,ROOFTOP_BAR,ORD-ROOFTOP_BAR-00751,cashier@nimbus.demo,DINE_IN,NEW,153500.00,27600.00,0.00,181100.00,RB-04,,"{""createdAt"": ""2026-06-03T07:30:00Z"", ""demoSource"": ""generated-pack""}"
nimbus,ROOFTOP_BAR,ORD-ROOFTOP_BAR-00752,waiter@nimbus.demo,DINE_IN,SERVED,19000.00,3400.00,0.00,22400.00,RB-16,,"{""createdAt"": ""2026-06-03T15:10:00Z"", ""demoSource"": ""generated-pack""}"
nimbus,GARDEN_CAFE,ORD-GARDEN_CAFE-00753,supervisor@nimbus.demo,DINE_IN,CLOSED,127300.00,22900.00,0.00,150200.00,GC-06,,"{""createdAt"": ""2026-06-03T17:30:00Z"", ""demoSource"": ""generated-pack""}"
nimbus,GARDEN_CAFE,ORD-GARDEN_CAFE-00754,supervisor@nimbus.demo,DINE_IN,CLOSED,78100.00,13400.00,3900.00,87600.00,GC-17,,"{""createdAt"": ""2026-06-03T15:10:00Z"", ""demoSource"": ""generated-pack""}"
nimbus,GARDEN_CAFE,ORD-GARDEN_CAFE-00755,waiter@nimbus.demo,DINE_IN,SENT,159800.00,27300.00,8000.00,179100.00,GC-04,,"{""createdAt"": ""2026-06-03T17:45:00Z"", ""demoSource"": ""generated-pack""}"
nimbus,GARDEN_CAFE,ORD-GARDEN_CAFE-00756,supervisor@nimbus.demo,TAKEAWAY,NEW,171600.00,29300.00,8600.00,192300.00,,,"{""createdAt"": ""2026-06-03T09:30:00Z"", ""demoSource"": ""generated-pack""}"
nimbus,EVENTS_KITCHEN,ORD-EVENTS_KITCHEN-00757,waiter@nimbus.demo,DINE_IN,CLOSED,101400.00,18300.00,0.00,119700.00,EV-08,,"{""createdAt"": ""2026-06-03T15:45:00Z"", ""demoSource"": ""generated-pack""}"
nimbus,EVENTS_KITCHEN,ORD-EVENTS_KITCHEN-00758,supervisor@nimbus.demo,DINE_IN,CLOSED,347900.00,62600.00,0.00,410500.00,EV-09,,"{""createdAt"": ""2026-06-03T07:30:00Z"", ""demoSource"": ""generated-pack""}"
nimbus,EVENTS_KITCHEN,ORD-EVENTS_KITCHEN-00759,waiter@nimbus.demo,DINE_IN,CLOSED,139200.00,25100.00,0.00,164300.00,EV-05,,"{""createdAt"": ""2026-06-03T07:30:00Z"", ""demoSource"": ""generated-pack""}"
nimbus,EVENTS_KITCHEN,ORD-EVENTS_KITCHEN-00760,supervisor@nimbus.demo,DINE_IN,SENT,293600.00,52800.00,0.00,346400.00,EV-05,,"{""createdAt"": ""2026-06-03T17:20:00Z"", ""demoSource"": ""generated-pack""}"
nimbus,TAPAS_DOWNTOWN,ORD-TAPAS_DOWNTOWN-00761,waiter@nimbus.demo,DINE_IN,CLOSED,132000.00,23800.00,0.00,155800.00,TD-08,,"{""createdAt"": ""2026-06-04T17:30:00Z"", ""demoSource"": ""generated-pack""}"
nimbus,TAPAS_DOWNTOWN,ORD-TAPAS_DOWNTOWN-00762,cashier@nimbus.demo,DINE_IN,NEW,57000.00,10300.00,0.00,67300.00,TD-22,,"{""createdAt"": ""2026-06-04T15:45:00Z"", ""demoSource"": ""generated-pack""}"
nimbus,TAPAS_DOWNTOWN,ORD-TAPAS_DOWNTOWN-00763,supervisor@nimbus.demo,DINE_IN,SERVED,52000.00,9400.00,0.00,61400.00,TD-22,,"{""createdAt"": ""2026-06-04T15:30:00Z"", ""demoSource"": ""generated-pack""}"
nimbus,TAPAS_DOWNTOWN,ORD-TAPAS_DOWNTOWN-00764,supervisor@nimbus.demo,DINE_IN,CLOSED,168000.00,30200.00,0.00,198200.00,TD-22,,"{""createdAt"": ""2026-06-04T17:30:00Z"", ""demoSource"": ""generated-pack""}"
nimbus,TAPAS_DOWNTOWN,ORD-TAPAS_DOWNTOWN-00765,supervisor@nimbus.demo,DINE_IN,CLOSED,198000.00,35600.00,0.00,233600.00,TD-02,,"{""createdAt"": ""2026-06-04T15:20:00Z"", ""demoSource"": ""generated-pack""}"
nimbus,ROOFTOP_BAR,ORD-ROOFTOP_BAR-00766,cashier@nimbus.demo,DINE_IN,CLOSED,158800.00,28600.00,0.00,187400.00,RB-05,,"{""createdAt"": ""2026-06-04T15:00:00Z"", ""demoSource"": ""generated-pack""}"
nimbus,ROOFTOP_BAR,ORD-ROOFTOP_BAR-00767,supervisor@nimbus.demo,DINE_IN,CLOSED,37000.00,6700.00,0.00,43700.00,RB-04,,"{""createdAt"": ""2026-06-04T09:20:00Z"", ""demoSource"": ""generated-pack""}"
nimbus,ROOFTOP_BAR,ORD-ROOFTOP_BAR-00768,supervisor@nimbus.demo,DINE_IN,CLOSED,160200.00,28800.00,0.00,189000.00,RB-13,,"{""createdAt"": ""2026-06-04T09:20:00Z"", ""demoSource"": ""generated-pack""}"
nimbus,ROOFTOP_BAR,ORD-ROOFTOP_BAR-00769,supervisor@nimbus.demo,DINE_IN,NEW,92300.00,16600.00,0.00,108900.00,RB-10,,"{""createdAt"": ""2026-06-04T15:30:00Z"", ""demoSource"": ""generated-pack""}"
nimbus,ROOFTOP_BAR,ORD-ROOFTOP_BAR-00770,waiter@nimbus.demo,DINE_IN,CLOSED,174900.00,29900.00,8700.00,196100.00,RB-10,,"{""createdAt"": ""2026-06-04T09:30:00Z"", ""demoSource"": ""generated-pack""}"
nimbus,GARDEN_CAFE,ORD-GARDEN_CAFE-00771,waiter@nimbus.demo,DINE_IN,READY,93000.00,16700.00,0.00,109700.00,GC-16,,"{""createdAt"": ""2026-06-04T17:45:00Z"", ""demoSource"": ""generated-pack""}"
nimbus,GARDEN_CAFE,ORD-GARDEN_CAFE-00772,waiter@nimbus.demo,DINE_IN,SERVED,32000.00,5800.00,0.00,37800.00,GC-18,,"{""createdAt"": ""2026-06-04T10:20:00Z"", ""demoSource"": ""generated-pack""}"
nimbus,GARDEN_CAFE,ORD-GARDEN_CAFE-00773,cashier@nimbus.demo,DINE_IN,CLOSED,103600.00,18600.00,0.00,122200.00,GC-07,,"{""createdAt"": ""2026-06-04T17:20:00Z"", ""demoSource"": ""generated-pack""}"
nimbus,GARDEN_CAFE,ORD-GARDEN_CAFE-00774,waiter@nimbus.demo,TAKEAWAY,CLOSED,64400.00,11600.00,0.00,76000.00,,,"{""createdAt"": ""2026-06-04T15:10:00Z"", ""demoSource"": ""generated-pack""}"
nimbus,GARDEN_CAFE,ORD-GARDEN_CAFE-00775,cashier@nimbus.demo,DINE_IN,SENT,54100.00,9700.00,0.00,63800.00,GC-01,,"{""createdAt"": ""2026-06-04T15:45:00Z"", ""demoSource"": ""generated-pack""}"
nimbus,EVENTS_KITCHEN,ORD-EVENTS_KITCHEN-00776,waiter@nimbus.demo,DINE_IN,CLOSED,49600.00,8900.00,0.00,58500.00,EV-05,,"{""createdAt"": ""2026-06-04T10:45:00Z"", ""demoSource"": ""generated-pack""}"
nimbus,EVENTS_KITCHEN,ORD-EVENTS_KITCHEN-00777,supervisor@nimbus.demo,DINE_IN,CLOSED,94400.00,17000.00,0.00,111400.00,EV-03,,"{""createdAt"": ""2026-06-04T10:10:00Z"", ""demoSource"": ""generated-pack""}"
nimbus,EVENTS_KITCHEN,ORD-EVENTS_KITCHEN-00778,cashier@nimbus.demo,DINE_IN,CLOSED,318600.00,57300.00,0.00,375900.00,EV-12,,"{""createdAt"": ""2026-06-04T17:20:00Z"", ""demoSource"": ""generated-pack""}"
nimbus,EVENTS_KITCHEN,ORD-EVENTS_KITCHEN-00779,supervisor@nimbus.demo,DINE_IN,CLOSED,868300.00,156300.00,0.00,1024600.00,EV-09,,"{""createdAt"": ""2026-06-04T15:10:00Z"", ""demoSource"": ""generated-pack""}"
nimbus,EVENTS_KITCHEN,ORD-EVENTS_KITCHEN-00780,cashier@nimbus.demo,DINE_IN,CLOSED,186600.00,31900.00,9300.00,209200.00,EV-02,,"{""createdAt"": ""2026-06-04T07:30:00Z"", ""demoSource"": ""generated-pack""}"
nimbus,TAPAS_DOWNTOWN,ORD-TAPAS_DOWNTOWN-00781,supervisor@nimbus.demo,DINE_IN,CLOSED,88000.00,15800.00,0.00,103800.00,TD-19,,"{""createdAt"": ""2026-06-05T07:20:00Z"", ""demoSource"": ""generated-pack""}"
nimbus,ROOFTOP_BAR,ORD-ROOFTOP_BAR-00782,waiter@nimbus.demo,DINE_IN,NEW,201000.00,36200.00,0.00,237200.00,RB-06,,"{""createdAt"": ""2026-06-05T07:30:00Z"", ""demoSource"": ""generated-pack""}"
nimbus,GARDEN_CAFE,ORD-GARDEN_CAFE-00783,cashier@nimbus.demo,DINE_IN,CLOSED,116800.00,20000.00,5800.00,131000.00,GC-04,,"{""createdAt"": ""2026-06-05T10:45:00Z"", ""demoSource"": ""generated-pack""}"
nimbus,EVENTS_KITCHEN,ORD-EVENTS_KITCHEN-00784,cashier@nimbus.demo,DINE_IN,CLOSED,360900.00,61700.00,18000.00,404600.00,EV-08,,"{""createdAt"": ""2026-06-05T09:30:00Z"", ""demoSource"": ""generated-pack""}"
nimbus,TAPAS_DOWNTOWN,ORD-TAPAS_DOWNTOWN-00785,supervisor@nimbus.demo,TAKEAWAY,CLOSED,10000.00,1800.00,0.00,11800.00,,,"{""createdAt"": ""2026-06-06T10:30:00Z"", ""demoSource"": ""generated-pack""}"
nimbus,TAPAS_DOWNTOWN,ORD-TAPAS_DOWNTOWN-00786,cashier@nimbus.demo,TAKEAWAY,CLOSED,285000.00,51300.00,0.00,336300.00,,,"{""createdAt"": ""2026-06-06T10:10:00Z"", ""demoSource"": ""generated-pack""}"
nimbus,ROOFTOP_BAR,ORD-ROOFTOP_BAR-00787,waiter@nimbus.demo,DINE_IN,CLOSED,188000.00,33800.00,0.00,221800.00,RB-01,,"{""createdAt"": ""2026-06-06T09:45:00Z"", ""demoSource"": ""generated-pack""}"
nimbus,ROOFTOP_BAR,ORD-ROOFTOP_BAR-00788,supervisor@nimbus.demo,DINE_IN,READY,228300.00,41100.00,0.00,269400.00,RB-07,,"{""createdAt"": ""2026-06-06T10:30:00Z"", ""demoSource"": ""generated-pack""}"
nimbus,GARDEN_CAFE,ORD-GARDEN_CAFE-00789,cashier@nimbus.demo,DINE_IN,SENT,334400.00,60200.00,0.00,394600.00,GC-16,,"{""createdAt"": ""2026-06-06T10:20:00Z"", ""demoSource"": ""generated-pack""}"
nimbus,GARDEN_CAFE,ORD-GARDEN_CAFE-00790,cashier@nimbus.demo,DINE_IN,CLOSED,89400.00,16100.00,0.00,105500.00,GC-02,,"{""createdAt"": ""2026-06-06T07:45:00Z"", ""demoSource"": ""generated-pack""}"
nimbus,EVENTS_KITCHEN,ORD-EVENTS_KITCHEN-00791,supervisor@nimbus.demo,TAKEAWAY,NEW,113200.00,20400.00,0.00,133600.00,,,"{""createdAt"": ""2026-06-06T15:45:00Z"", ""demoSource"": ""generated-pack""}"
nimbus,EVENTS_KITCHEN,ORD-EVENTS_KITCHEN-00792,cashier@nimbus.demo,DINE_IN,NEW,207400.00,37300.00,0.00,244700.00,EV-09,,"{""createdAt"": ""2026-06-06T10:30:00Z"", ""demoSource"": ""generated-pack""}"
nimbus,TAPAS_DOWNTOWN,ORD-TAPAS_DOWNTOWN-00793,supervisor@nimbus.demo,TAKEAWAY,CLOSED,24000.00,4300.00,0.00,28300.00,,,"{""createdAt"": ""2026-06-07T15:00:00Z"", ""demoSource"": ""generated-pack""}"
nimbus,TAPAS_DOWNTOWN,ORD-TAPAS_DOWNTOWN-00794,waiter@nimbus.demo,DINE_IN,CLOSED,60000.00,10800.00,0.00,70800.00,TD-08,,"{""createdAt"": ""2026-06-07T07:30:00Z"", ""demoSource"": ""generated-pack""}"
nimbus,TAPAS_DOWNTOWN,ORD-TAPAS_DOWNTOWN-00795,waiter@nimbus.demo,DINE_IN,CLOSED,26000.00,4400.00,1300.00,29100.00,TD-16,,"{""createdAt"": ""2026-06-07T09:10:00Z"", ""demoSource"": ""generated-pack""}"
nimbus,ROOFTOP_BAR,ORD-ROOFTOP_BAR-00796,cashier@nimbus.demo,DINE_IN,CLOSED,158000.00,28400.00,0.00,186400.00,RB-16,,"{""createdAt"": ""2026-06-07T07:10:00Z"", ""demoSource"": ""generated-pack""}"
nimbus,ROOFTOP_BAR,ORD-ROOFTOP_BAR-00797,waiter@nimbus.demo,DINE_IN,CLOSED,71700.00,12900.00,0.00,84600.00,RB-03,,"{""createdAt"": ""2026-06-07T09:00:00Z"", ""demoSource"": ""generated-pack""}"
nimbus,ROOFTOP_BAR,ORD-ROOFTOP_BAR-00798,cashier@nimbus.demo,DINE_IN,CLOSED,60000.00,10800.00,0.00,70800.00,RB-16,,"{""createdAt"": ""2026-06-07T09:00:00Z"", ""demoSource"": ""generated-pack""}"
nimbus,GARDEN_CAFE,ORD-GARDEN_CAFE-00799,waiter@nimbus.demo,DINE_IN,CLOSED,32000.00,5800.00,0.00,37800.00,GC-14,,"{""createdAt"": ""2026-06-07T15:00:00Z"", ""demoSource"": ""generated-pack""}"
nimbus,GARDEN_CAFE,ORD-GARDEN_CAFE-00800,waiter@nimbus.demo,DINE_IN,CLOSED,9200.00,1700.00,0.00,10900.00,GC-14,,"{""createdAt"": ""2026-06-07T15:10:00Z"", ""demoSource"": ""generated-pack""}"
nimbus,GARDEN_CAFE,ORD-GARDEN_CAFE-00801,cashier@nimbus.demo,DINE_IN,READY,102100.00,18400.00,0.00,120500.00,GC-07,,"{""createdAt"": ""2026-06-07T09:30:00Z"", ""demoSource"": ""generated-pack""}"
nimbus,EVENTS_KITCHEN,ORD-EVENTS_KITCHEN-00802,supervisor@nimbus.demo,DINE_IN,SENT,92200.00,16600.00,0.00,108800.00,EV-05,,"{""createdAt"": ""2026-06-07T10:10:00Z"", ""demoSource"": ""generated-pack""}"
nimbus,EVENTS_KITCHEN,ORD-EVENTS_KITCHEN-00803,waiter@nimbus.demo,DINE_IN,CLOSED,88600.00,15200.00,4400.00,99400.00,EV-10,,"{""createdAt"": ""2026-06-07T09:45:00Z"", ""demoSource"": ""generated-pack""}"
nimbus,EVENTS_KITCHEN,ORD-EVENTS_KITCHEN-00804,supervisor@nimbus.demo,TAKEAWAY,SERVED,311300.00,56000.00,0.00,367300.00,,,"{""createdAt"": ""2026-06-07T10:45:00Z"", ""demoSource"": ""generated-pack""}"
nimbus,TAPAS_DOWNTOWN,ORD-TAPAS_DOWNTOWN-00805,supervisor@nimbus.demo,DINE_IN,CLOSED,282000.00,50800.00,0.00,332800.00,TD-20,,"{""createdAt"": ""2026-06-08T17:00:00Z"", ""demoSource"": ""generated-pack""}"
nimbus,TAPAS_DOWNTOWN,ORD-TAPAS_DOWNTOWN-00806,waiter@nimbus.demo,DINE_IN,CLOSED,42000.00,7600.00,0.00,49600.00,TD-21,,"{""createdAt"": ""2026-06-08T07:30:00Z"", ""demoSource"": ""generated-pack""}"
nimbus,TAPAS_DOWNTOWN,ORD-TAPAS_DOWNTOWN-00807,supervisor@nimbus.demo,DINE_IN,SERVED,12000.00,2200.00,0.00,14200.00,TD-20,,"{""createdAt"": ""2026-06-08T10:20:00Z"", ""demoSource"": ""generated-pack""}"
nimbus,TAPAS_DOWNTOWN,ORD-TAPAS_DOWNTOWN-00808,cashier@nimbus.demo,DINE_IN,CLOSED,149000.00,26800.00,0.00,175800.00,TD-04,,"{""createdAt"": ""2026-06-08T15:00:00Z"", ""demoSource"": ""generated-pack""}"
nimbus,ROOFTOP_BAR,ORD-ROOFTOP_BAR-00809,supervisor@nimbus.demo,TAKEAWAY,CLOSED,148700.00,25400.00,7400.00,166700.00,,,"{""createdAt"": ""2026-06-08T17:45:00Z"", ""demoSource"": ""generated-pack""}"
nimbus,ROOFTOP_BAR,ORD-ROOFTOP_BAR-00810,waiter@nimbus.demo,DINE_IN,CLOSED,64000.00,10900.00,3200.00,71700.00,RB-05,,"{""createdAt"": ""2026-06-08T17:20:00Z"", ""demoSource"": ""generated-pack""}"
nimbus,ROOFTOP_BAR,ORD-ROOFTOP_BAR-00811,cashier@nimbus.demo,DINE_IN,CLOSED,104200.00,18800.00,0.00,123000.00,RB-15,,"{""createdAt"": ""2026-06-08T15:45:00Z"", ""demoSource"": ""generated-pack""}"
nimbus,ROOFTOP_BAR,ORD-ROOFTOP_BAR-00812,supervisor@nimbus.demo,DINE_IN,CLOSED,49200.00,8400.00,2500.00,55100.00,RB-08,,"{""createdAt"": ""2026-06-08T09:30:00Z"", ""demoSource"": ""generated-pack""}"
nimbus,GARDEN_CAFE,ORD-GARDEN_CAFE-00813,cashier@nimbus.demo,DINE_IN,CLOSED,297900.00,53600.00,0.00,351500.00,GC-08,,"{""createdAt"": ""2026-06-08T15:10:00Z"", ""demoSource"": ""generated-pack""}"
nimbus,GARDEN_CAFE,ORD-GARDEN_CAFE-00814,waiter@nimbus.demo,DINE_IN,CLOSED,194900.00,33300.00,9700.00,218500.00,GC-17,,"{""createdAt"": ""2026-06-08T17:10:00Z"", ""demoSource"": ""generated-pack""}"
nimbus,GARDEN_CAFE,ORD-GARDEN_CAFE-00815,supervisor@nimbus.demo,TAKEAWAY,READY,106400.00,19200.00,0.00,125600.00,,,"{""createdAt"": ""2026-06-08T10:00:00Z"", ""demoSource"": ""generated-pack""}"
nimbus,GARDEN_CAFE,ORD-GARDEN_CAFE-00816,supervisor@nimbus.demo,DINE_IN,NEW,28000.00,5000.00,0.00,33000.00,GC-15,,"{""createdAt"": ""2026-06-08T15:00:00Z"", ""demoSource"": ""generated-pack""}"
nimbus,EVENTS_KITCHEN,ORD-EVENTS_KITCHEN-00817,waiter@nimbus.demo,DINE_IN,CLOSED,175000.00,31500.00,0.00,206500.00,EV-08,,"{""createdAt"": ""2026-06-08T10:30:00Z"", ""demoSource"": ""generated-pack""}"
nimbus,EVENTS_KITCHEN,ORD-EVENTS_KITCHEN-00818,supervisor@nimbus.demo,TAKEAWAY,SERVED,528600.00,90400.00,26400.00,592600.00,,,"{""createdAt"": ""2026-06-08T17:30:00Z"", ""demoSource"": ""generated-pack""}"
nimbus,EVENTS_KITCHEN,ORD-EVENTS_KITCHEN-00819,waiter@nimbus.demo,DINE_IN,CLOSED,432300.00,73900.00,21600.00,484600.00,EV-10,,"{""createdAt"": ""2026-06-08T17:20:00Z"", ""demoSource"": ""generated-pack""}"
nimbus,EVENTS_KITCHEN,ORD-EVENTS_KITCHEN-00820,cashier@nimbus.demo,DINE_IN,SERVED,193600.00,34800.00,0.00,228400.00,EV-08,,"{""createdAt"": ""2026-06-08T17:45:00Z"", ""demoSource"": ""generated-pack""}"
nimbus,TAPAS_DOWNTOWN,ORD-TAPAS_DOWNTOWN-00821,waiter@nimbus.demo,DINE_IN,CLOSED,168000.00,30200.00,0.00,198200.00,TD-18,,"{""createdAt"": ""2026-06-09T15:00:00Z"", ""demoSource"": ""generated-pack""}"
nimbus,TAPAS_DOWNTOWN,ORD-TAPAS_DOWNTOWN-00822,waiter@nimbus.demo,DINE_IN,NEW,252000.00,43100.00,12600.00,282500.00,TD-20,,"{""createdAt"": ""2026-06-09T07:10:00Z"", ""demoSource"": ""generated-pack""}"
nimbus,TAPAS_DOWNTOWN,ORD-TAPAS_DOWNTOWN-00823,waiter@nimbus.demo,TAKEAWAY,CLOSED,198000.00,35600.00,0.00,233600.00,,,"{""createdAt"": ""2026-06-09T17:20:00Z"", ""demoSource"": ""generated-pack""}"
nimbus,TAPAS_DOWNTOWN,ORD-TAPAS_DOWNTOWN-00824,waiter@nimbus.demo,DINE_IN,SENT,198000.00,35600.00,0.00,233600.00,TD-08,,"{""createdAt"": ""2026-06-09T15:10:00Z"", ""demoSource"": ""generated-pack""}"
nimbus,TAPAS_DOWNTOWN,ORD-TAPAS_DOWNTOWN-00825,cashier@nimbus.demo,TAKEAWAY,SENT,100000.00,18000.00,0.00,118000.00,,,"{""createdAt"": ""2026-06-09T07:20:00Z"", ""demoSource"": ""generated-pack""}"
nimbus,ROOFTOP_BAR,ORD-ROOFTOP_BAR-00826,supervisor@nimbus.demo,DINE_IN,SENT,126200.00,22700.00,0.00,148900.00,RB-14,,"{""createdAt"": ""2026-06-09T09:45:00Z"", ""demoSource"": ""generated-pack""}"
nimbus,ROOFTOP_BAR,ORD-ROOFTOP_BAR-00827,waiter@nimbus.demo,DINE_IN,NEW,218400.00,37400.00,10900.00,244900.00,RB-03,,"{""createdAt"": ""2026-06-09T07:45:00Z"", ""demoSource"": ""generated-pack""}"
nimbus,ROOFTOP_BAR,ORD-ROOFTOP_BAR-00828,supervisor@nimbus.demo,DINE_IN,SENT,13400.00,2300.00,700.00,15000.00,RB-12,,"{""createdAt"": ""2026-06-09T07:10:00Z"", ""demoSource"": ""generated-pack""}"
nimbus,ROOFTOP_BAR,ORD-ROOFTOP_BAR-00829,cashier@nimbus.demo,DINE_IN,NEW,40000.00,7200.00,0.00,47200.00,RB-15,,"{""createdAt"": ""2026-06-09T09:00:00Z"", ""demoSource"": ""generated-pack""}"
nimbus,ROOFTOP_BAR,ORD-ROOFTOP_BAR-00830,cashier@nimbus.demo,DINE_IN,NEW,137900.00,24800.00,0.00,162700.00,RB-11,,"{""createdAt"": ""2026-06-09T15:10:00Z"", ""demoSource"": ""generated-pack""}"
nimbus,GARDEN_CAFE,ORD-GARDEN_CAFE-00831,supervisor@nimbus.demo,DINE_IN,CLOSED,76200.00,13000.00,3800.00,85400.00,GC-01,,"{""createdAt"": ""2026-06-09T10:10:00Z"", ""demoSource"": ""generated-pack""}"
nimbus,GARDEN_CAFE,ORD-GARDEN_CAFE-00832,waiter@nimbus.demo,TAKEAWAY,CLOSED,12900.00,2300.00,0.00,15200.00,,,"{""createdAt"": ""2026-06-09T15:00:00Z"", ""demoSource"": ""generated-pack""}"
nimbus,GARDEN_CAFE,ORD-GARDEN_CAFE-00833,cashier@nimbus.demo,TAKEAWAY,READY,82800.00,14200.00,4100.00,92900.00,,,"{""createdAt"": ""2026-06-09T07:00:00Z"", ""demoSource"": ""generated-pack""}"
nimbus,GARDEN_CAFE,ORD-GARDEN_CAFE-00834,cashier@nimbus.demo,TAKEAWAY,CLOSED,38600.00,6900.00,0.00,45500.00,,,"{""createdAt"": ""2026-06-09T10:10:00Z"", ""demoSource"": ""generated-pack""}"
nimbus,GARDEN_CAFE,ORD-GARDEN_CAFE-00835,waiter@nimbus.demo,TAKEAWAY,CLOSED,114000.00,20500.00,0.00,134500.00,,,"{""createdAt"": ""2026-06-09T17:00:00Z"", ""demoSource"": ""generated-pack""}"
nimbus,EVENTS_KITCHEN,ORD-EVENTS_KITCHEN-00836,cashier@nimbus.demo,DINE_IN,CLOSED,106200.00,18200.00,5300.00,119100.00,EV-02,,"{""createdAt"": ""2026-06-09T10:20:00Z"", ""demoSource"": ""generated-pack""}"
nimbus,EVENTS_KITCHEN,ORD-EVENTS_KITCHEN-00837,waiter@nimbus.demo,DINE_IN,CLOSED,14200.00,2600.00,0.00,16800.00,EV-08,,"{""createdAt"": ""2026-06-09T17:45:00Z"", ""demoSource"": ""generated-pack""}"
nimbus,EVENTS_KITCHEN,ORD-EVENTS_KITCHEN-00838,supervisor@nimbus.demo,TAKEAWAY,CLOSED,168800.00,30400.00,0.00,199200.00,,,"{""createdAt"": ""2026-06-09T10:20:00Z"", ""demoSource"": ""generated-pack""}"
nimbus,EVENTS_KITCHEN,ORD-EVENTS_KITCHEN-00839,supervisor@nimbus.demo,TAKEAWAY,SENT,140400.00,25300.00,0.00,165700.00,,,"{""createdAt"": ""2026-06-09T15:20:00Z"", ""demoSource"": ""generated-pack""}"
nimbus,EVENTS_KITCHEN,ORD-EVENTS_KITCHEN-00840,supervisor@nimbus.demo,DINE_IN,CLOSED,184000.00,33100.00,0.00,217100.00,EV-09,,"{""createdAt"": ""2026-06-09T15:00:00Z"", ""demoSource"": ""generated-pack""}"
nimbus,TAPAS_DOWNTOWN,ORD-TAPAS_DOWNTOWN-00841,supervisor@nimbus.demo,DINE_IN,NEW,24000.00,4300.00,0.00,28300.00,TD-06,,"{""createdAt"": ""2026-06-10T17:00:00Z"", ""demoSource"": ""generated-pack""}"
nimbus,ROOFTOP_BAR,ORD-ROOFTOP_BAR-00842,supervisor@nimbus.demo,DINE_IN,SENT,161800.00,29100.00,0.00,190900.00,RB-12,,"{""createdAt"": ""2026-06-10T09:30:00Z"", ""demoSource"": ""generated-pack""}"
nimbus,GARDEN_CAFE,ORD-GARDEN_CAFE-00843,supervisor@nimbus.demo,DINE_IN,CLOSED,74700.00,13400.00,0.00,88100.00,GC-13,,"{""createdAt"": ""2026-06-10T09:00:00Z"", ""demoSource"": ""generated-pack""}"
nimbus,EVENTS_KITCHEN,ORD-EVENTS_KITCHEN-00844,supervisor@nimbus.demo,DINE_IN,SERVED,224200.00,38300.00,11200.00,251300.00,EV-05,,"{""createdAt"": ""2026-06-10T10:10:00Z"", ""demoSource"": ""generated-pack""}"
nimbus,TAPAS_DOWNTOWN,ORD-TAPAS_DOWNTOWN-00845,supervisor@nimbus.demo,DINE_IN,NEW,45000.00,8100.00,0.00,53100.00,TD-12,,"{""createdAt"": ""2026-06-11T15:45:00Z"", ""demoSource"": ""generated-pack""}"
nimbus,TAPAS_DOWNTOWN,ORD-TAPAS_DOWNTOWN-00846,waiter@nimbus.demo,DINE_IN,CLOSED,72000.00,13000.00,0.00,85000.00,TD-16,,"{""createdAt"": ""2026-06-11T07:30:00Z"", ""demoSource"": ""generated-pack""}"
nimbus,ROOFTOP_BAR,ORD-ROOFTOP_BAR-00847,supervisor@nimbus.demo,DINE_IN,SENT,24600.00,4400.00,0.00,29000.00,RB-13,,"{""createdAt"": ""2026-06-11T10:45:00Z"", ""demoSource"": ""generated-pack""}"
nimbus,ROOFTOP_BAR,ORD-ROOFTOP_BAR-00848,supervisor@nimbus.demo,DINE_IN,CLOSED,26800.00,4800.00,0.00,31600.00,RB-14,,"{""createdAt"": ""2026-06-11T10:20:00Z"", ""demoSource"": ""generated-pack""}"
nimbus,GARDEN_CAFE,ORD-GARDEN_CAFE-00849,waiter@nimbus.demo,DINE_IN,SERVED,29400.00,5000.00,1500.00,32900.00,GC-11,,"{""createdAt"": ""2026-06-11T07:45:00Z"", ""demoSource"": ""generated-pack""}"
nimbus,GARDEN_CAFE,ORD-GARDEN_CAFE-00850,cashier@nimbus.demo,DINE_IN,SENT,162900.00,29300.00,0.00,192200.00,GC-12,,"{""createdAt"": ""2026-06-11T07:30:00Z"", ""demoSource"": ""generated-pack""}"
nimbus,EVENTS_KITCHEN,ORD-EVENTS_KITCHEN-00851,supervisor@nimbus.demo,DINE_IN,CLOSED,273800.00,49300.00,0.00,323100.00,EV-07,,"{""createdAt"": ""2026-06-11T09:00:00Z"", ""demoSource"": ""generated-pack""}"
nimbus,EVENTS_KITCHEN,ORD-EVENTS_KITCHEN-00852,supervisor@nimbus.demo,DINE_IN,CLOSED,159400.00,28700.00,0.00,188100.00,EV-11,,"{""createdAt"": ""2026-06-11T10:30:00Z"", ""demoSource"": ""generated-pack""}"
nimbus,TAPAS_DOWNTOWN,ORD-TAPAS_DOWNTOWN-00853,waiter@nimbus.demo,DINE_IN,CLOSED,225000.00,40500.00,0.00,265500.00,TD-02,,"{""createdAt"": ""2026-06-12T09:10:00Z"", ""demoSource"": ""generated-pack""}"
nimbus,TAPAS_DOWNTOWN,ORD-TAPAS_DOWNTOWN-00854,supervisor@nimbus.demo,DINE_IN,CLOSED,118000.00,21200.00,0.00,139200.00,TD-21,,"{""createdAt"": ""2026-06-12T15:20:00Z"", ""demoSource"": ""generated-pack""}"
nimbus,TAPAS_DOWNTOWN,ORD-TAPAS_DOWNTOWN-00855,waiter@nimbus.demo,DINE_IN,CLOSED,196000.00,35300.00,0.00,231300.00,TD-11,,"{""createdAt"": ""2026-06-12T07:20:00Z"", ""demoSource"": ""generated-pack""}"
nimbus,ROOFTOP_BAR,ORD-ROOFTOP_BAR-00856,waiter@nimbus.demo,TAKEAWAY,CLOSED,82800.00,14200.00,4100.00,92900.00,,,"{""createdAt"": ""2026-06-12T09:20:00Z"", ""demoSource"": ""generated-pack""}"
nimbus,ROOFTOP_BAR,ORD-ROOFTOP_BAR-00857,cashier@nimbus.demo,TAKEAWAY,SERVED,139000.00,25000.00,0.00,164000.00,,,"{""createdAt"": ""2026-06-12T10:45:00Z"", ""demoSource"": ""generated-pack""}"
nimbus,ROOFTOP_BAR,ORD-ROOFTOP_BAR-00858,cashier@nimbus.demo,DINE_IN,READY,60600.00,10900.00,0.00,71500.00,RB-05,,"{""createdAt"": ""2026-06-12T07:45:00Z"", ""demoSource"": ""generated-pack""}"
nimbus,GARDEN_CAFE,ORD-GARDEN_CAFE-00859,waiter@nimbus.demo,TAKEAWAY,CLOSED,310600.00,55900.00,0.00,366500.00,,,"{""createdAt"": ""2026-06-12T17:10:00Z"", ""demoSource"": ""generated-pack""}"
nimbus,GARDEN_CAFE,ORD-GARDEN_CAFE-00860,supervisor@nimbus.demo,DINE_IN,CLOSED,84000.00,15100.00,0.00,99100.00,GC-17,,"{""createdAt"": ""2026-06-12T15:30:00Z"", ""demoSource"": ""generated-pack""}"
nimbus,GARDEN_CAFE,ORD-GARDEN_CAFE-00861,supervisor@nimbus.demo,TAKEAWAY,CLOSED,280400.00,50500.00,0.00,330900.00,,,"{""createdAt"": ""2026-06-12T10:30:00Z"", ""demoSource"": ""generated-pack""}"
nimbus,EVENTS_KITCHEN,ORD-EVENTS_KITCHEN-00862,waiter@nimbus.demo,DINE_IN,SENT,61400.00,10500.00,3100.00,68800.00,EV-09,,"{""createdAt"": ""2026-06-12T10:30:00Z"", ""demoSource"": ""generated-pack""}"
nimbus,EVENTS_KITCHEN,ORD-EVENTS_KITCHEN-00863,supervisor@nimbus.demo,DINE_IN,CLOSED,78000.00,14000.00,0.00,92000.00,EV-01,,"{""createdAt"": ""2026-06-12T15:45:00Z"", ""demoSource"": ""generated-pack""}"
nimbus,EVENTS_KITCHEN,ORD-EVENTS_KITCHEN-00864,cashier@nimbus.demo,DINE_IN,CLOSED,132200.00,23800.00,0.00,156000.00,EV-06,,"{""createdAt"": ""2026-06-12T09:00:00Z"", ""demoSource"": ""generated-pack""}"
nimbus,TAPAS_DOWNTOWN,ORD-TAPAS_DOWNTOWN-00865,waiter@nimbus.demo,DINE_IN,CLOSED,120000.00,21600.00,0.00,141600.00,TD-02,,"{""createdAt"": ""2026-06-13T09:00:00Z"", ""demoSource"": ""generated-pack""}"
nimbus,TAPAS_DOWNTOWN,ORD-TAPAS_DOWNTOWN-00866,supervisor@nimbus.demo,DINE_IN,SENT,203000.00,36500.00,0.00,239500.00,TD-10,,"{""createdAt"": ""2026-06-13T07:30:00Z"", ""demoSource"": ""generated-pack""}"
nimbus,TAPAS_DOWNTOWN,ORD-TAPAS_DOWNTOWN-00867,waiter@nimbus.demo,TAKEAWAY,NEW,48000.00,8600.00,0.00,56600.00,,,"{""createdAt"": ""2026-06-13T17:00:00Z"", ""demoSource"": ""generated-pack""}"
nimbus,TAPAS_DOWNTOWN,ORD-TAPAS_DOWNTOWN-00868,supervisor@nimbus.demo,DINE_IN,CLOSED,264000.00,47500.00,0.00,311500.00,TD-12,,"{""createdAt"": ""2026-06-13T10:00:00Z"", ""demoSource"": ""generated-pack""}"
nimbus,ROOFTOP_BAR,ORD-ROOFTOP_BAR-00869,supervisor@nimbus.demo,DINE_IN,CLOSED,26800.00,4800.00,0.00,31600.00,RB-03,,"{""createdAt"": ""2026-06-13T07:45:00Z"", ""demoSource"": ""generated-pack""}"
nimbus,ROOFTOP_BAR,ORD-ROOFTOP_BAR-00870,supervisor@nimbus.demo,DINE_IN,SENT,133300.00,24000.00,0.00,157300.00,RB-03,,"{""createdAt"": ""2026-06-13T09:45:00Z"", ""demoSource"": ""generated-pack""}"
nimbus,ROOFTOP_BAR,ORD-ROOFTOP_BAR-00871,supervisor@nimbus.demo,DINE_IN,READY,304700.00,52100.00,15200.00,341600.00,RB-07,,"{""createdAt"": ""2026-06-13T15:45:00Z"", ""demoSource"": ""generated-pack""}"
nimbus,ROOFTOP_BAR,ORD-ROOFTOP_BAR-00872,cashier@nimbus.demo,DINE_IN,CLOSED,142100.00,25600.00,0.00,167700.00,RB-15,,"{""createdAt"": ""2026-06-13T10:00:00Z"", ""demoSource"": ""generated-pack""}"
nimbus,GARDEN_CAFE,ORD-GARDEN_CAFE-00873,supervisor@nimbus.demo,DINE_IN,NEW,73600.00,13200.00,0.00,86800.00,GC-16,,"{""createdAt"": ""2026-06-13T07:00:00Z"", ""demoSource"": ""generated-pack""}"
nimbus,GARDEN_CAFE,ORD-GARDEN_CAFE-00874,waiter@nimbus.demo,DINE_IN,CLOSED,14700.00,2600.00,0.00,17300.00,GC-06,,"{""createdAt"": ""2026-06-13T09:20:00Z"", ""demoSource"": ""generated-pack""}"
nimbus,GARDEN_CAFE,ORD-GARDEN_CAFE-00875,supervisor@nimbus.demo,DINE_IN,CLOSED,94000.00,16900.00,0.00,110900.00,GC-05,,"{""createdAt"": ""2026-06-13T15:10:00Z"", ""demoSource"": ""generated-pack""}"
nimbus,GARDEN_CAFE,ORD-GARDEN_CAFE-00876,cashier@nimbus.demo,DINE_IN,CLOSED,24900.00,4500.00,0.00,29400.00,GC-02,,"{""createdAt"": ""2026-06-13T10:45:00Z"", ""demoSource"": ""generated-pack""}"
nimbus,EVENTS_KITCHEN,ORD-EVENTS_KITCHEN-00877,waiter@nimbus.demo,DINE_IN,CLOSED,120000.00,21600.00,0.00,141600.00,EV-07,,"{""createdAt"": ""2026-06-13T10:20:00Z"", ""demoSource"": ""generated-pack""}"
nimbus,EVENTS_KITCHEN,ORD-EVENTS_KITCHEN-00878,cashier@nimbus.demo,DINE_IN,CLOSED,139200.00,25100.00,0.00,164300.00,EV-10,,"{""createdAt"": ""2026-06-13T17:10:00Z"", ""demoSource"": ""generated-pack""}"
nimbus,EVENTS_KITCHEN,ORD-EVENTS_KITCHEN-00879,supervisor@nimbus.demo,DINE_IN,SENT,243100.00,43800.00,0.00,286900.00,EV-10,,"{""createdAt"": ""2026-06-13T07:30:00Z"", ""demoSource"": ""generated-pack""}"
nimbus,EVENTS_KITCHEN,ORD-EVENTS_KITCHEN-00880,cashier@nimbus.demo,DINE_IN,CLOSED,85000.00,15300.00,0.00,100300.00,EV-10,,"{""createdAt"": ""2026-06-13T10:45:00Z"", ""demoSource"": ""generated-pack""}"
nimbus,TAPAS_DOWNTOWN,ORD-TAPAS_DOWNTOWN-00881,waiter@nimbus.demo,DINE_IN,CLOSED,201000.00,36200.00,0.00,237200.00,TD-12,,"{""createdAt"": ""2026-06-14T07:00:00Z"", ""demoSource"": ""generated-pack""}"
nimbus,TAPAS_DOWNTOWN,ORD-TAPAS_DOWNTOWN-00882,supervisor@nimbus.demo,DINE_IN,CLOSED,74000.00,13300.00,0.00,87300.00,TD-14,,"{""createdAt"": ""2026-06-14T10:00:00Z"", ""demoSource"": ""generated-pack""}"
nimbus,TAPAS_DOWNTOWN,ORD-TAPAS_DOWNTOWN-00883,waiter@nimbus.demo,DINE_IN,CLOSED,113000.00,20300.00,0.00,133300.00,TD-03,,"{""createdAt"": ""2026-06-14T15:20:00Z"", ""demoSource"": ""generated-pack""}"
nimbus,TAPAS_DOWNTOWN,ORD-TAPAS_DOWNTOWN-00884,cashier@nimbus.demo,DINE_IN,CLOSED,148000.00,26600.00,0.00,174600.00,TD-15,,"{""createdAt"": ""2026-06-14T17:00:00Z"", ""demoSource"": ""generated-pack""}"
nimbus,TAPAS_DOWNTOWN,ORD-TAPAS_DOWNTOWN-00885,supervisor@nimbus.demo,DINE_IN,CLOSED,169000.00,30400.00,0.00,199400.00,TD-07,,"{""createdAt"": ""2026-06-14T10:30:00Z"", ""demoSource"": ""generated-pack""}"
nimbus,ROOFTOP_BAR,ORD-ROOFTOP_BAR-00886,waiter@nimbus.demo,DINE_IN,CLOSED,69300.00,12500.00,0.00,81800.00,RB-02,,"{""createdAt"": ""2026-06-14T17:20:00Z"", ""demoSource"": ""generated-pack""}"
nimbus,ROOFTOP_BAR,ORD-ROOFTOP_BAR-00887,supervisor@nimbus.demo,DINE_IN,CLOSED,192900.00,34700.00,0.00,227600.00,RB-06,,"{""createdAt"": ""2026-06-14T09:45:00Z"", ""demoSource"": ""generated-pack""}"
nimbus,ROOFTOP_BAR,ORD-ROOFTOP_BAR-00888,supervisor@nimbus.demo,DINE_IN,CLOSED,107600.00,19400.00,0.00,127000.00,RB-08,,"{""createdAt"": ""2026-06-14T07:10:00Z"", ""demoSource"": ""generated-pack""}"
nimbus,ROOFTOP_BAR,ORD-ROOFTOP_BAR-00889,waiter@nimbus.demo,DINE_IN,CLOSED,217100.00,39100.00,0.00,256200.00,RB-02,,"{""createdAt"": ""2026-06-14T10:20:00Z"", ""demoSource"": ""generated-pack""}"
nimbus,ROOFTOP_BAR,ORD-ROOFTOP_BAR-00890,supervisor@nimbus.demo,DINE_IN,CLOSED,159000.00,28600.00,0.00,187600.00,RB-06,,"{""createdAt"": ""2026-06-14T09:10:00Z"", ""demoSource"": ""generated-pack""}"
nimbus,GARDEN_CAFE,ORD-GARDEN_CAFE-00891,waiter@nimbus.demo,TAKEAWAY,SENT,236400.00,42600.00,0.00,279000.00,,,"{""createdAt"": ""2026-06-14T07:20:00Z"", ""demoSource"": ""generated-pack""}"
nimbus,GARDEN_CAFE,ORD-GARDEN_CAFE-00892,supervisor@nimbus.demo,TAKEAWAY,READY,60000.00,10300.00,3000.00,67300.00,,,"{""createdAt"": ""2026-06-14T10:20:00Z"", ""demoSource"": ""generated-pack""}"
nimbus,GARDEN_CAFE,ORD-GARDEN_CAFE-00893,supervisor@nimbus.demo,DINE_IN,CLOSED,182500.00,31200.00,9100.00,204600.00,GC-14,,"{""createdAt"": ""2026-06-14T17:10:00Z"", ""demoSource"": ""generated-pack""}"
nimbus,GARDEN_CAFE,ORD-GARDEN_CAFE-00894,waiter@nimbus.demo,DINE_IN,READY,90000.00,16200.00,0.00,106200.00,GC-10,,"{""createdAt"": ""2026-06-14T15:10:00Z"", ""demoSource"": ""generated-pack""}"
nimbus,GARDEN_CAFE,ORD-GARDEN_CAFE-00895,cashier@nimbus.demo,DINE_IN,NEW,192100.00,34600.00,0.00,226700.00,GC-11,,"{""createdAt"": ""2026-06-14T09:45:00Z"", ""demoSource"": ""generated-pack""}"
nimbus,EVENTS_KITCHEN,ORD-EVENTS_KITCHEN-00896,cashier@nimbus.demo,DINE_IN,SERVED,10600.00,1900.00,0.00,12500.00,EV-05,,"{""createdAt"": ""2026-06-14T09:00:00Z"", ""demoSource"": ""generated-pack""}"
nimbus,EVENTS_KITCHEN,ORD-EVENTS_KITCHEN-00897,supervisor@nimbus.demo,DINE_IN,CLOSED,266600.00,45600.00,13300.00,298900.00,EV-01,,"{""createdAt"": ""2026-06-14T17:00:00Z"", ""demoSource"": ""generated-pack""}"
nimbus,EVENTS_KITCHEN,ORD-EVENTS_KITCHEN-00898,supervisor@nimbus.demo,DINE_IN,CLOSED,210000.00,37800.00,0.00,247800.00,EV-12,,"{""createdAt"": ""2026-06-14T17:10:00Z"", ""demoSource"": ""generated-pack""}"
nimbus,EVENTS_KITCHEN,ORD-EVENTS_KITCHEN-00899,cashier@nimbus.demo,DINE_IN,CLOSED,156300.00,28100.00,0.00,184400.00,EV-05,,"{""createdAt"": ""2026-06-14T17:10:00Z"", ""demoSource"": ""generated-pack""}"
nimbus,EVENTS_KITCHEN,ORD-EVENTS_KITCHEN-00900,waiter@nimbus.demo,DINE_IN,NEW,325500.00,58600.00,0.00,384100.00,EV-07,,"{""createdAt"": ""2026-06-14T15:45:00Z"", ""demoSource"": ""generated-pack""}"
nimbus,TAPAS_DOWNTOWN,ORD-TAPAS_DOWNTOWN-00901,cashier@nimbus.demo,DINE_IN,CLOSED,54000.00,9700.00,0.00,63700.00,TD-13,,"{""createdAt"": ""2026-06-15T09:20:00Z"", ""demoSource"": ""generated-pack""}"
nimbus,ROOFTOP_BAR,ORD-ROOFTOP_BAR-00902,cashier@nimbus.demo,DINE_IN,CLOSED,24000.00,4300.00,0.00,28300.00,RB-03,,"{""createdAt"": ""2026-06-15T15:10:00Z"", ""demoSource"": ""generated-pack""}"
nimbus,GARDEN_CAFE,ORD-GARDEN_CAFE-00903,cashier@nimbus.demo,DINE_IN,SENT,110300.00,18900.00,5500.00,123700.00,GC-10,,"{""createdAt"": ""2026-06-15T15:45:00Z"", ""demoSource"": ""generated-pack""}"
nimbus,EVENTS_KITCHEN,ORD-EVENTS_KITCHEN-00904,waiter@nimbus.demo,DINE_IN,CLOSED,181700.00,32700.00,0.00,214400.00,EV-12,,"{""createdAt"": ""2026-06-15T17:10:00Z"", ""demoSource"": ""generated-pack""}"
nimbus,TAPAS_DOWNTOWN,ORD-TAPAS_DOWNTOWN-00905,supervisor@nimbus.demo,TAKEAWAY,SERVED,57000.00,10300.00,0.00,67300.00,,,"{""createdAt"": ""2026-06-16T09:20:00Z"", ""demoSource"": ""generated-pack""}"
nimbus,TAPAS_DOWNTOWN,ORD-TAPAS_DOWNTOWN-00906,waiter@nimbus.demo,DINE_IN,CLOSED,234000.00,42100.00,0.00,276100.00,TD-06,,"{""createdAt"": ""2026-06-16T15:20:00Z"", ""demoSource"": ""generated-pack""}"
nimbus,TAPAS_DOWNTOWN,ORD-TAPAS_DOWNTOWN-00907,waiter@nimbus.demo,DINE_IN,READY,170000.00,30600.00,0.00,200600.00,TD-06,,"{""createdAt"": ""2026-06-16T15:00:00Z"", ""demoSource"": ""generated-pack""}"
nimbus,TAPAS_DOWNTOWN,ORD-TAPAS_DOWNTOWN-00908,supervisor@nimbus.demo,DINE_IN,READY,24000.00,4300.00,0.00,28300.00,TD-18,,"{""createdAt"": ""2026-06-16T07:45:00Z"", ""demoSource"": ""generated-pack""}"
nimbus,ROOFTOP_BAR,ORD-ROOFTOP_BAR-00909,cashier@nimbus.demo,DINE_IN,CLOSED,54800.00,9900.00,0.00,64700.00,RB-02,,"{""createdAt"": ""2026-06-16T10:30:00Z"", ""demoSource"": ""generated-pack""}"
nimbus,ROOFTOP_BAR,ORD-ROOFTOP_BAR-00910,cashier@nimbus.demo,DINE_IN,CLOSED,127700.00,23000.00,0.00,150700.00,RB-13,,"{""createdAt"": ""2026-06-16T09:20:00Z"", ""demoSource"": ""generated-pack""}"
nimbus,ROOFTOP_BAR,ORD-ROOFTOP_BAR-00911,supervisor@nimbus.demo,DINE_IN,CLOSED,31400.00,5400.00,1600.00,35200.00,RB-01,,"{""createdAt"": ""2026-06-16T07:10:00Z"", ""demoSource"": ""generated-pack""}"
nimbus,ROOFTOP_BAR,ORD-ROOFTOP_BAR-00912,supervisor@nimbus.demo,DINE_IN,CLOSED,235300.00,42400.00,0.00,277700.00,RB-07,,"{""createdAt"": ""2026-06-16T15:30:00Z"", ""demoSource"": ""generated-pack""}"
nimbus,GARDEN_CAFE,ORD-GARDEN_CAFE-00913,waiter@nimbus.demo,DINE_IN,CLOSED,295300.00,50500.00,14800.00,331000.00,GC-09,,"{""createdAt"": ""2026-06-16T17:10:00Z"", ""demoSource"": ""generated-pack""}"
nimbus,GARDEN_CAFE,ORD-GARDEN_CAFE-00914,waiter@nimbus.demo,DINE_IN,CLOSED,40600.00,7300.00,0.00,47900.00,GC-12,,"{""createdAt"": ""2026-06-16T07:00:00Z"", ""demoSource"": ""generated-pack""}"
nimbus,GARDEN_CAFE,ORD-GARDEN_CAFE-00915,cashier@nimbus.demo,DINE_IN,CLOSED,215700.00,38800.00,0.00,254500.00,GC-12,,"{""createdAt"": ""2026-06-16T17:20:00Z"", ""demoSource"": ""generated-pack""}"
nimbus,GARDEN_CAFE,ORD-GARDEN_CAFE-00916,waiter@nimbus.demo,DINE_IN,CLOSED,97400.00,16600.00,4900.00,109100.00,GC-07,,"{""createdAt"": ""2026-06-16T07:00:00Z"", ""demoSource"": ""generated-pack""}"
nimbus,EVENTS_KITCHEN,ORD-EVENTS_KITCHEN-00917,supervisor@nimbus.demo,DINE_IN,CLOSED,368000.00,66200.00,0.00,434200.00,EV-09,,"{""createdAt"": ""2026-06-16T15:45:00Z"", ""demoSource"": ""generated-pack""}"
nimbus,EVENTS_KITCHEN,ORD-EVENTS_KITCHEN-00918,waiter@nimbus.demo,DINE_IN,CLOSED,358700.00,64600.00,0.00,423300.00,EV-05,,"{""createdAt"": ""2026-06-16T09:30:00Z"", ""demoSource"": ""generated-pack""}"
nimbus,EVENTS_KITCHEN,ORD-EVENTS_KITCHEN-00919,supervisor@nimbus.demo,DINE_IN,SERVED,397800.00,71600.00,0.00,469400.00,EV-08,,"{""createdAt"": ""2026-06-16T15:20:00Z"", ""demoSource"": ""generated-pack""}"
nimbus,EVENTS_KITCHEN,ORD-EVENTS_KITCHEN-00920,cashier@nimbus.demo,DINE_IN,CLOSED,191300.00,32700.00,9600.00,214400.00,EV-01,,"{""createdAt"": ""2026-06-16T17:45:00Z"", ""demoSource"": ""generated-pack""}"
nimbus,TAPAS_DOWNTOWN,ORD-TAPAS_DOWNTOWN-00921,cashier@nimbus.demo,DINE_IN,CLOSED,114000.00,20500.00,0.00,134500.00,TD-02,,"{""createdAt"": ""2026-06-17T09:20:00Z"", ""demoSource"": ""generated-pack""}"
nimbus,TAPAS_DOWNTOWN,ORD-TAPAS_DOWNTOWN-00922,supervisor@nimbus.demo,DINE_IN,CLOSED,265000.00,47700.00,0.00,312700.00,TD-10,,"{""createdAt"": ""2026-06-17T17:10:00Z"", ""demoSource"": ""generated-pack""}"
nimbus,TAPAS_DOWNTOWN,ORD-TAPAS_DOWNTOWN-00923,cashier@nimbus.demo,DINE_IN,CLOSED,218000.00,37300.00,10900.00,244400.00,TD-10,,"{""createdAt"": ""2026-06-17T10:30:00Z"", ""demoSource"": ""generated-pack""}"
nimbus,TAPAS_DOWNTOWN,ORD-TAPAS_DOWNTOWN-00924,supervisor@nimbus.demo,DINE_IN,CLOSED,172000.00,31000.00,0.00,203000.00,TD-06,,"{""createdAt"": ""2026-06-17T17:45:00Z"", ""demoSource"": ""generated-pack""}"
nimbus,TAPAS_DOWNTOWN,ORD-TAPAS_DOWNTOWN-00925,cashier@nimbus.demo,TAKEAWAY,CLOSED,154000.00,26300.00,7700.00,172600.00,,,"{""createdAt"": ""2026-06-17T09:45:00Z"", ""demoSource"": ""generated-pack""}"
nimbus,ROOFTOP_BAR,ORD-ROOFTOP_BAR-00926,supervisor@nimbus.demo,DINE_IN,READY,72000.00,13000.00,0.00,85000.00,RB-14,,"{""createdAt"": ""2026-06-17T17:10:00Z"", ""demoSource"": ""generated-pack""}"
nimbus,ROOFTOP_BAR,ORD-ROOFTOP_BAR-00927,supervisor@nimbus.demo,DINE_IN,SERVED,150100.00,25700.00,7500.00,168300.00,RB-06,,"{""createdAt"": ""2026-06-17T17:20:00Z"", ""demoSource"": ""generated-pack""}"
nimbus,ROOFTOP_BAR,ORD-ROOFTOP_BAR-00928,supervisor@nimbus.demo,DINE_IN,CLOSED,90500.00,16300.00,0.00,106800.00,RB-12,,"{""createdAt"": ""2026-06-17T07:00:00Z"", ""demoSource"": ""generated-pack""}"
nimbus,ROOFTOP_BAR,ORD-ROOFTOP_BAR-00929,waiter@nimbus.demo,DINE_IN,CLOSED,82800.00,14200.00,4100.00,92900.00,RB-16,,"{""createdAt"": ""2026-06-17T15:10:00Z"", ""demoSource"": ""generated-pack""}"
nimbus,ROOFTOP_BAR,ORD-ROOFTOP_BAR-00930,cashier@nimbus.demo,DINE_IN,READY,133300.00,24000.00,0.00,157300.00,RB-13,,"{""createdAt"": ""2026-06-17T15:30:00Z"", ""demoSource"": ""generated-pack""}"
nimbus,GARDEN_CAFE,ORD-GARDEN_CAFE-00931,cashier@nimbus.demo,DINE_IN,CLOSED,127700.00,21800.00,6400.00,143100.00,GC-07,,"{""createdAt"": ""2026-06-17T10:00:00Z"", ""demoSource"": ""generated-pack""}"
nimbus,GARDEN_CAFE,ORD-GARDEN_CAFE-00932,waiter@nimbus.demo,DINE_IN,READY,327500.00,56000.00,16400.00,367100.00,GC-08,,"{""createdAt"": ""2026-06-17T17:20:00Z"", ""demoSource"": ""generated-pack""}"
nimbus,GARDEN_CAFE,ORD-GARDEN_CAFE-00933,supervisor@nimbus.demo,DINE_IN,CLOSED,176200.00,31700.00,0.00,207900.00,GC-02,,"{""createdAt"": ""2026-06-17T09:00:00Z"", ""demoSource"": ""generated-pack""}"
nimbus,GARDEN_CAFE,ORD-GARDEN_CAFE-00934,supervisor@nimbus.demo,DINE_IN,CLOSED,124000.00,22300.00,0.00,146300.00,GC-02,,"{""createdAt"": ""2026-06-17T10:30:00Z"", ""demoSource"": ""generated-pack""}"
nimbus,GARDEN_CAFE,ORD-GARDEN_CAFE-00935,waiter@nimbus.demo,DINE_IN,READY,188400.00,33900.00,0.00,222300.00,GC-03,,"{""createdAt"": ""2026-06-17T17:45:00Z"", ""demoSource"": ""generated-pack""}"
nimbus,EVENTS_KITCHEN,ORD-EVENTS_KITCHEN-00936,supervisor@nimbus.demo,TAKEAWAY,CLOSED,463600.00,83400.00,0.00,547000.00,,,"{""createdAt"": ""2026-06-17T17:10:00Z"", ""demoSource"": ""generated-pack""}"
nimbus,EVENTS_KITCHEN,ORD-EVENTS_KITCHEN-00937,cashier@nimbus.demo,TAKEAWAY,NEW,177300.00,31900.00,0.00,209200.00,,,"{""createdAt"": ""2026-06-17T10:30:00Z"", ""demoSource"": ""generated-pack""}"
nimbus,EVENTS_KITCHEN,ORD-EVENTS_KITCHEN-00938,supervisor@nimbus.demo,DINE_IN,CLOSED,108000.00,19400.00,0.00,127400.00,EV-08,,"{""createdAt"": ""2026-06-17T07:20:00Z"", ""demoSource"": ""generated-pack""}"
nimbus,EVENTS_KITCHEN,ORD-EVENTS_KITCHEN-00939,cashier@nimbus.demo,DINE_IN,SERVED,54300.00,9800.00,0.00,64100.00,EV-07,,"{""createdAt"": ""2026-06-17T15:10:00Z"", ""demoSource"": ""generated-pack""}"
nimbus,EVENTS_KITCHEN,ORD-EVENTS_KITCHEN-00940,supervisor@nimbus.demo,DINE_IN,CLOSED,336300.00,60500.00,0.00,396800.00,EV-03,,"{""createdAt"": ""2026-06-17T17:00:00Z"", ""demoSource"": ""generated-pack""}"
nimbus,TAPAS_DOWNTOWN,ORD-TAPAS_DOWNTOWN-00941,waiter@nimbus.demo,TAKEAWAY,CLOSED,262000.00,47200.00,0.00,309200.00,,,"{""createdAt"": ""2026-06-18T15:00:00Z"", ""demoSource"": ""generated-pack""}"
nimbus,TAPAS_DOWNTOWN,ORD-TAPAS_DOWNTOWN-00942,cashier@nimbus.demo,DINE_IN,SERVED,12000.00,2100.00,600.00,13500.00,TD-07,,"{""createdAt"": ""2026-06-18T09:30:00Z"", ""demoSource"": ""generated-pack""}"
nimbus,TAPAS_DOWNTOWN,ORD-TAPAS_DOWNTOWN-00943,waiter@nimbus.demo,DINE_IN,CLOSED,32000.00,5800.00,0.00,37800.00,TD-08,,"{""createdAt"": ""2026-06-18T09:45:00Z"", ""demoSource"": ""generated-pack""}"
nimbus,TAPAS_DOWNTOWN,ORD-TAPAS_DOWNTOWN-00944,supervisor@nimbus.demo,DINE_IN,CLOSED,178000.00,32000.00,0.00,210000.00,TD-01,,"{""createdAt"": ""2026-06-18T07:10:00Z"", ""demoSource"": ""generated-pack""}"
nimbus,TAPAS_DOWNTOWN,ORD-TAPAS_DOWNTOWN-00945,supervisor@nimbus.demo,TAKEAWAY,SENT,188000.00,32100.00,9400.00,210700.00,,,"{""createdAt"": ""2026-06-18T10:20:00Z"", ""demoSource"": ""generated-pack""}"
nimbus,TAPAS_DOWNTOWN,ORD-TAPAS_DOWNTOWN-00946,cashier@nimbus.demo,DINE_IN,SERVED,114000.00,20500.00,0.00,134500.00,TD-15,,"{""createdAt"": ""2026-06-18T10:45:00Z"", ""demoSource"": ""generated-pack""}"
nimbus,ROOFTOP_BAR,ORD-ROOFTOP_BAR-00947,waiter@nimbus.demo,DINE_IN,CLOSED,133300.00,24000.00,0.00,157300.00,RB-15,,"{""createdAt"": ""2026-06-18T10:30:00Z"", ""demoSource"": ""generated-pack""}"
nimbus,ROOFTOP_BAR,ORD-ROOFTOP_BAR-00948,waiter@nimbus.demo,DINE_IN,CLOSED,63900.00,11500.00,0.00,75400.00,RB-11,,"{""createdAt"": ""2026-06-18T10:20:00Z"", ""demoSource"": ""generated-pack""}"
nimbus,ROOFTOP_BAR,ORD-ROOFTOP_BAR-00949,waiter@nimbus.demo,TAKEAWAY,READY,115800.00,20800.00,0.00,136600.00,,,"{""createdAt"": ""2026-06-18T17:00:00Z"", ""demoSource"": ""generated-pack""}"
nimbus,ROOFTOP_BAR,ORD-ROOFTOP_BAR-00950,waiter@nimbus.demo,DINE_IN,CLOSED,170300.00,30700.00,0.00,201000.00,RB-14,,"{""createdAt"": ""2026-06-18T15:30:00Z"", ""demoSource"": ""generated-pack""}"
nimbus,ROOFTOP_BAR,ORD-ROOFTOP_BAR-00951,cashier@nimbus.demo,DINE_IN,SENT,64300.00,11600.00,0.00,75900.00,RB-02,,"{""createdAt"": ""2026-06-18T07:00:00Z"", ""demoSource"": ""generated-pack""}"
nimbus,ROOFTOP_BAR,ORD-ROOFTOP_BAR-00952,cashier@nimbus.demo,DINE_IN,CLOSED,200600.00,34300.00,10000.00,224900.00,RB-11,,"{""createdAt"": ""2026-06-18T15:45:00Z"", ""demoSource"": ""generated-pack""}"
nimbus,GARDEN_CAFE,ORD-GARDEN_CAFE-00953,waiter@nimbus.demo,DINE_IN,CLOSED,60000.00,10800.00,0.00,70800.00,GC-13,,"{""createdAt"": ""2026-06-18T10:00:00Z"", ""demoSource"": ""generated-pack""}"
nimbus,GARDEN_CAFE,ORD-GARDEN_CAFE-00954,cashier@nimbus.demo,TAKEAWAY,CLOSED,15600.00,2700.00,800.00,17500.00,,,"{""createdAt"": ""2026-06-18T17:10:00Z"", ""demoSource"": ""generated-pack""}"
nimbus,GARDEN_CAFE,ORD-GARDEN_CAFE-00955,waiter@nimbus.demo,TAKEAWAY,SENT,44200.00,8000.00,0.00,52200.00,,,"{""createdAt"": ""2026-06-18T10:45:00Z"", ""demoSource"": ""generated-pack""}"
nimbus,GARDEN_CAFE,ORD-GARDEN_CAFE-00956,supervisor@nimbus.demo,DINE_IN,NEW,59000.00,10600.00,0.00,69600.00,GC-17,,"{""createdAt"": ""2026-06-18T10:00:00Z"", ""demoSource"": ""generated-pack""}"
nimbus,GARDEN_CAFE,ORD-GARDEN_CAFE-00957,cashier@nimbus.demo,DINE_IN,CLOSED,47800.00,8600.00,0.00,56400.00,GC-05,,"{""createdAt"": ""2026-06-18T07:45:00Z"", ""demoSource"": ""generated-pack""}"
nimbus,GARDEN_CAFE,ORD-GARDEN_CAFE-00958,waiter@nimbus.demo,DINE_IN,NEW,98200.00,16800.00,4900.00,110100.00,GC-15,,"{""createdAt"": ""2026-06-18T07:00:00Z"", ""demoSource"": ""generated-pack""}"
nimbus,EVENTS_KITCHEN,ORD-EVENTS_KITCHEN-00959,waiter@nimbus.demo,DINE_IN,CLOSED,166200.00,29900.00,0.00,196100.00,EV-05,,"{""createdAt"": ""2026-06-18T07:10:00Z"", ""demoSource"": ""generated-pack""}"
nimbus,EVENTS_KITCHEN,ORD-EVENTS_KITCHEN-00960,supervisor@nimbus.demo,DINE_IN,CLOSED,214900.00,36800.00,10700.00,241000.00,EV-04,,"{""createdAt"": ""2026-06-18T09:30:00Z"", ""demoSource"": ""generated-pack""}"
nimbus,EVENTS_KITCHEN,ORD-EVENTS_KITCHEN-00961,waiter@nimbus.demo,DINE_IN,NEW,95600.00,17200.00,0.00,112800.00,EV-01,,"{""createdAt"": ""2026-06-18T07:10:00Z"", ""demoSource"": ""generated-pack""}"
nimbus,EVENTS_KITCHEN,ORD-EVENTS_KITCHEN-00962,supervisor@nimbus.demo,TAKEAWAY,CLOSED,204100.00,34900.00,10200.00,228800.00,,,"{""createdAt"": ""2026-06-18T10:30:00Z"", ""demoSource"": ""generated-pack""}"
nimbus,EVENTS_KITCHEN,ORD-EVENTS_KITCHEN-00963,waiter@nimbus.demo,DINE_IN,NEW,403800.00,72700.00,0.00,476500.00,EV-12,,"{""createdAt"": ""2026-06-18T10:20:00Z"", ""demoSource"": ""generated-pack""}"
nimbus,EVENTS_KITCHEN,ORD-EVENTS_KITCHEN-00964,waiter@nimbus.demo,DINE_IN,CLOSED,243000.00,43700.00,0.00,286700.00,EV-08,,"{""createdAt"": ""2026-06-18T10:10:00Z"", ""demoSource"": ""generated-pack""}"
nimbus,TAPAS_DOWNTOWN,ORD-TAPAS_DOWNTOWN-00965,supervisor@nimbus.demo,DINE_IN,SERVED,126000.00,22700.00,0.00,148700.00,TD-19,,"{""createdAt"": ""2026-06-19T07:45:00Z"", ""demoSource"": ""generated-pack""}"
nimbus,TAPAS_DOWNTOWN,ORD-TAPAS_DOWNTOWN-00966,cashier@nimbus.demo,TAKEAWAY,CLOSED,138000.00,24800.00,0.00,162800.00,,,"{""createdAt"": ""2026-06-19T09:20:00Z"", ""demoSource"": ""generated-pack""}"
nimbus,TAPAS_DOWNTOWN,ORD-TAPAS_DOWNTOWN-00967,cashier@nimbus.demo,DINE_IN,CLOSED,156000.00,28100.00,0.00,184100.00,TD-05,,"{""createdAt"": ""2026-06-19T09:45:00Z"", ""demoSource"": ""generated-pack""}"
nimbus,TAPAS_DOWNTOWN,ORD-TAPAS_DOWNTOWN-00968,waiter@nimbus.demo,DINE_IN,SERVED,114000.00,20500.00,0.00,134500.00,TD-14,,"{""createdAt"": ""2026-06-19T09:00:00Z"", ""demoSource"": ""generated-pack""}"
nimbus,TAPAS_DOWNTOWN,ORD-TAPAS_DOWNTOWN-00969,waiter@nimbus.demo,DINE_IN,SERVED,181000.00,32600.00,0.00,213600.00,TD-09,,"{""createdAt"": ""2026-06-19T07:10:00Z"", ""demoSource"": ""generated-pack""}"
nimbus,TAPAS_DOWNTOWN,ORD-TAPAS_DOWNTOWN-00970,cashier@nimbus.demo,DINE_IN,CLOSED,150000.00,27000.00,0.00,177000.00,TD-14,,"{""createdAt"": ""2026-06-19T07:45:00Z"", ""demoSource"": ""generated-pack""}"
nimbus,TAPAS_DOWNTOWN,ORD-TAPAS_DOWNTOWN-00971,supervisor@nimbus.demo,DINE_IN,CLOSED,76000.00,13700.00,0.00,89700.00,TD-11,,"{""createdAt"": ""2026-06-19T09:30:00Z"", ""demoSource"": ""generated-pack""}"
nimbus,ROOFTOP_BAR,ORD-ROOFTOP_BAR-00972,waiter@nimbus.demo,DINE_IN,CLOSED,174500.00,29800.00,8700.00,195600.00,RB-15,,"{""createdAt"": ""2026-06-19T07:20:00Z"", ""demoSource"": ""generated-pack""}"
nimbus,ROOFTOP_BAR,ORD-ROOFTOP_BAR-00973,cashier@nimbus.demo,TAKEAWAY,NEW,94200.00,17000.00,0.00,111200.00,,,"{""createdAt"": ""2026-06-19T09:45:00Z"", ""demoSource"": ""generated-pack""}"
nimbus,ROOFTOP_BAR,ORD-ROOFTOP_BAR-00974,supervisor@nimbus.demo,DINE_IN,CLOSED,32000.00,5800.00,0.00,37800.00,RB-16,,"{""createdAt"": ""2026-06-19T09:10:00Z"", ""demoSource"": ""generated-pack""}"
nimbus,ROOFTOP_BAR,ORD-ROOFTOP_BAR-00975,waiter@nimbus.demo,DINE_IN,SENT,198600.00,35700.00,0.00,234300.00,RB-13,,"{""createdAt"": ""2026-06-19T17:10:00Z"", ""demoSource"": ""generated-pack""}"
nimbus,ROOFTOP_BAR,ORD-ROOFTOP_BAR-00976,waiter@nimbus.demo,DINE_IN,CLOSED,188400.00,33900.00,0.00,222300.00,RB-01,,"{""createdAt"": ""2026-06-19T07:00:00Z"", ""demoSource"": ""generated-pack""}"
nimbus,ROOFTOP_BAR,ORD-ROOFTOP_BAR-00977,cashier@nimbus.demo,DINE_IN,SENT,309100.00,55600.00,0.00,364700.00,RB-04,,"{""createdAt"": ""2026-06-19T09:20:00Z"", ""demoSource"": ""generated-pack""}"
nimbus,ROOFTOP_BAR,ORD-ROOFTOP_BAR-00978,supervisor@nimbus.demo,TAKEAWAY,CLOSED,231100.00,41600.00,0.00,272700.00,,,"{""createdAt"": ""2026-06-19T09:45:00Z"", ""demoSource"": ""generated-pack""}"
nimbus,GARDEN_CAFE,ORD-GARDEN_CAFE-00979,cashier@nimbus.demo,DINE_IN,SERVED,8300.00,1500.00,0.00,9800.00,GC-17,,"{""createdAt"": ""2026-06-19T07:30:00Z"", ""demoSource"": ""generated-pack""}"
nimbus,GARDEN_CAFE,ORD-GARDEN_CAFE-00980,supervisor@nimbus.demo,DINE_IN,CLOSED,211600.00,38100.00,0.00,249700.00,GC-13,,"{""createdAt"": ""2026-06-19T07:45:00Z"", ""demoSource"": ""generated-pack""}"
nimbus,GARDEN_CAFE,ORD-GARDEN_CAFE-00981,supervisor@nimbus.demo,DINE_IN,CLOSED,92400.00,16600.00,0.00,109000.00,GC-11,,"{""createdAt"": ""2026-06-19T17:10:00Z"", ""demoSource"": ""generated-pack""}"
nimbus,GARDEN_CAFE,ORD-GARDEN_CAFE-00982,cashier@nimbus.demo,DINE_IN,CLOSED,126100.00,22700.00,0.00,148800.00,GC-08,,"{""createdAt"": ""2026-06-19T07:20:00Z"", ""demoSource"": ""generated-pack""}"
nimbus,GARDEN_CAFE,ORD-GARDEN_CAFE-00983,supervisor@nimbus.demo,DINE_IN,CLOSED,49600.00,8500.00,2500.00,55600.00,GC-16,,"{""createdAt"": ""2026-06-19T17:10:00Z"", ""demoSource"": ""generated-pack""}"
nimbus,GARDEN_CAFE,ORD-GARDEN_CAFE-00984,cashier@nimbus.demo,DINE_IN,CLOSED,132600.00,23900.00,0.00,156500.00,GC-08,,"{""createdAt"": ""2026-06-19T09:00:00Z"", ""demoSource"": ""generated-pack""}"
nimbus,GARDEN_CAFE,ORD-GARDEN_CAFE-00985,cashier@nimbus.demo,DINE_IN,CLOSED,125100.00,22500.00,0.00,147600.00,GC-01,,"{""createdAt"": ""2026-06-19T10:45:00Z"", ""demoSource"": ""generated-pack""}"
nimbus,EVENTS_KITCHEN,ORD-EVENTS_KITCHEN-00986,waiter@nimbus.demo,DINE_IN,CLOSED,90300.00,16300.00,0.00,106600.00,EV-06,,"{""createdAt"": ""2026-06-19T15:00:00Z"", ""demoSource"": ""generated-pack""}"
nimbus,EVENTS_KITCHEN,ORD-EVENTS_KITCHEN-00987,waiter@nimbus.demo,DINE_IN,CLOSED,317600.00,54300.00,15900.00,356000.00,EV-08,,"{""createdAt"": ""2026-06-19T07:30:00Z"", ""demoSource"": ""generated-pack""}"
nimbus,EVENTS_KITCHEN,ORD-EVENTS_KITCHEN-00988,waiter@nimbus.demo,DINE_IN,SENT,42500.00,7600.00,0.00,50100.00,EV-11,,"{""createdAt"": ""2026-06-19T10:00:00Z"", ""demoSource"": ""generated-pack""}"
nimbus,EVENTS_KITCHEN,ORD-EVENTS_KITCHEN-00989,cashier@nimbus.demo,TAKEAWAY,CLOSED,80000.00,14400.00,0.00,94400.00,,,"{""createdAt"": ""2026-06-19T10:30:00Z"", ""demoSource"": ""generated-pack""}"
nimbus,EVENTS_KITCHEN,ORD-EVENTS_KITCHEN-00990,supervisor@nimbus.demo,DINE_IN,CLOSED,85000.00,15300.00,0.00,100300.00,EV-04,,"{""createdAt"": ""2026-06-19T07:30:00Z"", ""demoSource"": ""generated-pack""}"
nimbus,EVENTS_KITCHEN,ORD-EVENTS_KITCHEN-00991,supervisor@nimbus.demo,DINE_IN,CLOSED,270000.00,48600.00,0.00,318600.00,EV-10,,"{""createdAt"": ""2026-06-19T09:45:00Z"", ""demoSource"": ""generated-pack""}"
nimbus,EVENTS_KITCHEN,ORD-EVENTS_KITCHEN-00992,waiter@nimbus.demo,DINE_IN,NEW,295200.00,53100.00,0.00,348300.00,EV-08,,"{""createdAt"": ""2026-06-19T09:30:00Z"", ""demoSource"": ""generated-pack""}"
nimbus,TAPAS_DOWNTOWN,ORD-TAPAS_DOWNTOWN-00993,cashier@nimbus.demo,DINE_IN,CLOSED,64000.00,11500.00,0.00,75500.00,TD-12,,"{""createdAt"": ""2026-06-20T09:30:00Z"", ""demoSource"": ""generated-pack""}"
nimbus,TAPAS_DOWNTOWN,ORD-TAPAS_DOWNTOWN-00994,waiter@nimbus.demo,DINE_IN,SENT,64000.00,11500.00,0.00,75500.00,TD-19,,"{""createdAt"": ""2026-06-20T10:00:00Z"", ""demoSource"": ""generated-pack""}"
nimbus,TAPAS_DOWNTOWN,ORD-TAPAS_DOWNTOWN-00995,cashier@nimbus.demo,TAKEAWAY,SERVED,157000.00,28300.00,0.00,185300.00,,,"{""createdAt"": ""2026-06-20T09:45:00Z"", ""demoSource"": ""generated-pack""}"
nimbus,ROOFTOP_BAR,ORD-ROOFTOP_BAR-00996,waiter@nimbus.demo,TAKEAWAY,CLOSED,47100.00,8500.00,0.00,55600.00,,,"{""createdAt"": ""2026-06-20T10:30:00Z"", ""demoSource"": ""generated-pack""}"
nimbus,ROOFTOP_BAR,ORD-ROOFTOP_BAR-00997,cashier@nimbus.demo,DINE_IN,CLOSED,62800.00,11300.00,0.00,74100.00,RB-02,,"{""createdAt"": ""2026-06-20T10:30:00Z"", ""demoSource"": ""generated-pack""}"
nimbus,ROOFTOP_BAR,ORD-ROOFTOP_BAR-00998,supervisor@nimbus.demo,TAKEAWAY,CLOSED,64000.00,11500.00,0.00,75500.00,,,"{""createdAt"": ""2026-06-20T09:20:00Z"", ""demoSource"": ""generated-pack""}"
nimbus,GARDEN_CAFE,ORD-GARDEN_CAFE-00999,supervisor@nimbus.demo,TAKEAWAY,SENT,253900.00,45700.00,0.00,299600.00,,,"{""createdAt"": ""2026-06-20T17:00:00Z"", ""demoSource"": ""generated-pack""}"
nimbus,GARDEN_CAFE,ORD-GARDEN_CAFE-01000,waiter@nimbus.demo,TAKEAWAY,CLOSED,55100.00,9900.00,0.00,65000.00,,,"{""createdAt"": ""2026-06-20T17:10:00Z"", ""demoSource"": ""generated-pack""}"
nimbus,GARDEN_CAFE,ORD-GARDEN_CAFE-01001,cashier@nimbus.demo,TAKEAWAY,CLOSED,130500.00,23500.00,0.00,154000.00,,,"{""createdAt"": ""2026-06-20T09:20:00Z"", ""demoSource"": ""generated-pack""}"
nimbus,EVENTS_KITCHEN,ORD-EVENTS_KITCHEN-01002,cashier@nimbus.demo,DINE_IN,CLOSED,85800.00,15400.00,0.00,101200.00,EV-12,,"{""createdAt"": ""2026-06-20T17:10:00Z"", ""demoSource"": ""generated-pack""}"
nimbus,EVENTS_KITCHEN,ORD-EVENTS_KITCHEN-01003,cashier@nimbus.demo,TAKEAWAY,CLOSED,26000.00,4700.00,0.00,30700.00,,,"{""createdAt"": ""2026-06-20T09:45:00Z"", ""demoSource"": ""generated-pack""}"
nimbus,EVENTS_KITCHEN,ORD-EVENTS_KITCHEN-01004,cashier@nimbus.demo,DINE_IN,READY,138100.00,24900.00,0.00,163000.00,EV-10,,"{""createdAt"": ""2026-06-20T15:10:00Z"", ""demoSource"": ""generated-pack""}"
nimbus,TAPAS_DOWNTOWN,ORD-TAPAS_DOWNTOWN-01005,supervisor@nimbus.demo,TAKEAWAY,READY,48000.00,8600.00,0.00,56600.00,,,"{""createdAt"": ""2026-06-21T15:10:00Z"", ""demoSource"": ""generated-pack""}"
nimbus,TAPAS_DOWNTOWN,ORD-TAPAS_DOWNTOWN-01006,supervisor@nimbus.demo,DINE_IN,CLOSED,190000.00,34200.00,0.00,224200.00,TD-14,,"{""createdAt"": ""2026-06-21T15:00:00Z"", ""demoSource"": ""generated-pack""}"
nimbus,TAPAS_DOWNTOWN,ORD-TAPAS_DOWNTOWN-01007,waiter@nimbus.demo,DINE_IN,CLOSED,240000.00,43200.00,0.00,283200.00,TD-01,,"{""createdAt"": ""2026-06-21T07:45:00Z"", ""demoSource"": ""generated-pack""}"
nimbus,TAPAS_DOWNTOWN,ORD-TAPAS_DOWNTOWN-01008,cashier@nimbus.demo,TAKEAWAY,READY,183000.00,31300.00,9200.00,205100.00,,,"{""createdAt"": ""2026-06-21T09:20:00Z"", ""demoSource"": ""generated-pack""}"
nimbus,ROOFTOP_BAR,ORD-ROOFTOP_BAR-01009,supervisor@nimbus.demo,TAKEAWAY,SERVED,86300.00,15500.00,0.00,101800.00,,,"{""createdAt"": ""2026-06-21T15:30:00Z"", ""demoSource"": ""generated-pack""}"
nimbus,ROOFTOP_BAR,ORD-ROOFTOP_BAR-01010,cashier@nimbus.demo,DINE_IN,NEW,84600.00,14500.00,4200.00,94900.00,RB-09,,"{""createdAt"": ""2026-06-21T09:45:00Z"", ""demoSource"": ""generated-pack""}"
nimbus,ROOFTOP_BAR,ORD-ROOFTOP_BAR-01011,supervisor@nimbus.demo,DINE_IN,CLOSED,106200.00,19100.00,0.00,125300.00,RB-12,,"{""createdAt"": ""2026-06-21T15:45:00Z"", ""demoSource"": ""generated-pack""}"
nimbus,ROOFTOP_BAR,ORD-ROOFTOP_BAR-01012,cashier@nimbus.demo,DINE_IN,SERVED,145000.00,26100.00,0.00,171100.00,RB-08,,"{""createdAt"": ""2026-06-21T09:20:00Z"", ""demoSource"": ""generated-pack""}"
nimbus,GARDEN_CAFE,ORD-GARDEN_CAFE-01013,cashier@nimbus.demo,DINE_IN,CLOSED,99400.00,17900.00,0.00,117300.00,GC-17,,"{""createdAt"": ""2026-06-21T10:45:00Z"", ""demoSource"": ""generated-pack""}"
nimbus,GARDEN_CAFE,ORD-GARDEN_CAFE-01014,waiter@nimbus.demo,TAKEAWAY,CLOSED,27600.00,5000.00,0.00,32600.00,,,"{""createdAt"": ""2026-06-21T15:20:00Z"", ""demoSource"": ""generated-pack""}"
nimbus,GARDEN_CAFE,ORD-GARDEN_CAFE-01015,waiter@nimbus.demo,TAKEAWAY,NEW,33100.00,6000.00,0.00,39100.00,,,"{""createdAt"": ""2026-06-21T17:00:00Z"", ""demoSource"": ""generated-pack""}"
nimbus,GARDEN_CAFE,ORD-GARDEN_CAFE-01016,supervisor@nimbus.demo,TAKEAWAY,SENT,68000.00,11600.00,3400.00,76200.00,,,"{""createdAt"": ""2026-06-21T10:30:00Z"", ""demoSource"": ""generated-pack""}"
nimbus,EVENTS_KITCHEN,ORD-EVENTS_KITCHEN-01017,cashier@nimbus.demo,DINE_IN,CLOSED,191800.00,34500.00,0.00,226300.00,EV-04,,"{""createdAt"": ""2026-06-21T10:20:00Z"", ""demoSource"": ""generated-pack""}"
nimbus,EVENTS_KITCHEN,ORD-EVENTS_KITCHEN-01018,waiter@nimbus.demo,DINE_IN,CLOSED,42500.00,7600.00,0.00,50100.00,EV-05,,"{""createdAt"": ""2026-06-21T15:00:00Z"", ""demoSource"": ""generated-pack""}"
nimbus,EVENTS_KITCHEN,ORD-EVENTS_KITCHEN-01019,cashier@nimbus.demo,DINE_IN,NEW,201800.00,34500.00,10100.00,226200.00,EV-03,,"{""createdAt"": ""2026-06-21T15:45:00Z"", ""demoSource"": ""generated-pack""}"
nimbus,EVENTS_KITCHEN,ORD-EVENTS_KITCHEN-01020,cashier@nimbus.demo,DINE_IN,CLOSED,58000.00,10400.00,0.00,68400.00,EV-06,,"{""createdAt"": ""2026-06-21T10:10:00Z"", ""demoSource"": ""generated-pack""}"
nimbus,TAPAS_DOWNTOWN,ORD-TAPAS_DOWNTOWN-01021,cashier@nimbus.demo,DINE_IN,READY,93000.00,16700.00,0.00,109700.00,TD-07,,"{""createdAt"": ""2026-06-22T17:20:00Z"", ""demoSource"": ""generated-pack""}"
nimbus,TAPAS_DOWNTOWN,ORD-TAPAS_DOWNTOWN-01022,waiter@nimbus.demo,TAKEAWAY,CLOSED,129000.00,23200.00,0.00,152200.00,,,"{""createdAt"": ""2026-06-22T07:30:00Z"", ""demoSource"": ""generated-pack""}"
nimbus,TAPAS_DOWNTOWN,ORD-TAPAS_DOWNTOWN-01023,waiter@nimbus.demo,TAKEAWAY,NEW,46000.00,8300.00,0.00,54300.00,,,"{""createdAt"": ""2026-06-22T09:10:00Z"", ""demoSource"": ""generated-pack""}"
nimbus,TAPAS_DOWNTOWN,ORD-TAPAS_DOWNTOWN-01024,cashier@nimbus.demo,DINE_IN,CLOSED,255000.00,45900.00,0.00,300900.00,TD-11,,"{""createdAt"": ""2026-06-22T15:45:00Z"", ""demoSource"": ""generated-pack""}"
nimbus,TAPAS_DOWNTOWN,ORD-TAPAS_DOWNTOWN-01025,waiter@nimbus.demo,DINE_IN,CLOSED,342000.00,61600.00,0.00,403600.00,TD-05,,"{""createdAt"": ""2026-06-22T09:00:00Z"", ""demoSource"": ""generated-pack""}"
nimbus,ROOFTOP_BAR,ORD-ROOFTOP_BAR-01026,cashier@nimbus.demo,DINE_IN,CLOSED,33600.00,5700.00,1700.00,37600.00,RB-11,,"{""createdAt"": ""2026-06-22T10:30:00Z"", ""demoSource"": ""generated-pack""}"
nimbus,ROOFTOP_BAR,ORD-ROOFTOP_BAR-01027,waiter@nimbus.demo,DINE_IN,CLOSED,154800.00,26500.00,7700.00,173600.00,RB-11,,"{""createdAt"": ""2026-06-22T09:10:00Z"", ""demoSource"": ""generated-pack""}"
nimbus,ROOFTOP_BAR,ORD-ROOFTOP_BAR-01028,supervisor@nimbus.demo,DINE_IN,SERVED,48000.00,8600.00,0.00,56600.00,RB-03,,"{""createdAt"": ""2026-06-22T07:30:00Z"", ""demoSource"": ""generated-pack""}"
nimbus,ROOFTOP_BAR,ORD-ROOFTOP_BAR-01029,cashier@nimbus.demo,DINE_IN,CLOSED,150600.00,27100.00,0.00,177700.00,RB-13,,"{""createdAt"": ""2026-06-22T07:00:00Z"", ""demoSource"": ""generated-pack""}"
nimbus,ROOFTOP_BAR,ORD-ROOFTOP_BAR-01030,waiter@nimbus.demo,DINE_IN,CLOSED,76900.00,13200.00,3800.00,86300.00,RB-13,,"{""createdAt"": ""2026-06-22T09:45:00Z"", ""demoSource"": ""generated-pack""}"
nimbus,GARDEN_CAFE,ORD-GARDEN_CAFE-01031,waiter@nimbus.demo,DINE_IN,CLOSED,11000.00,2000.00,0.00,13000.00,GC-11,,"{""createdAt"": ""2026-06-22T07:30:00Z"", ""demoSource"": ""generated-pack""}"
nimbus,GARDEN_CAFE,ORD-GARDEN_CAFE-01032,cashier@nimbus.demo,DINE_IN,CLOSED,51600.00,9300.00,0.00,60900.00,GC-07,,"{""createdAt"": ""2026-06-22T09:10:00Z"", ""demoSource"": ""generated-pack""}"
nimbus,GARDEN_CAFE,ORD-GARDEN_CAFE-01033,supervisor@nimbus.demo,DINE_IN,CLOSED,53400.00,9600.00,0.00,63000.00,GC-03,,"{""createdAt"": ""2026-06-22T17:45:00Z"", ""demoSource"": ""generated-pack""}"
nimbus,GARDEN_CAFE,ORD-GARDEN_CAFE-01034,supervisor@nimbus.demo,DINE_IN,SENT,97200.00,17500.00,0.00,114700.00,GC-15,,"{""createdAt"": ""2026-06-22T15:00:00Z"", ""demoSource"": ""generated-pack""}"
nimbus,GARDEN_CAFE,ORD-GARDEN_CAFE-01035,cashier@nimbus.demo,DINE_IN,SERVED,179400.00,32300.00,0.00,211700.00,GC-08,,"{""createdAt"": ""2026-06-22T15:20:00Z"", ""demoSource"": ""generated-pack""}"
nimbus,EVENTS_KITCHEN,ORD-EVENTS_KITCHEN-01036,waiter@nimbus.demo,DINE_IN,CLOSED,227800.00,41000.00,0.00,268800.00,EV-09,,"{""createdAt"": ""2026-06-22T17:20:00Z"", ""demoSource"": ""generated-pack""}"
nimbus,EVENTS_KITCHEN,ORD-EVENTS_KITCHEN-01037,waiter@nimbus.demo,DINE_IN,SENT,140500.00,25300.00,0.00,165800.00,EV-03,,"{""createdAt"": ""2026-06-22T17:30:00Z"", ""demoSource"": ""generated-pack""}"
nimbus,EVENTS_KITCHEN,ORD-EVENTS_KITCHEN-01038,supervisor@nimbus.demo,DINE_IN,CLOSED,141700.00,25500.00,0.00,167200.00,EV-06,,"{""createdAt"": ""2026-06-22T10:00:00Z"", ""demoSource"": ""generated-pack""}"
nimbus,EVENTS_KITCHEN,ORD-EVENTS_KITCHEN-01039,waiter@nimbus.demo,DINE_IN,CLOSED,44800.00,8100.00,0.00,52900.00,EV-01,,"{""createdAt"": ""2026-06-22T07:00:00Z"", ""demoSource"": ""generated-pack""}"
nimbus,EVENTS_KITCHEN,ORD-EVENTS_KITCHEN-01040,supervisor@nimbus.demo,DINE_IN,CLOSED,14200.00,2600.00,0.00,16800.00,EV-09,,"{""createdAt"": ""2026-06-22T10:45:00Z"", ""demoSource"": ""generated-pack""}"
nimbus,TAPAS_DOWNTOWN,ORD-TAPAS_DOWNTOWN-01041,cashier@nimbus.demo,DINE_IN,CLOSED,180000.00,32400.00,0.00,212400.00,TD-14,,"{""createdAt"": ""2026-06-23T17:00:00Z"", ""demoSource"": ""generated-pack""}"
nimbus,TAPAS_DOWNTOWN,ORD-TAPAS_DOWNTOWN-01042,cashier@nimbus.demo,DINE_IN,CLOSED,114000.00,20500.00,0.00,134500.00,TD-18,,"{""createdAt"": ""2026-06-23T17:45:00Z"", ""demoSource"": ""generated-pack""}"
nimbus,TAPAS_DOWNTOWN,ORD-TAPAS_DOWNTOWN-01043,waiter@nimbus.demo,DINE_IN,READY,92000.00,16600.00,0.00,108600.00,TD-10,,"{""createdAt"": ""2026-06-23T09:45:00Z"", ""demoSource"": ""generated-pack""}"
nimbus,TAPAS_DOWNTOWN,ORD-TAPAS_DOWNTOWN-01044,cashier@nimbus.demo,TAKEAWAY,NEW,170000.00,30600.00,0.00,200600.00,,,"{""createdAt"": ""2026-06-23T10:10:00Z"", ""demoSource"": ""generated-pack""}"
nimbus,TAPAS_DOWNTOWN,ORD-TAPAS_DOWNTOWN-01045,waiter@nimbus.demo,DINE_IN,READY,58000.00,10400.00,0.00,68400.00,TD-01,,"{""createdAt"": ""2026-06-23T17:20:00Z"", ""demoSource"": ""generated-pack""}"
nimbus,TAPAS_DOWNTOWN,ORD-TAPAS_DOWNTOWN-01046,supervisor@nimbus.demo,DINE_IN,CLOSED,28000.00,5000.00,0.00,33000.00,TD-14,,"{""createdAt"": ""2026-06-23T09:20:00Z"", ""demoSource"": ""generated-pack""}"
nimbus,ROOFTOP_BAR,ORD-ROOFTOP_BAR-01047,waiter@nimbus.demo,DINE_IN,READY,154200.00,27800.00,0.00,182000.00,RB-05,,"{""createdAt"": ""2026-06-23T17:20:00Z"", ""demoSource"": ""generated-pack""}"
nimbus,ROOFTOP_BAR,ORD-ROOFTOP_BAR-01048,waiter@nimbus.demo,DINE_IN,CLOSED,121800.00,20800.00,6100.00,136500.00,RB-12,,"{""createdAt"": ""2026-06-23T15:20:00Z"", ""demoSource"": ""generated-pack""}"
nimbus,ROOFTOP_BAR,ORD-ROOFTOP_BAR-01049,waiter@nimbus.demo,DINE_IN,CLOSED,13400.00,2400.00,0.00,15800.00,RB-01,,"{""createdAt"": ""2026-06-23T15:10:00Z"", ""demoSource"": ""generated-pack""}"
nimbus,ROOFTOP_BAR,ORD-ROOFTOP_BAR-01050,waiter@nimbus.demo,DINE_IN,CLOSED,64900.00,11700.00,0.00,76600.00,RB-13,,"{""createdAt"": ""2026-06-23T15:00:00Z"", ""demoSource"": ""generated-pack""}"
nimbus,ROOFTOP_BAR,ORD-ROOFTOP_BAR-01051,waiter@nimbus.demo,TAKEAWAY,CLOSED,100700.00,18100.00,0.00,118800.00,,,"{""createdAt"": ""2026-06-23T15:10:00Z"", ""demoSource"": ""generated-pack""}"
nimbus,ROOFTOP_BAR,ORD-ROOFTOP_BAR-01052,waiter@nimbus.demo,TAKEAWAY,CLOSED,26800.00,4800.00,0.00,31600.00,,,"{""createdAt"": ""2026-06-23T09:45:00Z"", ""demoSource"": ""generated-pack""}"
nimbus,GARDEN_CAFE,ORD-GARDEN_CAFE-01053,supervisor@nimbus.demo,DINE_IN,CLOSED,27600.00,5000.00,0.00,32600.00,GC-08,,"{""createdAt"": ""2026-06-23T17:00:00Z"", ""demoSource"": ""generated-pack""}"
nimbus,GARDEN_CAFE,ORD-GARDEN_CAFE-01054,supervisor@nimbus.demo,DINE_IN,READY,71700.00,12900.00,0.00,84600.00,GC-06,,"{""createdAt"": ""2026-06-23T10:10:00Z"", ""demoSource"": ""generated-pack""}"
nimbus,GARDEN_CAFE,ORD-GARDEN_CAFE-01055,waiter@nimbus.demo,TAKEAWAY,CLOSED,77400.00,13900.00,0.00,91300.00,,,"{""createdAt"": ""2026-06-23T07:20:00Z"", ""demoSource"": ""generated-pack""}"
nimbus,GARDEN_CAFE,ORD-GARDEN_CAFE-01056,cashier@nimbus.demo,TAKEAWAY,READY,15600.00,2800.00,0.00,18400.00,,,"{""createdAt"": ""2026-06-23T17:10:00Z"", ""demoSource"": ""generated-pack""}"
nimbus,GARDEN_CAFE,ORD-GARDEN_CAFE-01057,waiter@nimbus.demo,TAKEAWAY,READY,154500.00,27800.00,0.00,182300.00,,,"{""createdAt"": ""2026-06-23T17:00:00Z"", ""demoSource"": ""generated-pack""}"
nimbus,GARDEN_CAFE,ORD-GARDEN_CAFE-01058,cashier@nimbus.demo,DINE_IN,CLOSED,127900.00,23000.00,0.00,150900.00,GC-07,,"{""createdAt"": ""2026-06-23T15:00:00Z"", ""demoSource"": ""generated-pack""}"
nimbus,EVENTS_KITCHEN,ORD-EVENTS_KITCHEN-01059,supervisor@nimbus.demo,DINE_IN,CLOSED,492200.00,88600.00,0.00,580800.00,EV-10,,"{""createdAt"": ""2026-06-23T17:20:00Z"", ""demoSource"": ""generated-pack""}"
nimbus,EVENTS_KITCHEN,ORD-EVENTS_KITCHEN-01060,cashier@nimbus.demo,TAKEAWAY,CLOSED,178300.00,32100.00,0.00,210400.00,,,"{""createdAt"": ""2026-06-23T09:00:00Z"", ""demoSource"": ""generated-pack""}"
nimbus,EVENTS_KITCHEN,ORD-EVENTS_KITCHEN-01061,supervisor@nimbus.demo,DINE_IN,CLOSED,235900.00,40300.00,11800.00,264400.00,EV-03,,"{""createdAt"": ""2026-06-23T07:45:00Z"", ""demoSource"": ""generated-pack""}"
nimbus,EVENTS_KITCHEN,ORD-EVENTS_KITCHEN-01062,waiter@nimbus.demo,TAKEAWAY,CLOSED,254200.00,45800.00,0.00,300000.00,,,"{""createdAt"": ""2026-06-23T17:10:00Z"", ""demoSource"": ""generated-pack""}"
nimbus,EVENTS_KITCHEN,ORD-EVENTS_KITCHEN-01063,cashier@nimbus.demo,TAKEAWAY,READY,56700.00,10200.00,0.00,66900.00,,,"{""createdAt"": ""2026-06-23T07:00:00Z"", ""demoSource"": ""generated-pack""}"
nimbus,EVENTS_KITCHEN,ORD-EVENTS_KITCHEN-01064,cashier@nimbus.demo,DINE_IN,SENT,33000.00,5700.00,1600.00,37100.00,EV-10,,"{""createdAt"": ""2026-06-23T17:00:00Z"", ""demoSource"": ""generated-pack""}"
nimbus,TAPAS_DOWNTOWN,ORD-TAPAS_DOWNTOWN-01065,supervisor@nimbus.demo,DINE_IN,CLOSED,226000.00,40700.00,0.00,266700.00,TD-16,,"{""createdAt"": ""2026-06-24T15:00:00Z"", ""demoSource"": ""generated-pack""}"
nimbus,TAPAS_DOWNTOWN,ORD-TAPAS_DOWNTOWN-01066,cashier@nimbus.demo,DINE_IN,CLOSED,83000.00,14900.00,0.00,97900.00,TD-02,,"{""createdAt"": ""2026-06-24T09:45:00Z"", ""demoSource"": ""generated-pack""}"
nimbus,TAPAS_DOWNTOWN,ORD-TAPAS_DOWNTOWN-01067,waiter@nimbus.demo,DINE_IN,CLOSED,318000.00,57200.00,0.00,375200.00,TD-02,,"{""createdAt"": ""2026-06-24T09:00:00Z"", ""demoSource"": ""generated-pack""}"
nimbus,TAPAS_DOWNTOWN,ORD-TAPAS_DOWNTOWN-01068,cashier@nimbus.demo,DINE_IN,CLOSED,84000.00,14400.00,4200.00,94200.00,TD-03,,"{""createdAt"": ""2026-06-24T15:20:00Z"", ""demoSource"": ""generated-pack""}"
nimbus,TAPAS_DOWNTOWN,ORD-TAPAS_DOWNTOWN-01069,cashier@nimbus.demo,DINE_IN,CLOSED,183000.00,32900.00,0.00,215900.00,TD-07,,"{""createdAt"": ""2026-06-24T17:00:00Z"", ""demoSource"": ""generated-pack""}"
nimbus,TAPAS_DOWNTOWN,ORD-TAPAS_DOWNTOWN-01070,cashier@nimbus.demo,DINE_IN,CLOSED,108000.00,19400.00,0.00,127400.00,TD-06,,"{""createdAt"": ""2026-06-24T17:10:00Z"", ""demoSource"": ""generated-pack""}"
nimbus,TAPAS_DOWNTOWN,ORD-TAPAS_DOWNTOWN-01071,supervisor@nimbus.demo,TAKEAWAY,CLOSED,106000.00,19100.00,0.00,125100.00,,,"{""createdAt"": ""2026-06-24T10:00:00Z"", ""demoSource"": ""generated-pack""}"
nimbus,ROOFTOP_BAR,ORD-ROOFTOP_BAR-01072,supervisor@nimbus.demo,DINE_IN,CLOSED,172600.00,31100.00,0.00,203700.00,RB-03,,"{""createdAt"": ""2026-06-24T17:00:00Z"", ""demoSource"": ""generated-pack""}"
nimbus,ROOFTOP_BAR,ORD-ROOFTOP_BAR-01073,waiter@nimbus.demo,DINE_IN,CLOSED,116600.00,21000.00,0.00,137600.00,RB-04,,"{""createdAt"": ""2026-06-24T07:45:00Z"", ""demoSource"": ""generated-pack""}"
nimbus,ROOFTOP_BAR,ORD-ROOFTOP_BAR-01074,cashier@nimbus.demo,DINE_IN,SERVED,117400.00,21100.00,0.00,138500.00,RB-03,,"{""createdAt"": ""2026-06-24T10:20:00Z"", ""demoSource"": ""generated-pack""}"
nimbus,ROOFTOP_BAR,ORD-ROOFTOP_BAR-01075,supervisor@nimbus.demo,DINE_IN,CLOSED,222400.00,40000.00,0.00,262400.00,RB-08,,"{""createdAt"": ""2026-06-24T10:20:00Z"", ""demoSource"": ""generated-pack""}"
nimbus,ROOFTOP_BAR,ORD-ROOFTOP_BAR-01076,cashier@nimbus.demo,DINE_IN,CLOSED,33600.00,6000.00,0.00,39600.00,RB-14,,"{""createdAt"": ""2026-06-24T17:10:00Z"", ""demoSource"": ""generated-pack""}"
nimbus,ROOFTOP_BAR,ORD-ROOFTOP_BAR-01077,cashier@nimbus.demo,DINE_IN,CLOSED,80700.00,14500.00,0.00,95200.00,RB-06,,"{""createdAt"": ""2026-06-24T17:30:00Z"", ""demoSource"": ""generated-pack""}"
nimbus,ROOFTOP_BAR,ORD-ROOFTOP_BAR-01078,cashier@nimbus.demo,DINE_IN,CLOSED,94000.00,16900.00,0.00,110900.00,RB-12,,"{""createdAt"": ""2026-06-24T15:20:00Z"", ""demoSource"": ""generated-pack""}"
nimbus,GARDEN_CAFE,ORD-GARDEN_CAFE-01079,waiter@nimbus.demo,TAKEAWAY,NEW,58800.00,10600.00,0.00,69400.00,,,"{""createdAt"": ""2026-06-24T10:20:00Z"", ""demoSource"": ""generated-pack""}"
nimbus,GARDEN_CAFE,ORD-GARDEN_CAFE-01080,supervisor@nimbus.demo,DINE_IN,READY,97200.00,17500.00,0.00,114700.00,GC-11,,"{""createdAt"": ""2026-06-24T17:20:00Z"", ""demoSource"": ""generated-pack""}"
nimbus,GARDEN_CAFE,ORD-GARDEN_CAFE-01081,supervisor@nimbus.demo,DINE_IN,CLOSED,193300.00,34800.00,0.00,228100.00,GC-07,,"{""createdAt"": ""2026-06-24T10:45:00Z"", ""demoSource"": ""generated-pack""}"
nimbus,GARDEN_CAFE,ORD-GARDEN_CAFE-01082,cashier@nimbus.demo,DINE_IN,CLOSED,106800.00,19200.00,0.00,126000.00,GC-12,,"{""createdAt"": ""2026-06-24T09:30:00Z"", ""demoSource"": ""generated-pack""}"
nimbus,GARDEN_CAFE,ORD-GARDEN_CAFE-01083,cashier@nimbus.demo,DINE_IN,CLOSED,35000.00,6300.00,0.00,41300.00,GC-16,,"{""createdAt"": ""2026-06-24T15:00:00Z"", ""demoSource"": ""generated-pack""}"
nimbus,GARDEN_CAFE,ORD-GARDEN_CAFE-01084,waiter@nimbus.demo,DINE_IN,READY,64200.00,11600.00,0.00,75800.00,GC-04,,"{""createdAt"": ""2026-06-24T07:10:00Z"", ""demoSource"": ""generated-pack""}"
nimbus,GARDEN_CAFE,ORD-GARDEN_CAFE-01085,cashier@nimbus.demo,DINE_IN,READY,237500.00,42800.00,0.00,280300.00,GC-02,,"{""createdAt"": ""2026-06-24T07:10:00Z"", ""demoSource"": ""generated-pack""}"
nimbus,EVENTS_KITCHEN,ORD-EVENTS_KITCHEN-01086,cashier@nimbus.demo,TAKEAWAY,CLOSED,409100.00,73600.00,0.00,482700.00,,,"{""createdAt"": ""2026-06-24T07:30:00Z"", ""demoSource"": ""generated-pack""}"
nimbus,EVENTS_KITCHEN,ORD-EVENTS_KITCHEN-01087,waiter@nimbus.demo,DINE_IN,SERVED,404400.00,72800.00,0.00,477200.00,EV-05,,"{""createdAt"": ""2026-06-24T17:10:00Z"", ""demoSource"": ""generated-pack""}"
nimbus,EVENTS_KITCHEN,ORD-EVENTS_KITCHEN-01088,waiter@nimbus.demo,TAKEAWAY,CLOSED,167900.00,30200.00,0.00,198100.00,,,"{""createdAt"": ""2026-06-24T15:45:00Z"", ""demoSource"": ""generated-pack""}"
nimbus,EVENTS_KITCHEN,ORD-EVENTS_KITCHEN-01089,supervisor@nimbus.demo,TAKEAWAY,CLOSED,118100.00,21300.00,0.00,139400.00,,,"{""createdAt"": ""2026-06-24T10:30:00Z"", ""demoSource"": ""generated-pack""}"
nimbus,EVENTS_KITCHEN,ORD-EVENTS_KITCHEN-01090,cashier@nimbus.demo,DINE_IN,CLOSED,96000.00,17300.00,0.00,113300.00,EV-05,,"{""createdAt"": ""2026-06-24T15:30:00Z"", ""demoSource"": ""generated-pack""}"
nimbus,EVENTS_KITCHEN,ORD-EVENTS_KITCHEN-01091,waiter@nimbus.demo,DINE_IN,SENT,264200.00,47600.00,0.00,311800.00,EV-08,,"{""createdAt"": ""2026-06-24T10:00:00Z"", ""demoSource"": ""generated-pack""}"
nimbus,EVENTS_KITCHEN,ORD-EVENTS_KITCHEN-01092,waiter@nimbus.demo,DINE_IN,CLOSED,233700.00,42100.00,0.00,275800.00,EV-04,,"{""createdAt"": ""2026-06-24T15:00:00Z"", ""demoSource"": ""generated-pack""}"
nimbus,TAPAS_DOWNTOWN,ORD-TAPAS_DOWNTOWN-01093,supervisor@nimbus.demo,TAKEAWAY,CLOSED,118000.00,21200.00,0.00,139200.00,,,"{""createdAt"": ""2026-06-25T09:00:00Z"", ""demoSource"": ""generated-pack""}"
nimbus,TAPAS_DOWNTOWN,ORD-TAPAS_DOWNTOWN-01094,waiter@nimbus.demo,DINE_IN,CLOSED,276000.00,47200.00,13800.00,309400.00,TD-04,,"{""createdAt"": ""2026-06-25T10:30:00Z"", ""demoSource"": ""generated-pack""}"
nimbus,TAPAS_DOWNTOWN,ORD-TAPAS_DOWNTOWN-01095,cashier@nimbus.demo,DINE_IN,CLOSED,36000.00,6500.00,0.00,42500.00,TD-15,,"{""createdAt"": ""2026-06-25T07:10:00Z"", ""demoSource"": ""generated-pack""}"
nimbus,ROOFTOP_BAR,ORD-ROOFTOP_BAR-01096,supervisor@nimbus.demo,DINE_IN,CLOSED,27200.00,4900.00,0.00,32100.00,RB-07,,"{""createdAt"": ""2026-06-25T15:20:00Z"", ""demoSource"": ""generated-pack""}"
nimbus,ROOFTOP_BAR,ORD-ROOFTOP_BAR-01097,supervisor@nimbus.demo,TAKEAWAY,SERVED,64600.00,11600.00,0.00,76200.00,,,"{""createdAt"": ""2026-06-25T07:30:00Z"", ""demoSource"": ""generated-pack""}"
nimbus,ROOFTOP_BAR,ORD-ROOFTOP_BAR-01098,waiter@nimbus.demo,DINE_IN,CLOSED,172600.00,31100.00,0.00,203700.00,RB-12,,"{""createdAt"": ""2026-06-25T09:00:00Z"", ""demoSource"": ""generated-pack""}"
nimbus,GARDEN_CAFE,ORD-GARDEN_CAFE-01099,waiter@nimbus.demo,DINE_IN,READY,77400.00,13900.00,0.00,91300.00,GC-17,,"{""createdAt"": ""2026-06-25T07:00:00Z"", ""demoSource"": ""generated-pack""}"
nimbus,GARDEN_CAFE,ORD-GARDEN_CAFE-01100,waiter@nimbus.demo,DINE_IN,READY,217400.00,37200.00,10900.00,243700.00,GC-03,,"{""createdAt"": ""2026-06-25T10:10:00Z"", ""demoSource"": ""generated-pack""}"
nimbus,GARDEN_CAFE,ORD-GARDEN_CAFE-01101,supervisor@nimbus.demo,DINE_IN,SERVED,68100.00,12300.00,0.00,80400.00,GC-17,,"{""createdAt"": ""2026-06-25T10:45:00Z"", ""demoSource"": ""generated-pack""}"
nimbus,EVENTS_KITCHEN,ORD-EVENTS_KITCHEN-01102,supervisor@nimbus.demo,DINE_IN,NEW,63800.00,11500.00,0.00,75300.00,EV-11,,"{""createdAt"": ""2026-06-25T07:10:00Z"", ""demoSource"": ""generated-pack""}"
nimbus,EVENTS_KITCHEN,ORD-EVENTS_KITCHEN-01103,waiter@nimbus.demo,TAKEAWAY,READY,370400.00,66700.00,0.00,437100.00,,,"{""createdAt"": ""2026-06-25T10:00:00Z"", ""demoSource"": ""generated-pack""}"
nimbus,EVENTS_KITCHEN,ORD-EVENTS_KITCHEN-01104,cashier@nimbus.demo,DINE_IN,NEW,63700.00,11500.00,0.00,75200.00,EV-02,,"{""createdAt"": ""2026-06-25T17:30:00Z"", ""demoSource"": ""generated-pack""}"
nimbus,TAPAS_DOWNTOWN,ORD-TAPAS_DOWNTOWN-01105,supervisor@nimbus.demo,DINE_IN,SERVED,132000.00,23800.00,0.00,155800.00,TD-15,,"{""createdAt"": ""2026-06-26T15:45:00Z"", ""demoSource"": ""generated-pack""}"
nimbus,TAPAS_DOWNTOWN,ORD-TAPAS_DOWNTOWN-01106,cashier@nimbus.demo,TAKEAWAY,SERVED,85000.00,15300.00,0.00,100300.00,,,"{""createdAt"": ""2026-06-26T17:30:00Z"", ""demoSource"": ""generated-pack""}"
nimbus,TAPAS_DOWNTOWN,ORD-TAPAS_DOWNTOWN-01107,supervisor@nimbus.demo,DINE_IN,READY,201000.00,36200.00,0.00,237200.00,TD-13,,"{""createdAt"": ""2026-06-26T17:20:00Z"", ""demoSource"": ""generated-pack""}"
nimbus,TAPAS_DOWNTOWN,ORD-TAPAS_DOWNTOWN-01108,cashier@nimbus.demo,DINE_IN,CLOSED,114000.00,19500.00,5700.00,127800.00,TD-18,,"{""createdAt"": ""2026-06-26T17:10:00Z"", ""demoSource"": ""generated-pack""}"
nimbus,ROOFTOP_BAR,ORD-ROOFTOP_BAR-01109,waiter@nimbus.demo,DINE_IN,CLOSED,117800.00,20100.00,5900.00,132000.00,RB-05,,"{""createdAt"": ""2026-06-26T07:00:00Z"", ""demoSource"": ""generated-pack""}"
nimbus,ROOFTOP_BAR,ORD-ROOFTOP_BAR-01110,cashier@nimbus.demo,DINE_IN,SERVED,121800.00,20800.00,6100.00,136500.00,RB-13,,"{""createdAt"": ""2026-06-26T10:20:00Z"", ""demoSource"": ""generated-pack""}"
nimbus,ROOFTOP_BAR,ORD-ROOFTOP_BAR-01111,cashier@nimbus.demo,DINE_IN,CLOSED,87300.00,15700.00,0.00,103000.00,RB-05,,"{""createdAt"": ""2026-06-26T07:00:00Z"", ""demoSource"": ""generated-pack""}"
nimbus,ROOFTOP_BAR,ORD-ROOFTOP_BAR-01112,supervisor@nimbus.demo,DINE_IN,SENT,40400.00,7300.00,0.00,47700.00,RB-07,,"{""createdAt"": ""2026-06-26T10:45:00Z"", ""demoSource"": ""generated-pack""}"
nimbus,GARDEN_CAFE,ORD-GARDEN_CAFE-01113,waiter@nimbus.demo,DINE_IN,CLOSED,91700.00,15700.00,4600.00,102800.00,GC-17,,"{""createdAt"": ""2026-06-26T09:20:00Z"", ""demoSource"": ""generated-pack""}"
nimbus,GARDEN_CAFE,ORD-GARDEN_CAFE-01114,waiter@nimbus.demo,DINE_IN,CLOSED,48600.00,8700.00,0.00,57300.00,GC-08,,"{""createdAt"": ""2026-06-26T10:30:00Z"", ""demoSource"": ""generated-pack""}"
nimbus,GARDEN_CAFE,ORD-GARDEN_CAFE-01115,waiter@nimbus.demo,TAKEAWAY,CLOSED,44200.00,8000.00,0.00,52200.00,,,"{""createdAt"": ""2026-06-26T09:10:00Z"", ""demoSource"": ""generated-pack""}"
nimbus,GARDEN_CAFE,ORD-GARDEN_CAFE-01116,supervisor@nimbus.demo,DINE_IN,NEW,107700.00,19400.00,0.00,127100.00,GC-10,,"{""createdAt"": ""2026-06-26T17:10:00Z"", ""demoSource"": ""generated-pack""}"
nimbus,EVENTS_KITCHEN,ORD-EVENTS_KITCHEN-01117,waiter@nimbus.demo,DINE_IN,CLOSED,154000.00,27700.00,0.00,181700.00,EV-04,,"{""createdAt"": ""2026-06-26T10:45:00Z"", ""demoSource"": ""generated-pack""}"
nimbus,EVENTS_KITCHEN,ORD-EVENTS_KITCHEN-01118,supervisor@nimbus.demo,DINE_IN,CLOSED,61400.00,11100.00,0.00,72500.00,EV-07,,"{""createdAt"": ""2026-06-26T07:30:00Z"", ""demoSource"": ""generated-pack""}"
nimbus,EVENTS_KITCHEN,ORD-EVENTS_KITCHEN-01119,waiter@nimbus.demo,DINE_IN,CLOSED,31900.00,5700.00,0.00,37600.00,EV-04,,"{""createdAt"": ""2026-06-26T10:10:00Z"", ""demoSource"": ""generated-pack""}"
nimbus,EVENTS_KITCHEN,ORD-EVENTS_KITCHEN-01120,cashier@nimbus.demo,DINE_IN,CLOSED,84000.00,14400.00,4200.00,94200.00,EV-05,,"{""createdAt"": ""2026-06-26T07:30:00Z"", ""demoSource"": ""generated-pack""}"
nimbus,TAPAS_DOWNTOWN,ORD-TAPAS_DOWNTOWN-01121,waiter@nimbus.demo,TAKEAWAY,READY,96000.00,17300.00,0.00,113300.00,,,"{""createdAt"": ""2026-06-27T09:20:00Z"", ""demoSource"": ""generated-pack""}"
nimbus,TAPAS_DOWNTOWN,ORD-TAPAS_DOWNTOWN-01122,supervisor@nimbus.demo,DINE_IN,CLOSED,99000.00,17800.00,0.00,116800.00,TD-19,,"{""createdAt"": ""2026-06-27T09:10:00Z"", ""demoSource"": ""generated-pack""}"
nimbus,TAPAS_DOWNTOWN,ORD-TAPAS_DOWNTOWN-01123,waiter@nimbus.demo,DINE_IN,CLOSED,278000.00,50000.00,0.00,328000.00,TD-14,,"{""createdAt"": ""2026-06-27T15:10:00Z"", ""demoSource"": ""generated-pack""}"
nimbus,TAPAS_DOWNTOWN,ORD-TAPAS_DOWNTOWN-01124,supervisor@nimbus.demo,DINE_IN,CLOSED,80000.00,14400.00,0.00,94400.00,TD-07,,"{""createdAt"": ""2026-06-27T07:20:00Z"", ""demoSource"": ""generated-pack""}"
nimbus,TAPAS_DOWNTOWN,ORD-TAPAS_DOWNTOWN-01125,supervisor@nimbus.demo,TAKEAWAY,CLOSED,146000.00,26300.00,0.00,172300.00,,,"{""createdAt"": ""2026-06-27T07:45:00Z"", ""demoSource"": ""generated-pack""}"
nimbus,ROOFTOP_BAR,ORD-ROOFTOP_BAR-01126,supervisor@nimbus.demo,DINE_IN,READY,104000.00,18700.00,0.00,122700.00,RB-04,,"{""createdAt"": ""2026-06-27T17:45:00Z"", ""demoSource"": ""generated-pack""}"
nimbus,ROOFTOP_BAR,ORD-ROOFTOP_BAR-01127,waiter@nimbus.demo,TAKEAWAY,CLOSED,181300.00,32600.00,0.00,213900.00,,,"{""createdAt"": ""2026-06-27T15:00:00Z"", ""demoSource"": ""generated-pack""}"
nimbus,ROOFTOP_BAR,ORD-ROOFTOP_BAR-01128,cashier@nimbus.demo,DINE_IN,CLOSED,58200.00,10500.00,0.00,68700.00,RB-06,,"{""createdAt"": ""2026-06-27T15:20:00Z"", ""demoSource"": ""generated-pack""}"
nimbus,ROOFTOP_BAR,ORD-ROOFTOP_BAR-01129,cashier@nimbus.demo,TAKEAWAY,SERVED,268900.00,48400.00,0.00,317300.00,,,"{""createdAt"": ""2026-06-27T09:10:00Z"", ""demoSource"": ""generated-pack""}"
nimbus,ROOFTOP_BAR,ORD-ROOFTOP_BAR-01130,cashier@nimbus.demo,TAKEAWAY,CLOSED,24000.00,4100.00,1200.00,26900.00,,,"{""createdAt"": ""2026-06-27T07:00:00Z"", ""demoSource"": ""generated-pack""}"
nimbus,GARDEN_CAFE,ORD-GARDEN_CAFE-01131,supervisor@nimbus.demo,DINE_IN,READY,280800.00,50500.00,0.00,331300.00,GC-10,,"{""createdAt"": ""2026-06-27T09:20:00Z"", ""demoSource"": ""generated-pack""}"
nimbus,GARDEN_CAFE,ORD-GARDEN_CAFE-01132,supervisor@nimbus.demo,DINE_IN,CLOSED,218700.00,37400.00,10900.00,245200.00,GC-01,,"{""createdAt"": ""2026-06-27T10:00:00Z"", ""demoSource"": ""generated-pack""}"
nimbus,GARDEN_CAFE,ORD-GARDEN_CAFE-01133,waiter@nimbus.demo,DINE_IN,CLOSED,77200.00,13900.00,0.00,91100.00,GC-07,,"{""createdAt"": ""2026-06-27T10:20:00Z"", ""demoSource"": ""generated-pack""}"
nimbus,GARDEN_CAFE,ORD-GARDEN_CAFE-01134,cashier@nimbus.demo,DINE_IN,SENT,123300.00,21100.00,6200.00,138200.00,GC-05,,"{""createdAt"": ""2026-06-27T09:20:00Z"", ""demoSource"": ""generated-pack""}"
nimbus,GARDEN_CAFE,ORD-GARDEN_CAFE-01135,waiter@nimbus.demo,DINE_IN,CLOSED,72000.00,13000.00,0.00,85000.00,GC-04,,"{""createdAt"": ""2026-06-27T09:10:00Z"", ""demoSource"": ""generated-pack""}"
nimbus,EVENTS_KITCHEN,ORD-EVENTS_KITCHEN-01136,waiter@nimbus.demo,DINE_IN,NEW,56000.00,10100.00,0.00,66100.00,EV-01,,"{""createdAt"": ""2026-06-27T10:10:00Z"", ""demoSource"": ""generated-pack""}"
nimbus,EVENTS_KITCHEN,ORD-EVENTS_KITCHEN-01137,waiter@nimbus.demo,DINE_IN,CLOSED,188000.00,33800.00,0.00,221800.00,EV-06,,"{""createdAt"": ""2026-06-27T10:00:00Z"", ""demoSource"": ""generated-pack""}"
nimbus,EVENTS_KITCHEN,ORD-EVENTS_KITCHEN-01138,cashier@nimbus.demo,DINE_IN,CLOSED,285600.00,48800.00,14300.00,320100.00,EV-03,,"{""createdAt"": ""2026-06-27T17:30:00Z"", ""demoSource"": ""generated-pack""}"
nimbus,EVENTS_KITCHEN,ORD-EVENTS_KITCHEN-01139,supervisor@nimbus.demo,TAKEAWAY,SERVED,113300.00,19400.00,5700.00,127000.00,,,"{""createdAt"": ""2026-06-27T09:30:00Z"", ""demoSource"": ""generated-pack""}"
nimbus,EVENTS_KITCHEN,ORD-EVENTS_KITCHEN-01140,supervisor@nimbus.demo,DINE_IN,SENT,210100.00,37800.00,0.00,247900.00,EV-08,,"{""createdAt"": ""2026-06-27T07:45:00Z"", ""demoSource"": ""generated-pack""}"
nimbus,TAPAS_DOWNTOWN,ORD-TAPAS_DOWNTOWN-01141,supervisor@nimbus.demo,DINE_IN,SENT,144000.00,25900.00,0.00,169900.00,TD-15,,"{""createdAt"": ""2026-06-28T09:00:00Z"", ""demoSource"": ""generated-pack""}"
nimbus,TAPAS_DOWNTOWN,ORD-TAPAS_DOWNTOWN-01142,cashier@nimbus.demo,DINE_IN,CLOSED,63000.00,11300.00,0.00,74300.00,TD-03,,"{""createdAt"": ""2026-06-28T10:30:00Z"", ""demoSource"": ""generated-pack""}"
nimbus,TAPAS_DOWNTOWN,ORD-TAPAS_DOWNTOWN-01143,supervisor@nimbus.demo,DINE_IN,CLOSED,78000.00,14000.00,0.00,92000.00,TD-10,,"{""createdAt"": ""2026-06-28T10:20:00Z"", ""demoSource"": ""generated-pack""}"
nimbus,TAPAS_DOWNTOWN,ORD-TAPAS_DOWNTOWN-01144,supervisor@nimbus.demo,TAKEAWAY,CLOSED,144000.00,25900.00,0.00,169900.00,,,"{""createdAt"": ""2026-06-28T15:20:00Z"", ""demoSource"": ""generated-pack""}"
nimbus,TAPAS_DOWNTOWN,ORD-TAPAS_DOWNTOWN-01145,supervisor@nimbus.demo,DINE_IN,SERVED,156000.00,28100.00,0.00,184100.00,TD-15,,"{""createdAt"": ""2026-06-28T09:00:00Z"", ""demoSource"": ""generated-pack""}"
nimbus,TAPAS_DOWNTOWN,ORD-TAPAS_DOWNTOWN-01146,cashier@nimbus.demo,TAKEAWAY,CLOSED,42000.00,7600.00,0.00,49600.00,,,"{""createdAt"": ""2026-06-28T17:10:00Z"", ""demoSource"": ""generated-pack""}"
nimbus,ROOFTOP_BAR,ORD-ROOFTOP_BAR-01147,cashier@nimbus.demo,DINE_IN,CLOSED,31400.00,5400.00,1600.00,35200.00,RB-14,,"{""createdAt"": ""2026-06-28T07:10:00Z"", ""demoSource"": ""generated-pack""}"
nimbus,ROOFTOP_BAR,ORD-ROOFTOP_BAR-01148,cashier@nimbus.demo,TAKEAWAY,SENT,95400.00,17200.00,0.00,112600.00,,,"{""createdAt"": ""2026-06-28T09:00:00Z"", ""demoSource"": ""generated-pack""}"
nimbus,ROOFTOP_BAR,ORD-ROOFTOP_BAR-01149,cashier@nimbus.demo,DINE_IN,CLOSED,23500.00,4200.00,0.00,27700.00,RB-12,,"{""createdAt"": ""2026-06-28T15:30:00Z"", ""demoSource"": ""generated-pack""}"
nimbus,ROOFTOP_BAR,ORD-ROOFTOP_BAR-01150,waiter@nimbus.demo,TAKEAWAY,CLOSED,242500.00,43600.00,0.00,286100.00,,,"{""createdAt"": ""2026-06-28T09:00:00Z"", ""demoSource"": ""generated-pack""}"
nimbus,ROOFTOP_BAR,ORD-ROOFTOP_BAR-01151,cashier@nimbus.demo,TAKEAWAY,NEW,13400.00,2400.00,0.00,15800.00,,,"{""createdAt"": ""2026-06-28T17:45:00Z"", ""demoSource"": ""generated-pack""}"
nimbus,ROOFTOP_BAR,ORD-ROOFTOP_BAR-01152,waiter@nimbus.demo,DINE_IN,CLOSED,101800.00,18300.00,0.00,120100.00,RB-12,,"{""createdAt"": ""2026-06-28T09:30:00Z"", ""demoSource"": ""generated-pack""}"
nimbus,GARDEN_CAFE,ORD-GARDEN_CAFE-01153,waiter@nimbus.demo,TAKEAWAY,NEW,134400.00,24200.00,0.00,158600.00,,,"{""createdAt"": ""2026-06-28T17:45:00Z"", ""demoSource"": ""generated-pack""}"
nimbus,GARDEN_CAFE,ORD-GARDEN_CAFE-01154,cashier@nimbus.demo,DINE_IN,CLOSED,112300.00,20200.00,0.00,132500.00,GC-09,,"{""createdAt"": ""2026-06-28T10:10:00Z"", ""demoSource"": ""generated-pack""}"
nimbus,GARDEN_CAFE,ORD-GARDEN_CAFE-01155,cashier@nimbus.demo,DINE_IN,CLOSED,46800.00,8400.00,0.00,55200.00,GC-16,,"{""createdAt"": ""2026-06-28T07:45:00Z"", ""demoSource"": ""generated-pack""}"
nimbus,GARDEN_CAFE,ORD-GARDEN_CAFE-01156,waiter@nimbus.demo,DINE_IN,CLOSED,114200.00,19500.00,5700.00,128000.00,GC-13,,"{""createdAt"": ""2026-06-28T09:30:00Z"", ""demoSource"": ""generated-pack""}"
nimbus,GARDEN_CAFE,ORD-GARDEN_CAFE-01157,cashier@nimbus.demo,DINE_IN,CLOSED,144200.00,26000.00,0.00,170200.00,GC-08,,"{""createdAt"": ""2026-06-28T15:20:00Z"", ""demoSource"": ""generated-pack""}"
nimbus,GARDEN_CAFE,ORD-GARDEN_CAFE-01158,waiter@nimbus.demo,DINE_IN,SENT,211000.00,38000.00,0.00,249000.00,GC-15,,"{""createdAt"": ""2026-06-28T07:00:00Z"", ""demoSource"": ""generated-pack""}"
nimbus,EVENTS_KITCHEN,ORD-EVENTS_KITCHEN-01159,waiter@nimbus.demo,TAKEAWAY,SERVED,49600.00,8900.00,0.00,58500.00,,,"{""createdAt"": ""2026-06-28T17:30:00Z"", ""demoSource"": ""generated-pack""}"
nimbus,EVENTS_KITCHEN,ORD-EVENTS_KITCHEN-01160,supervisor@nimbus.demo,DINE_IN,NEW,92000.00,16600.00,0.00,108600.00,EV-03,,"{""createdAt"": ""2026-06-28T09:20:00Z"", ""demoSource"": ""generated-pack""}"
nimbus,EVENTS_KITCHEN,ORD-EVENTS_KITCHEN-01161,waiter@nimbus.demo,TAKEAWAY,CLOSED,284100.00,51100.00,0.00,335200.00,,,"{""createdAt"": ""2026-06-28T15:20:00Z"", ""demoSource"": ""generated-pack""}"
nimbus,EVENTS_KITCHEN,ORD-EVENTS_KITCHEN-01162,cashier@nimbus.demo,DINE_IN,SENT,305300.00,55000.00,0.00,360300.00,EV-02,,"{""createdAt"": ""2026-06-28T15:20:00Z"", ""demoSource"": ""generated-pack""}"
nimbus,EVENTS_KITCHEN,ORD-EVENTS_KITCHEN-01163,supervisor@nimbus.demo,DINE_IN,SERVED,56700.00,10200.00,0.00,66900.00,EV-05,,"{""createdAt"": ""2026-06-28T09:45:00Z"", ""demoSource"": ""generated-pack""}"
nimbus,EVENTS_KITCHEN,ORD-EVENTS_KITCHEN-01164,supervisor@nimbus.demo,TAKEAWAY,READY,206500.00,37200.00,0.00,243700.00,,,"{""createdAt"": ""2026-06-28T07:45:00Z"", ""demoSource"": ""generated-pack""}"
nimbus,TAPAS_DOWNTOWN,ORD-TAPAS_DOWNTOWN-01165,cashier@nimbus.demo,DINE_IN,READY,356000.00,64100.00,0.00,420100.00,TD-19,,"{""createdAt"": ""2026-06-29T07:20:00Z"", ""demoSource"": ""generated-pack""}"
nimbus,TAPAS_DOWNTOWN,ORD-TAPAS_DOWNTOWN-01166,waiter@nimbus.demo,TAKEAWAY,SENT,194000.00,34900.00,0.00,228900.00,,,"{""createdAt"": ""2026-06-29T09:10:00Z"", ""demoSource"": ""generated-pack""}"
nimbus,TAPAS_DOWNTOWN,ORD-TAPAS_DOWNTOWN-01167,waiter@nimbus.demo,DINE_IN,CLOSED,28000.00,5000.00,0.00,33000.00,TD-10,,"{""createdAt"": ""2026-06-29T15:20:00Z"", ""demoSource"": ""generated-pack""}"
nimbus,TAPAS_DOWNTOWN,ORD-TAPAS_DOWNTOWN-01168,supervisor@nimbus.demo,TAKEAWAY,NEW,20000.00,3600.00,0.00,23600.00,,,"{""createdAt"": ""2026-06-29T17:30:00Z"", ""demoSource"": ""generated-pack""}"
nimbus,TAPAS_DOWNTOWN,ORD-TAPAS_DOWNTOWN-01169,supervisor@nimbus.demo,DINE_IN,SERVED,97000.00,17500.00,0.00,114500.00,TD-18,,"{""createdAt"": ""2026-06-29T07:45:00Z"", ""demoSource"": ""generated-pack""}"
nimbus,TAPAS_DOWNTOWN,ORD-TAPAS_DOWNTOWN-01170,cashier@nimbus.demo,TAKEAWAY,CLOSED,120000.00,21600.00,0.00,141600.00,,,"{""createdAt"": ""2026-06-29T15:45:00Z"", ""demoSource"": ""generated-pack""}"
nimbus,TAPAS_DOWNTOWN,ORD-TAPAS_DOWNTOWN-01171,waiter@nimbus.demo,DINE_IN,CLOSED,32000.00,5800.00,0.00,37800.00,TD-21,,"{""createdAt"": ""2026-06-29T07:30:00Z"", ""demoSource"": ""generated-pack""}"
nimbus,ROOFTOP_BAR,ORD-ROOFTOP_BAR-01172,supervisor@nimbus.demo,DINE_IN,SERVED,104300.00,17800.00,5200.00,116900.00,RB-14,,"{""createdAt"": ""2026-06-29T17:20:00Z"", ""demoSource"": ""generated-pack""}"
nimbus,ROOFTOP_BAR,ORD-ROOFTOP_BAR-01173,waiter@nimbus.demo,DINE_IN,SENT,224700.00,40400.00,0.00,265100.00,RB-07,,"{""createdAt"": ""2026-06-29T17:00:00Z"", ""demoSource"": ""generated-pack""}"
nimbus,ROOFTOP_BAR,ORD-ROOFTOP_BAR-01174,waiter@nimbus.demo,DINE_IN,NEW,120600.00,20600.00,6000.00,135200.00,RB-07,,"{""createdAt"": ""2026-06-29T15:20:00Z"", ""demoSource"": ""generated-pack""}"
nimbus,ROOFTOP_BAR,ORD-ROOFTOP_BAR-01175,supervisor@nimbus.demo,DINE_IN,CLOSED,16800.00,3000.00,0.00,19800.00,RB-09,,"{""createdAt"": ""2026-06-29T10:45:00Z"", ""demoSource"": ""generated-pack""}"
nimbus,ROOFTOP_BAR,ORD-ROOFTOP_BAR-01176,supervisor@nimbus.demo,TAKEAWAY,CLOSED,118600.00,21300.00,0.00,139900.00,,,"{""createdAt"": ""2026-06-29T09:20:00Z"", ""demoSource"": ""generated-pack""}"
nimbus,ROOFTOP_BAR,ORD-ROOFTOP_BAR-01177,supervisor@nimbus.demo,DINE_IN,CLOSED,111900.00,20100.00,0.00,132000.00,RB-04,,"{""createdAt"": ""2026-06-29T09:45:00Z"", ""demoSource"": ""generated-pack""}"
nimbus,ROOFTOP_BAR,ORD-ROOFTOP_BAR-01178,waiter@nimbus.demo,DINE_IN,CLOSED,198100.00,35700.00,0.00,233800.00,RB-07,,"{""createdAt"": ""2026-06-29T17:45:00Z"", ""demoSource"": ""generated-pack""}"
nimbus,GARDEN_CAFE,ORD-GARDEN_CAFE-01179,waiter@nimbus.demo,DINE_IN,SERVED,13800.00,2500.00,0.00,16300.00,GC-12,,"{""createdAt"": ""2026-06-29T07:45:00Z"", ""demoSource"": ""generated-pack""}"
nimbus,GARDEN_CAFE,ORD-GARDEN_CAFE-01180,cashier@nimbus.demo,DINE_IN,SENT,38600.00,6900.00,0.00,45500.00,GC-03,,"{""createdAt"": ""2026-06-29T07:30:00Z"", ""demoSource"": ""generated-pack""}"
nimbus,GARDEN_CAFE,ORD-GARDEN_CAFE-01181,supervisor@nimbus.demo,DINE_IN,SENT,77400.00,13900.00,0.00,91300.00,GC-09,,"{""createdAt"": ""2026-06-29T07:00:00Z"", ""demoSource"": ""generated-pack""}"
nimbus,GARDEN_CAFE,ORD-GARDEN_CAFE-01182,waiter@nimbus.demo,DINE_IN,CLOSED,96700.00,17400.00,0.00,114100.00,GC-03,,"{""createdAt"": ""2026-06-29T15:45:00Z"", ""demoSource"": ""generated-pack""}"
nimbus,GARDEN_CAFE,ORD-GARDEN_CAFE-01183,cashier@nimbus.demo,DINE_IN,READY,33200.00,6000.00,0.00,39200.00,GC-10,,"{""createdAt"": ""2026-06-29T07:00:00Z"", ""demoSource"": ""generated-pack""}"
nimbus,GARDEN_CAFE,ORD-GARDEN_CAFE-01184,supervisor@nimbus.demo,TAKEAWAY,CLOSED,87700.00,15800.00,0.00,103500.00,,,"{""createdAt"": ""2026-06-29T09:30:00Z"", ""demoSource"": ""generated-pack""}"
nimbus,GARDEN_CAFE,ORD-GARDEN_CAFE-01185,supervisor@nimbus.demo,DINE_IN,NEW,222600.00,40100.00,0.00,262700.00,GC-06,,"{""createdAt"": ""2026-06-29T10:10:00Z"", ""demoSource"": ""generated-pack""}"
nimbus,EVENTS_KITCHEN,ORD-EVENTS_KITCHEN-01186,supervisor@nimbus.demo,DINE_IN,SERVED,184100.00,31500.00,9200.00,206400.00,EV-11,,"{""createdAt"": ""2026-06-29T09:30:00Z"", ""demoSource"": ""generated-pack""}"
nimbus,EVENTS_KITCHEN,ORD-EVENTS_KITCHEN-01187,waiter@nimbus.demo,TAKEAWAY,READY,248700.00,44800.00,0.00,293500.00,,,"{""createdAt"": ""2026-06-29T07:20:00Z"", ""demoSource"": ""generated-pack""}"
nimbus,EVENTS_KITCHEN,ORD-EVENTS_KITCHEN-01188,cashier@nimbus.demo,TAKEAWAY,CLOSED,196800.00,35400.00,0.00,232200.00,,,"{""createdAt"": ""2026-06-29T17:10:00Z"", ""demoSource"": ""generated-pack""}"
nimbus,EVENTS_KITCHEN,ORD-EVENTS_KITCHEN-01189,cashier@nimbus.demo,DINE_IN,CLOSED,33000.00,5900.00,0.00,38900.00,EV-11,,"{""createdAt"": ""2026-06-29T09:00:00Z"", ""demoSource"": ""generated-pack""}"
nimbus,EVENTS_KITCHEN,ORD-EVENTS_KITCHEN-01190,cashier@nimbus.demo,DINE_IN,CLOSED,149900.00,27000.00,0.00,176900.00,EV-07,,"{""createdAt"": ""2026-06-29T07:10:00Z"", ""demoSource"": ""generated-pack""}"
nimbus,EVENTS_KITCHEN,ORD-EVENTS_KITCHEN-01191,supervisor@nimbus.demo,DINE_IN,CLOSED,26000.00,4700.00,0.00,30700.00,EV-08,,"{""createdAt"": ""2026-06-29T10:20:00Z"", ""demoSource"": ""generated-pack""}"
nimbus,EVENTS_KITCHEN,ORD-EVENTS_KITCHEN-01192,supervisor@nimbus.demo,DINE_IN,SERVED,240600.00,43300.00,0.00,283900.00,EV-02,,"{""createdAt"": ""2026-06-29T07:45:00Z"", ""demoSource"": ""generated-pack""}"
