branchCode,orderNumber,action,actorEmail,createdAt,metadata
ROOFTOP_BAR,ORD-ROOFTOP_BAR-00002,RECEIPT_CREATED,cashier@nimbus.demo,2026-04-01T15:35:00Z,"{""receiptIdEqualsOrderId"": true}"
TAPAS_DOWNTOWN,ORD-TAPAS_DOWNTOWN-00005,RECEIPT_CREATED,cashier@nimbus.demo,2026-04-02T10:35:00Z,"{""receiptIdEqualsOrderId"": true}"
TAPAS_DOWNTOWN,ORD-TAPAS_DOWNTOWN-00005,RECEIPT_SEND_PENDING,cashier@nimbus.demo,2026-04-02T10:36:00Z,"{""status"": ""PENDING"", ""supported"": false, ""reason"": ""NO_LIVE_DELIVERY_ADAPTER""}"
GARDEN_CAFE,ORD-GARDEN_CAFE-00010,RECEIPT_CREATED,cashier@nimbus.demo,2026-04-02T17:55:00Z,"{""receiptIdEqualsOrderId"": true}"
EVENTS_KITCHEN,ORD-EVENTS_KITCHEN-00012,RECEIPT_CREATED,cashier@nimbus.demo,2026-04-02T16:20:00Z,"{""receiptIdEqualsOrderId"": true}"
TAPAS_DOWNTOWN,ORD-TAPAS_DOWNTOWN-00015,RECEIPT_CREATED,cashier@nimbus.demo,2026-04-03T07:35:00Z,"{""receiptIdEqualsOrderId"": true}"
ROOFTOP_BAR,ORD-ROOFTOP_BAR-00016,RECEIPT_CREATED,cashier@nimbus.demo,2026-04-03T17:45:00Z,"{""receiptIdEqualsOrderId"": true}"
ROOFTOP_BAR,ORD-ROOFTOP_BAR-00017,RECEIPT_CREATED,cashier@nimbus.demo,2026-04-03T07:45:00Z,"{""receiptIdEqualsOrderId"": true}"
EVENTS_KITCHEN,ORD-EVENTS_KITCHEN-00022,RECEIPT_CREATED,cashier@nimbus.demo,2026-04-03T18:05:00Z,"{""receiptIdEqualsOrderId"": true}"
EVENTS_KITCHEN,ORD-EVENTS_KITCHEN-00023,RECEIPT_CREATED,cashier@nimbus.demo,2026-04-03T11:05:00Z,"{""receiptIdEqualsOrderId"": true}"
EVENTS_KITCHEN,ORD-EVENTS_KITCHEN-00024,RECEIPT_CREATED,cashier@nimbus.demo,2026-04-03T08:20:00Z,"{""receiptIdEqualsOrderId"": true}"
EVENTS_KITCHEN,ORD-EVENTS_KITCHEN-00024,RECEIPT_SEND_PENDING,cashier@nimbus.demo,2026-04-03T08:21:00Z,"{""status"": ""PENDING"", ""supported"": false, ""reason"": ""NO_LIVE_DELIVERY_ADAPTER""}"
TAPAS_DOWNTOWN,ORD-TAPAS_DOWNTOWN-00025,RECEIPT_CREATED,cashier@nimbus.demo,2026-04-04T16:05:00Z,"{""receiptIdEqualsOrderId"": true}"
TAPAS_DOWNTOWN,ORD-TAPAS_DOWNTOWN-00027,RECEIPT_CREATED,cashier@nimbus.demo,2026-04-04T09:45:00Z,"{""receiptIdEqualsOrderId"": true}"
TAPAS_DOWNTOWN,ORD-TAPAS_DOWNTOWN-00028,RECEIPT_CREATED,cashier@nimbus.demo,2026-04-04T10:35:00Z,"{""receiptIdEqualsOrderId"": true}"
ROOFTOP_BAR,ORD-ROOFTOP_BAR-00031,RECEIPT_CREATED,cashier@nimbus.demo,2026-04-04T11:05:00Z,"{""receiptIdEqualsOrderId"": true}"
ROOFTOP_BAR,ORD-ROOFTOP_BAR-00032,RECEIPT_CREATED,cashier@nimbus.demo,2026-04-04T07:55:00Z,"{""receiptIdEqualsOrderId"": true}"
GARDEN_CAFE,ORD-GARDEN_CAFE-00035,RECEIPT_CREATED,cashier@nimbus.demo,2026-04-04T08:05:00Z,"{""receiptIdEqualsOrderId"": true}"
EVENTS_KITCHEN,ORD-EVENTS_KITCHEN-00037,RECEIPT_CREATED,cashier@nimbus.demo,2026-04-04T10:05:00Z,"{""receiptIdEqualsOrderId"": true}"
EVENTS_KITCHEN,ORD-EVENTS_KITCHEN-00038,RECEIPT_CREATED,cashier@nimbus.demo,2026-04-04T10:20:00Z,"{""receiptIdEqualsOrderId"": true}"
EVENTS_KITCHEN,ORD-EVENTS_KITCHEN-00039,RECEIPT_CREATED,cashier@nimbus.demo,2026-04-04T15:55:00Z,"{""receiptIdEqualsOrderId"": true}"
TAPAS_DOWNTOWN,ORD-TAPAS_DOWNTOWN-00041,RECEIPT_CREATED,cashier@nimbus.demo,2026-04-05T07:45:00Z,"{""receiptIdEqualsOrderId"": true}"
TAPAS_DOWNTOWN,ORD-TAPAS_DOWNTOWN-00042,RECEIPT_CREATED,cashier@nimbus.demo,2026-04-05T08:05:00Z,"{""receiptIdEqualsOrderId"": true}"
TAPAS_DOWNTOWN,ORD-TAPAS_DOWNTOWN-00045,RECEIPT_CREATED,cashier@nimbus.demo,2026-04-05T10:55:00Z,"{""receiptIdEqualsOrderId"": true}"
ROOFTOP_BAR,ORD-ROOFTOP_BAR-00046,RECEIPT_CREATED,cashier@nimbus.demo,2026-04-05T15:45:00Z,"{""receiptIdEqualsOrderId"": true}"
ROOFTOP_BAR,ORD-ROOFTOP_BAR-00047,RECEIPT_CREATED,cashier@nimbus.demo,2026-04-05T15:45:00Z,"{""receiptIdEqualsOrderId"": true}"
ROOFTOP_BAR,ORD-ROOFTOP_BAR-00048,RECEIPT_CREATED,cashier@nimbus.demo,2026-04-05T07:35:00Z,"{""receiptIdEqualsOrderId"": true}"
ROOFTOP_BAR,ORD-ROOFTOP_BAR-00048,RECEIPT_SEND_PENDING,cashier@nimbus.demo,2026-04-05T07:36:00Z,"{""status"": ""PENDING"", ""supported"": false, ""reason"": ""NO_LIVE_DELIVERY_ADAPTER""}"
ROOFTOP_BAR,ORD-ROOFTOP_BAR-00049,RECEIPT_CREATED,cashier@nimbus.demo,2026-04-05T15:35:00Z,"{""receiptIdEqualsOrderId"": true}"
GARDEN_CAFE,ORD-GARDEN_CAFE-00051,RECEIPT_CREATED,cashier@nimbus.demo,2026-04-05T18:05:00Z,"{""receiptIdEqualsOrderId"": true}"
GARDEN_CAFE,ORD-GARDEN_CAFE-00053,RECEIPT_CREATED,cashier@nimbus.demo,2026-04-05T15:45:00Z,"{""receiptIdEqualsOrderId"": true}"
GARDEN_CAFE,ORD-GARDEN_CAFE-00054,RECEIPT_CREATED,cashier@nimbus.demo,2026-04-05T15:35:00Z,"{""receiptIdEqualsOrderId"": true}"
EVENTS_KITCHEN,ORD-EVENTS_KITCHEN-00057,RECEIPT_CREATED,cashier@nimbus.demo,2026-04-05T07:55:00Z,"{""receiptIdEqualsOrderId"": true}"
EVENTS_KITCHEN,ORD-EVENTS_KITCHEN-00058,RECEIPT_CREATED,cashier@nimbus.demo,2026-04-05T15:45:00Z,"{""receiptIdEqualsOrderId"": true}"
EVENTS_KITCHEN,ORD-EVENTS_KITCHEN-00059,RECEIPT_CREATED,cashier@nimbus.demo,2026-04-05T15:45:00Z,"{""receiptIdEqualsOrderId"": true}"
GARDEN_CAFE,ORD-GARDEN_CAFE-00063,RECEIPT_CREATED,cashier@nimbus.demo,2026-04-06T08:05:00Z,"{""receiptIdEqualsOrderId"": true}"
TAPAS_DOWNTOWN,ORD-TAPAS_DOWNTOWN-00065,RECEIPT_CREATED,cashier@nimbus.demo,2026-04-07T09:35:00Z,"{""receiptIdEqualsOrderId"": true}"
TAPAS_DOWNTOWN,ORD-TAPAS_DOWNTOWN-00066,RECEIPT_CREATED,cashier@nimbus.demo,2026-04-07T18:20:00Z,"{""receiptIdEqualsOrderId"": true}"
ROOFTOP_BAR,ORD-ROOFTOP_BAR-00068,RECEIPT_CREATED,cashier@nimbus.demo,2026-04-07T07:55:00Z,"{""receiptIdEqualsOrderId"": true}"
GARDEN_CAFE,ORD-GARDEN_CAFE-00069,RECEIPT_CREATED,cashier@nimbus.demo,2026-04-07T10:20:00Z,"{""receiptIdEqualsOrderId"": true}"
GARDEN_CAFE,ORD-GARDEN_CAFE-00069,RECEIPT_SEND_PENDING,cashier@nimbus.demo,2026-04-07T10:21:00Z,"{""status"": ""PENDING"", ""supported"": false, ""reason"": ""NO_LIVE_DELIVERY_ADAPTER""}"
GARDEN_CAFE,ORD-GARDEN_CAFE-00070,RECEIPT_CREATED,cashier@nimbus.demo,2026-04-07T18:05:00Z,"{""receiptIdEqualsOrderId"": true}"
GARDEN_CAFE,ORD-GARDEN_CAFE-00070,RECEIPT_SEND_PENDING,cashier@nimbus.demo,2026-04-07T18:06:00Z,"{""status"": ""PENDING"", ""supported"": false, ""reason"": ""NO_LIVE_DELIVERY_ADAPTER""}"
EVENTS_KITCHEN,ORD-EVENTS_KITCHEN-00071,RECEIPT_CREATED,cashier@nimbus.demo,2026-04-07T15:35:00Z,"{""receiptIdEqualsOrderId"": true}"
EVENTS_KITCHEN,ORD-EVENTS_KITCHEN-00072,RECEIPT_CREATED,cashier@nimbus.demo,2026-04-07T18:20:00Z,"{""receiptIdEqualsOrderId"": true}"
TAPAS_DOWNTOWN,ORD-TAPAS_DOWNTOWN-00073,RECEIPT_CREATED,cashier@nimbus.demo,2026-04-08T09:35:00Z,"{""receiptIdEqualsOrderId"": true}"
TAPAS_DOWNTOWN,ORD-TAPAS_DOWNTOWN-00074,RECEIPT_CREATED,cashier@nimbus.demo,2026-04-08T16:05:00Z,"{""receiptIdEqualsOrderId"": true}"
ROOFTOP_BAR,ORD-ROOFTOP_BAR-00076,RECEIPT_CREATED,cashier@nimbus.demo,2026-04-08T15:45:00Z,"{""receiptIdEqualsOrderId"": true}"
GARDEN_CAFE,ORD-GARDEN_CAFE-00079,RECEIPT_CREATED,cashier@nimbus.demo,2026-04-08T09:45:00Z,"{""receiptIdEqualsOrderId"": true}"
GARDEN_CAFE,ORD-GARDEN_CAFE-00080,RECEIPT_CREATED,cashier@nimbus.demo,2026-04-08T10:05:00Z,"{""receiptIdEqualsOrderId"": true}"
GARDEN_CAFE,ORD-GARDEN_CAFE-00081,RECEIPT_CREATED,cashier@nimbus.demo,2026-04-08T11:05:00Z,"{""receiptIdEqualsOrderId"": true}"
EVENTS_KITCHEN,ORD-EVENTS_KITCHEN-00082,RECEIPT_CREATED,cashier@nimbus.demo,2026-04-08T10:55:00Z,"{""receiptIdEqualsOrderId"": true}"
EVENTS_KITCHEN,ORD-EVENTS_KITCHEN-00083,RECEIPT_CREATED,cashier@nimbus.demo,2026-04-08T16:05:00Z,"{""receiptIdEqualsOrderId"": true}"
TAPAS_DOWNTOWN,ORD-TAPAS_DOWNTOWN-00085,RECEIPT_CREATED,cashier@nimbus.demo,2026-04-09T08:05:00Z,"{""receiptIdEqualsOrderId"": true}"
TAPAS_DOWNTOWN,ORD-TAPAS_DOWNTOWN-00087,RECEIPT_CREATED,cashier@nimbus.demo,2026-04-09T07:35:00Z,"{""receiptIdEqualsOrderId"": true}"
TAPAS_DOWNTOWN,ORD-TAPAS_DOWNTOWN-00088,RECEIPT_CREATED,cashier@nimbus.demo,2026-04-09T10:45:00Z,"{""receiptIdEqualsOrderId"": true}"
ROOFTOP_BAR,ORD-ROOFTOP_BAR-00089,RECEIPT_CREATED,cashier@nimbus.demo,2026-04-09T08:20:00Z,"{""receiptIdEqualsOrderId"": true}"
ROOFTOP_BAR,ORD-ROOFTOP_BAR-00090,RECEIPT_CREATED,cashier@nimbus.demo,2026-04-09T08:05:00Z,"{""receiptIdEqualsOrderId"": true}"
ROOFTOP_BAR,ORD-ROOFTOP_BAR-00091,RECEIPT_CREATED,cashier@nimbus.demo,2026-04-09T07:35:00Z,"{""receiptIdEqualsOrderId"": true}"
GARDEN_CAFE,ORD-GARDEN_CAFE-00093,RECEIPT_CREATED,cashier@nimbus.demo,2026-04-09T17:45:00Z,"{""receiptIdEqualsOrderId"": true}"
GARDEN_CAFE,ORD-GARDEN_CAFE-00094,RECEIPT_CREATED,cashier@nimbus.demo,2026-04-09T09:35:00Z,"{""receiptIdEqualsOrderId"": true}"
GARDEN_CAFE,ORD-GARDEN_CAFE-00096,RECEIPT_CREATED,cashier@nimbus.demo,2026-04-09T09:45:00Z,"{""receiptIdEqualsOrderId"": true}"
GARDEN_CAFE,ORD-GARDEN_CAFE-00096,RECEIPT_SEND_PENDING,cashier@nimbus.demo,2026-04-09T09:46:00Z,"{""status"": ""PENDING"", ""supported"": false, ""reason"": ""NO_LIVE_DELIVERY_ADAPTER""}"
EVENTS_KITCHEN,ORD-EVENTS_KITCHEN-00097,RECEIPT_CREATED,cashier@nimbus.demo,2026-04-09T17:35:00Z,"{""receiptIdEqualsOrderId"": true}"
EVENTS_KITCHEN,ORD-EVENTS_KITCHEN-00097,RECEIPT_SEND_PENDING,cashier@nimbus.demo,2026-04-09T17:36:00Z,"{""status"": ""PENDING"", ""supported"": false, ""reason"": ""NO_LIVE_DELIVERY_ADAPTER""}"
EVENTS_KITCHEN,ORD-EVENTS_KITCHEN-00098,RECEIPT_CREATED,cashier@nimbus.demo,2026-04-09T18:20:00Z,"{""receiptIdEqualsOrderId"": true}"
EVENTS_KITCHEN,ORD-EVENTS_KITCHEN-00100,RECEIPT_CREATED,cashier@nimbus.demo,2026-04-09T18:20:00Z,"{""receiptIdEqualsOrderId"": true}"
TAPAS_DOWNTOWN,ORD-TAPAS_DOWNTOWN-00101,RECEIPT_CREATED,cashier@nimbus.demo,2026-04-10T09:45:00Z,"{""receiptIdEqualsOrderId"": true}"
TAPAS_DOWNTOWN,ORD-TAPAS_DOWNTOWN-00104,RECEIPT_CREATED,cashier@nimbus.demo,2026-04-10T10:05:00Z,"{""receiptIdEqualsOrderId"": true}"
TAPAS_DOWNTOWN,ORD-TAPAS_DOWNTOWN-00105,RECEIPT_CREATED,cashier@nimbus.demo,2026-04-10T15:55:00Z,"{""receiptIdEqualsOrderId"": true}"
ROOFTOP_BAR,ORD-ROOFTOP_BAR-00106,RECEIPT_CREATED,cashier@nimbus.demo,2026-04-10T10:35:00Z,"{""receiptIdEqualsOrderId"": true}"
ROOFTOP_BAR,ORD-ROOFTOP_BAR-00108,RECEIPT_CREATED,cashier@nimbus.demo,2026-04-10T16:05:00Z,"{""receiptIdEqualsOrderId"": true}"
ROOFTOP_BAR,ORD-ROOFTOP_BAR-00109,RECEIPT_CREATED,cashier@nimbus.demo,2026-04-10T07:45:00Z,"{""receiptIdEqualsOrderId"": true}"
ROOFTOP_BAR,ORD-ROOFTOP_BAR-00110,RECEIPT_CREATED,cashier@nimbus.demo,2026-04-10T07:55:00Z,"{""receiptIdEqualsOrderId"": true}"
GARDEN_CAFE,ORD-GARDEN_CAFE-00112,RECEIPT_CREATED,cashier@nimbus.demo,2026-04-10T08:05:00Z,"{""receiptIdEqualsOrderId"": true}"
GARDEN_CAFE,ORD-GARDEN_CAFE-00113,RECEIPT_CREATED,cashier@nimbus.demo,2026-04-10T18:05:00Z,"{""receiptIdEqualsOrderId"": true}"
GARDEN_CAFE,ORD-GARDEN_CAFE-00114,RECEIPT_CREATED,cashier@nimbus.demo,2026-04-10T10:35:00Z,"{""receiptIdEqualsOrderId"": true}"
GARDEN_CAFE,ORD-GARDEN_CAFE-00115,RECEIPT_CREATED,cashier@nimbus.demo,2026-04-10T07:45:00Z,"{""receiptIdEqualsOrderId"": true}"
EVENTS_KITCHEN,ORD-EVENTS_KITCHEN-00116,RECEIPT_CREATED,cashier@nimbus.demo,2026-04-10T09:45:00Z,"{""receiptIdEqualsOrderId"": true}"
EVENTS_KITCHEN,ORD-EVENTS_KITCHEN-00117,RECEIPT_CREATED,cashier@nimbus.demo,2026-04-10T09:45:00Z,"{""receiptIdEqualsOrderId"": true}"
EVENTS_KITCHEN,ORD-EVENTS_KITCHEN-00118,RECEIPT_CREATED,cashier@nimbus.demo,2026-04-10T16:05:00Z,"{""receiptIdEqualsOrderId"": true}"
TAPAS_DOWNTOWN,ORD-TAPAS_DOWNTOWN-00121,RECEIPT_CREATED,cashier@nimbus.demo,2026-04-11T17:45:00Z,"{""receiptIdEqualsOrderId"": true}"
ROOFTOP_BAR,ORD-ROOFTOP_BAR-00122,RECEIPT_CREATED,cashier@nimbus.demo,2026-04-11T09:35:00Z,"{""receiptIdEqualsOrderId"": true}"
TAPAS_DOWNTOWN,ORD-TAPAS_DOWNTOWN-00125,RECEIPT_CREATED,cashier@nimbus.demo,2026-04-12T10:45:00Z,"{""receiptIdEqualsOrderId"": true}"
TAPAS_DOWNTOWN,ORD-TAPAS_DOWNTOWN-00126,RECEIPT_CREATED,cashier@nimbus.demo,2026-04-12T08:05:00Z,"{""receiptIdEqualsOrderId"": true}"
ROOFTOP_BAR,ORD-ROOFTOP_BAR-00127,RECEIPT_CREATED,cashier@nimbus.demo,2026-04-12T07:55:00Z,"{""receiptIdEqualsOrderId"": true}"
ROOFTOP_BAR,ORD-ROOFTOP_BAR-00128,RECEIPT_CREATED,cashier@nimbus.demo,2026-04-12T16:20:00Z,"{""receiptIdEqualsOrderId"": true}"
EVENTS_KITCHEN,ORD-EVENTS_KITCHEN-00131,RECEIPT_CREATED,cashier@nimbus.demo,2026-04-12T07:55:00Z,"{""receiptIdEqualsOrderId"": true}"
TAPAS_DOWNTOWN,ORD-TAPAS_DOWNTOWN-00133,RECEIPT_CREATED,cashier@nimbus.demo,2026-04-13T09:55:00Z,"{""receiptIdEqualsOrderId"": true}"
TAPAS_DOWNTOWN,ORD-TAPAS_DOWNTOWN-00134,RECEIPT_CREATED,cashier@nimbus.demo,2026-04-13T09:45:00Z,"{""receiptIdEqualsOrderId"": true}"
ROOFTOP_BAR,ORD-ROOFTOP_BAR-00136,RECEIPT_CREATED,cashier@nimbus.demo,2026-04-13T16:05:00Z,"{""receiptIdEqualsOrderId"": true}"
ROOFTOP_BAR,ORD-ROOFTOP_BAR-00137,RECEIPT_CREATED,cashier@nimbus.demo,2026-04-13T09:45:00Z,"{""receiptIdEqualsOrderId"": true}"
ROOFTOP_BAR,ORD-ROOFTOP_BAR-00138,RECEIPT_CREATED,cashier@nimbus.demo,2026-04-13T07:55:00Z,"{""receiptIdEqualsOrderId"": true}"
GARDEN_CAFE,ORD-GARDEN_CAFE-00139,RECEIPT_CREATED,cashier@nimbus.demo,2026-04-13T07:45:00Z,"{""receiptIdEqualsOrderId"": true}"
GARDEN_CAFE,ORD-GARDEN_CAFE-00140,RECEIPT_CREATED,cashier@nimbus.demo,2026-04-13T07:45:00Z,"{""receiptIdEqualsOrderId"": true}"
GARDEN_CAFE,ORD-GARDEN_CAFE-00141,RECEIPT_CREATED,cashier@nimbus.demo,2026-04-13T16:05:00Z,"{""receiptIdEqualsOrderId"": true}"
GARDEN_CAFE,ORD-GARDEN_CAFE-00141,RECEIPT_SEND_PENDING,cashier@nimbus.demo,2026-04-13T16:06:00Z,"{""status"": ""PENDING"", ""supported"": false, ""reason"": ""NO_LIVE_DELIVERY_ADAPTER""}"
EVENTS_KITCHEN,ORD-EVENTS_KITCHEN-00142,RECEIPT_CREATED,cashier@nimbus.demo,2026-04-13T10:55:00Z,"{""receiptIdEqualsOrderId"": true}"
TAPAS_DOWNTOWN,ORD-TAPAS_DOWNTOWN-00145,RECEIPT_CREATED,cashier@nimbus.demo,2026-04-14T17:55:00Z,"{""receiptIdEqualsOrderId"": true}"
TAPAS_DOWNTOWN,ORD-TAPAS_DOWNTOWN-00146,RECEIPT_CREATED,cashier@nimbus.demo,2026-04-14T17:55:00Z,"{""receiptIdEqualsOrderId"": true}"
TAPAS_DOWNTOWN,ORD-TAPAS_DOWNTOWN-00148,RECEIPT_CREATED,cashier@nimbus.demo,2026-04-14T15:55:00Z,"{""receiptIdEqualsOrderId"": true}"
ROOFTOP_BAR,ORD-ROOFTOP_BAR-00149,RECEIPT_CREATED,cashier@nimbus.demo,2026-04-14T17:35:00Z,"{""receiptIdEqualsOrderId"": true}"
ROOFTOP_BAR,ORD-ROOFTOP_BAR-00151,RECEIPT_CREATED,cashier@nimbus.demo,2026-04-14T10:55:00Z,"{""receiptIdEqualsOrderId"": true}"
GARDEN_CAFE,ORD-GARDEN_CAFE-00154,RECEIPT_CREATED,cashier@nimbus.demo,2026-04-14T10:35:00Z,"{""receiptIdEqualsOrderId"": true}"
GARDEN_CAFE,ORD-GARDEN_CAFE-00155,RECEIPT_CREATED,cashier@nimbus.demo,2026-04-14T07:55:00Z,"{""receiptIdEqualsOrderId"": true}"
GARDEN_CAFE,ORD-GARDEN_CAFE-00156,RECEIPT_CREATED,cashier@nimbus.demo,2026-04-14T18:20:00Z,"{""receiptIdEqualsOrderId"": true}"
EVENTS_KITCHEN,ORD-EVENTS_KITCHEN-00158,RECEIPT_CREATED,cashier@nimbus.demo,2026-04-14T10:45:00Z,"{""receiptIdEqualsOrderId"": true}"
EVENTS_KITCHEN,ORD-EVENTS_KITCHEN-00159,RECEIPT_CREATED,cashier@nimbus.demo,2026-04-14T07:55:00Z,"{""receiptIdEqualsOrderId"": true}"
TAPAS_DOWNTOWN,ORD-TAPAS_DOWNTOWN-00165,RECEIPT_CREATED,cashier@nimbus.demo,2026-04-15T15:35:00Z,"{""receiptIdEqualsOrderId"": true}"
ROOFTOP_BAR,ORD-ROOFTOP_BAR-00167,RECEIPT_CREATED,cashier@nimbus.demo,2026-04-15T16:20:00Z,"{""receiptIdEqualsOrderId"": true}"
ROOFTOP_BAR,ORD-ROOFTOP_BAR-00168,RECEIPT_CREATED,cashier@nimbus.demo,2026-04-15T10:05:00Z,"{""receiptIdEqualsOrderId"": true}"
ROOFTOP_BAR,ORD-ROOFTOP_BAR-00169,RECEIPT_CREATED,cashier@nimbus.demo,2026-04-15T10:20:00Z,"{""receiptIdEqualsOrderId"": true}"
GARDEN_CAFE,ORD-GARDEN_CAFE-00171,RECEIPT_CREATED,cashier@nimbus.demo,2026-04-15T11:20:00Z,"{""receiptIdEqualsOrderId"": true}"
GARDEN_CAFE,ORD-GARDEN_CAFE-00172,RECEIPT_CREATED,cashier@nimbus.demo,2026-04-15T10:55:00Z,"{""receiptIdEqualsOrderId"": true}"
GARDEN_CAFE,ORD-GARDEN_CAFE-00173,RECEIPT_CREATED,cashier@nimbus.demo,2026-04-15T08:05:00Z,"{""receiptIdEqualsOrderId"": true}"
GARDEN_CAFE,ORD-GARDEN_CAFE-00175,RECEIPT_CREATED,cashier@nimbus.demo,2026-04-15T09:35:00Z,"{""receiptIdEqualsOrderId"": true}"
EVENTS_KITCHEN,ORD-EVENTS_KITCHEN-00176,RECEIPT_CREATED,cashier@nimbus.demo,2026-04-15T10:45:00Z,"{""receiptIdEqualsOrderId"": true}"
EVENTS_KITCHEN,ORD-EVENTS_KITCHEN-00176,RECEIPT_SEND_PENDING,cashier@nimbus.demo,2026-04-15T10:46:00Z,"{""status"": ""PENDING"", ""supported"": false, ""reason"": ""NO_LIVE_DELIVERY_ADAPTER""}"
EVENTS_KITCHEN,ORD-EVENTS_KITCHEN-00177,RECEIPT_CREATED,cashier@nimbus.demo,2026-04-15T09:35:00Z,"{""receiptIdEqualsOrderId"": true}"
EVENTS_KITCHEN,ORD-EVENTS_KITCHEN-00178,RECEIPT_CREATED,cashier@nimbus.demo,2026-04-15T15:45:00Z,"{""receiptIdEqualsOrderId"": true}"
EVENTS_KITCHEN,ORD-EVENTS_KITCHEN-00179,RECEIPT_CREATED,cashier@nimbus.demo,2026-04-15T17:35:00Z,"{""receiptIdEqualsOrderId"": true}"
EVENTS_KITCHEN,ORD-EVENTS_KITCHEN-00180,RECEIPT_CREATED,cashier@nimbus.demo,2026-04-15T08:20:00Z,"{""receiptIdEqualsOrderId"": true}"
TAPAS_DOWNTOWN,ORD-TAPAS_DOWNTOWN-00181,RECEIPT_CREATED,cashier@nimbus.demo,2026-04-16T09:35:00Z,"{""receiptIdEqualsOrderId"": true}"
TAPAS_DOWNTOWN,ORD-TAPAS_DOWNTOWN-00181,RECEIPT_SEND_PENDING,cashier@nimbus.demo,2026-04-16T09:36:00Z,"{""status"": ""PENDING"", ""supported"": false, ""reason"": ""NO_LIVE_DELIVERY_ADAPTER""}"
ROOFTOP_BAR,ORD-ROOFTOP_BAR-00182,RECEIPT_CREATED,cashier@nimbus.demo,2026-04-16T10:05:00Z,"{""receiptIdEqualsOrderId"": true}"
GARDEN_CAFE,ORD-GARDEN_CAFE-00183,RECEIPT_CREATED,cashier@nimbus.demo,2026-04-16T08:05:00Z,"{""receiptIdEqualsOrderId"": true}"
EVENTS_KITCHEN,ORD-EVENTS_KITCHEN-00184,RECEIPT_CREATED,cashier@nimbus.demo,2026-04-16T09:35:00Z,"{""receiptIdEqualsOrderId"": true}"
TAPAS_DOWNTOWN,ORD-TAPAS_DOWNTOWN-00185,RECEIPT_CREATED,cashier@nimbus.demo,2026-04-17T10:05:00Z,"{""receiptIdEqualsOrderId"": true}"
TAPAS_DOWNTOWN,ORD-TAPAS_DOWNTOWN-00186,RECEIPT_CREATED,cashier@nimbus.demo,2026-04-17T11:05:00Z,"{""receiptIdEqualsOrderId"": true}"
ROOFTOP_BAR,ORD-ROOFTOP_BAR-00188,RECEIPT_CREATED,cashier@nimbus.demo,2026-04-17T07:35:00Z,"{""receiptIdEqualsOrderId"": true}"
EVENTS_KITCHEN,ORD-EVENTS_KITCHEN-00192,RECEIPT_CREATED,cashier@nimbus.demo,2026-04-17T11:20:00Z,"{""receiptIdEqualsOrderId"": true}"
TAPAS_DOWNTOWN,ORD-TAPAS_DOWNTOWN-00193,RECEIPT_CREATED,cashier@nimbus.demo,2026-04-18T09:55:00Z,"{""receiptIdEqualsOrderId"": true}"
ROOFTOP_BAR,ORD-ROOFTOP_BAR-00197,RECEIPT_CREATED,cashier@nimbus.demo,2026-04-18T10:55:00Z,"{""receiptIdEqualsOrderId"": true}"
GARDEN_CAFE,ORD-GARDEN_CAFE-00199,RECEIPT_CREATED,cashier@nimbus.demo,2026-04-18T10:55:00Z,"{""receiptIdEqualsOrderId"": true}"
EVENTS_KITCHEN,ORD-EVENTS_KITCHEN-00202,RECEIPT_CREATED,cashier@nimbus.demo,2026-04-18T15:55:00Z,"{""receiptIdEqualsOrderId"": true}"
TAPAS_DOWNTOWN,ORD-TAPAS_DOWNTOWN-00205,RECEIPT_CREATED,cashier@nimbus.demo,2026-04-19T16:20:00Z,"{""receiptIdEqualsOrderId"": true}"
TAPAS_DOWNTOWN,ORD-TAPAS_DOWNTOWN-00206,RECEIPT_CREATED,cashier@nimbus.demo,2026-04-19T10:05:00Z,"{""receiptIdEqualsOrderId"": true}"
ROOFTOP_BAR,ORD-ROOFTOP_BAR-00209,RECEIPT_CREATED,cashier@nimbus.demo,2026-04-19T07:55:00Z,"{""receiptIdEqualsOrderId"": true}"
ROOFTOP_BAR,ORD-ROOFTOP_BAR-00210,RECEIPT_CREATED,cashier@nimbus.demo,2026-04-19T16:05:00Z,"{""receiptIdEqualsOrderId"": true}"
ROOFTOP_BAR,ORD-ROOFTOP_BAR-00211,RECEIPT_CREATED,cashier@nimbus.demo,2026-04-19T17:55:00Z,"{""receiptIdEqualsOrderId"": true}"
ROOFTOP_BAR,ORD-ROOFTOP_BAR-00212,RECEIPT_CREATED,cashier@nimbus.demo,2026-04-19T08:05:00Z,"{""receiptIdEqualsOrderId"": true}"
GARDEN_CAFE,ORD-GARDEN_CAFE-00214,RECEIPT_CREATED,cashier@nimbus.demo,2026-04-19T08:05:00Z,"{""receiptIdEqualsOrderId"": true}"
GARDEN_CAFE,ORD-GARDEN_CAFE-00216,RECEIPT_CREATED,cashier@nimbus.demo,2026-04-19T18:20:00Z,"{""receiptIdEqualsOrderId"": true}"
TAPAS_DOWNTOWN,ORD-TAPAS_DOWNTOWN-00221,RECEIPT_CREATED,cashier@nimbus.demo,2026-04-20T18:05:00Z,"{""receiptIdEqualsOrderId"": true}"
TAPAS_DOWNTOWN,ORD-TAPAS_DOWNTOWN-00223,RECEIPT_CREATED,cashier@nimbus.demo,2026-04-20T10:05:00Z,"{""receiptIdEqualsOrderId"": true}"
TAPAS_DOWNTOWN,ORD-TAPAS_DOWNTOWN-00224,RECEIPT_CREATED,cashier@nimbus.demo,2026-04-20T18:05:00Z,"{""receiptIdEqualsOrderId"": true}"
TAPAS_DOWNTOWN,ORD-TAPAS_DOWNTOWN-00225,RECEIPT_CREATED,cashier@nimbus.demo,2026-04-20T10:05:00Z,"{""receiptIdEqualsOrderId"": true}"
ROOFTOP_BAR,ORD-ROOFTOP_BAR-00227,RECEIPT_CREATED,cashier@nimbus.demo,2026-04-20T15:35:00Z,"{""receiptIdEqualsOrderId"": true}"
ROOFTOP_BAR,ORD-ROOFTOP_BAR-00229,RECEIPT_CREATED,cashier@nimbus.demo,2026-04-20T10:35:00Z,"{""receiptIdEqualsOrderId"": true}"
GARDEN_CAFE,ORD-GARDEN_CAFE-00231,RECEIPT_CREATED,cashier@nimbus.demo,2026-04-20T08:20:00Z,"{""receiptIdEqualsOrderId"": true}"
GARDEN_CAFE,ORD-GARDEN_CAFE-00232,RECEIPT_CREATED,cashier@nimbus.demo,2026-04-20T18:20:00Z,"{""receiptIdEqualsOrderId"": true}"
GARDEN_CAFE,ORD-GARDEN_CAFE-00235,RECEIPT_CREATED,cashier@nimbus.demo,2026-04-20T15:55:00Z,"{""receiptIdEqualsOrderId"": true}"
EVENTS_KITCHEN,ORD-EVENTS_KITCHEN-00236,RECEIPT_CREATED,cashier@nimbus.demo,2026-04-20T10:55:00Z,"{""receiptIdEqualsOrderId"": true}"
EVENTS_KITCHEN,ORD-EVENTS_KITCHEN-00236,RECEIPT_SEND_PENDING,cashier@nimbus.demo,2026-04-20T10:56:00Z,"{""status"": ""PENDING"", ""supported"": false, ""reason"": ""NO_LIVE_DELIVERY_ADAPTER""}"
EVENTS_KITCHEN,ORD-EVENTS_KITCHEN-00237,RECEIPT_CREATED,cashier@nimbus.demo,2026-04-20T11:05:00Z,"{""receiptIdEqualsOrderId"": true}"
EVENTS_KITCHEN,ORD-EVENTS_KITCHEN-00238,RECEIPT_CREATED,cashier@nimbus.demo,2026-04-20T17:35:00Z,"{""receiptIdEqualsOrderId"": true}"
EVENTS_KITCHEN,ORD-EVENTS_KITCHEN-00239,RECEIPT_CREATED,cashier@nimbus.demo,2026-04-20T09:45:00Z,"{""receiptIdEqualsOrderId"": true}"
EVENTS_KITCHEN,ORD-EVENTS_KITCHEN-00240,RECEIPT_CREATED,cashier@nimbus.demo,2026-04-20T15:35:00Z,"{""receiptIdEqualsOrderId"": true}"
EVENTS_KITCHEN,ORD-EVENTS_KITCHEN-00240,RECEIPT_SEND_PENDING,cashier@nimbus.demo,2026-04-20T15:36:00Z,"{""status"": ""PENDING"", ""supported"": false, ""reason"": ""NO_LIVE_DELIVERY_ADAPTER""}"
GARDEN_CAFE,ORD-GARDEN_CAFE-00243,RECEIPT_CREATED,cashier@nimbus.demo,2026-04-21T07:45:00Z,"{""receiptIdEqualsOrderId"": true}"
TAPAS_DOWNTOWN,ORD-TAPAS_DOWNTOWN-00245,RECEIPT_CREATED,cashier@nimbus.demo,2026-04-22T17:35:00Z,"{""receiptIdEqualsOrderId"": true}"
TAPAS_DOWNTOWN,ORD-TAPAS_DOWNTOWN-00246,RECEIPT_CREATED,cashier@nimbus.demo,2026-04-22T09:45:00Z,"{""receiptIdEqualsOrderId"": true}"
ROOFTOP_BAR,ORD-ROOFTOP_BAR-00247,RECEIPT_CREATED,cashier@nimbus.demo,2026-04-22T08:20:00Z,"{""receiptIdEqualsOrderId"": true}"
ROOFTOP_BAR,ORD-ROOFTOP_BAR-00248,RECEIPT_CREATED,cashier@nimbus.demo,2026-04-22T17:35:00Z,"{""receiptIdEqualsOrderId"": true}"
GARDEN_CAFE,ORD-GARDEN_CAFE-00249,RECEIPT_CREATED,cashier@nimbus.demo,2026-04-22T11:20:00Z,"{""receiptIdEqualsOrderId"": true}"
EVENTS_KITCHEN,ORD-EVENTS_KITCHEN-00252,RECEIPT_CREATED,cashier@nimbus.demo,2026-04-22T17:35:00Z,"{""receiptIdEqualsOrderId"": true}"
EVENTS_KITCHEN,ORD-EVENTS_KITCHEN-00252,RECEIPT_SEND_PENDING,cashier@nimbus.demo,2026-04-22T17:36:00Z,"{""status"": ""PENDING"", ""supported"": false, ""reason"": ""NO_LIVE_DELIVERY_ADAPTER""}"
TAPAS_DOWNTOWN,ORD-TAPAS_DOWNTOWN-00253,RECEIPT_CREATED,cashier@nimbus.demo,2026-04-23T07:55:00Z,"{""receiptIdEqualsOrderId"": true}"
TAPAS_DOWNTOWN,ORD-TAPAS_DOWNTOWN-00254,RECEIPT_CREATED,cashier@nimbus.demo,2026-04-23T10:05:00Z,"{""receiptIdEqualsOrderId"": true}"
TAPAS_DOWNTOWN,ORD-TAPAS_DOWNTOWN-00255,RECEIPT_CREATED,cashier@nimbus.demo,2026-04-23T09:55:00Z,"{""receiptIdEqualsOrderId"": true}"
ROOFTOP_BAR,ORD-ROOFTOP_BAR-00256,RECEIPT_CREATED,cashier@nimbus.demo,2026-04-23T18:20:00Z,"{""receiptIdEqualsOrderId"": true}"
ROOFTOP_BAR,ORD-ROOFTOP_BAR-00258,RECEIPT_CREATED,cashier@nimbus.demo,2026-04-23T11:20:00Z,"{""receiptIdEqualsOrderId"": true}"
GARDEN_CAFE,ORD-GARDEN_CAFE-00261,RECEIPT_CREATED,cashier@nimbus.demo,2026-04-23T11:05:00Z,"{""receiptIdEqualsOrderId"": true}"
EVENTS_KITCHEN,ORD-EVENTS_KITCHEN-00262,RECEIPT_CREATED,cashier@nimbus.demo,2026-04-23T10:55:00Z,"{""receiptIdEqualsOrderId"": true}"
EVENTS_KITCHEN,ORD-EVENTS_KITCHEN-00263,RECEIPT_CREATED,cashier@nimbus.demo,2026-04-23T17:45:00Z,"{""receiptIdEqualsOrderId"": true}"
TAPAS_DOWNTOWN,ORD-TAPAS_DOWNTOWN-00266,RECEIPT_CREATED,cashier@nimbus.demo,2026-04-24T10:45:00Z,"{""receiptIdEqualsOrderId"": true}"
TAPAS_DOWNTOWN,ORD-TAPAS_DOWNTOWN-00267,RECEIPT_CREATED,cashier@nimbus.demo,2026-04-24T18:05:00Z,"{""receiptIdEqualsOrderId"": true}"
TAPAS_DOWNTOWN,ORD-TAPAS_DOWNTOWN-00268,RECEIPT_CREATED,cashier@nimbus.demo,2026-04-24T10:35:00Z,"{""receiptIdEqualsOrderId"": true}"
ROOFTOP_BAR,ORD-ROOFTOP_BAR-00269,RECEIPT_CREATED,cashier@nimbus.demo,2026-04-24T07:35:00Z,"{""receiptIdEqualsOrderId"": true}"
ROOFTOP_BAR,ORD-ROOFTOP_BAR-00270,RECEIPT_CREATED,cashier@nimbus.demo,2026-04-24T10:20:00Z,"{""receiptIdEqualsOrderId"": true}"
ROOFTOP_BAR,ORD-ROOFTOP_BAR-00271,RECEIPT_CREATED,cashier@nimbus.demo,2026-04-24T10:35:00Z,"{""receiptIdEqualsOrderId"": true}"
ROOFTOP_BAR,ORD-ROOFTOP_BAR-00272,RECEIPT_CREATED,cashier@nimbus.demo,2026-04-24T09:55:00Z,"{""receiptIdEqualsOrderId"": true}"
GARDEN_CAFE,ORD-GARDEN_CAFE-00273,RECEIPT_CREATED,cashier@nimbus.demo,2026-04-24T17:35:00Z,"{""receiptIdEqualsOrderId"": true}"
EVENTS_KITCHEN,ORD-EVENTS_KITCHEN-00277,RECEIPT_CREATED,cashier@nimbus.demo,2026-04-24T08:20:00Z,"{""receiptIdEqualsOrderId"": true}"
EVENTS_KITCHEN,ORD-EVENTS_KITCHEN-00278,RECEIPT_CREATED,cashier@nimbus.demo,2026-04-24T17:35:00Z,"{""receiptIdEqualsOrderId"": true}"
EVENTS_KITCHEN,ORD-EVENTS_KITCHEN-00279,RECEIPT_CREATED,cashier@nimbus.demo,2026-04-24T10:20:00Z,"{""receiptIdEqualsOrderId"": true}"
EVENTS_KITCHEN,ORD-EVENTS_KITCHEN-00280,RECEIPT_CREATED,cashier@nimbus.demo,2026-04-24T18:20:00Z,"{""receiptIdEqualsOrderId"": true}"
TAPAS_DOWNTOWN,ORD-TAPAS_DOWNTOWN-00282,RECEIPT_CREATED,cashier@nimbus.demo,2026-04-25T16:20:00Z,"{""receiptIdEqualsOrderId"": true}"
TAPAS_DOWNTOWN,ORD-TAPAS_DOWNTOWN-00283,RECEIPT_CREATED,cashier@nimbus.demo,2026-04-25T10:45:00Z,"{""receiptIdEqualsOrderId"": true}"
TAPAS_DOWNTOWN,ORD-TAPAS_DOWNTOWN-00284,RECEIPT_CREATED,cashier@nimbus.demo,2026-04-25T18:05:00Z,"{""receiptIdEqualsOrderId"": true}"
TAPAS_DOWNTOWN,ORD-TAPAS_DOWNTOWN-00285,RECEIPT_CREATED,cashier@nimbus.demo,2026-04-25T09:45:00Z,"{""receiptIdEqualsOrderId"": true}"
ROOFTOP_BAR,ORD-ROOFTOP_BAR-00286,RECEIPT_CREATED,cashier@nimbus.demo,2026-04-25T16:05:00Z,"{""receiptIdEqualsOrderId"": true}"
ROOFTOP_BAR,ORD-ROOFTOP_BAR-00288,RECEIPT_CREATED,cashier@nimbus.demo,2026-04-25T18:05:00Z,"{""receiptIdEqualsOrderId"": true}"
ROOFTOP_BAR,ORD-ROOFTOP_BAR-00289,RECEIPT_CREATED,cashier@nimbus.demo,2026-04-25T17:45:00Z,"{""receiptIdEqualsOrderId"": true}"
GARDEN_CAFE,ORD-GARDEN_CAFE-00292,RECEIPT_CREATED,cashier@nimbus.demo,2026-04-25T16:05:00Z,"{""receiptIdEqualsOrderId"": true}"
GARDEN_CAFE,ORD-GARDEN_CAFE-00293,RECEIPT_CREATED,cashier@nimbus.demo,2026-04-25T16:20:00Z,"{""receiptIdEqualsOrderId"": true}"
GARDEN_CAFE,ORD-GARDEN_CAFE-00294,RECEIPT_CREATED,cashier@nimbus.demo,2026-04-25T17:35:00Z,"{""receiptIdEqualsOrderId"": true}"
GARDEN_CAFE,ORD-GARDEN_CAFE-00295,RECEIPT_CREATED,cashier@nimbus.demo,2026-04-25T10:20:00Z,"{""receiptIdEqualsOrderId"": true}"
EVENTS_KITCHEN,ORD-EVENTS_KITCHEN-00297,RECEIPT_CREATED,cashier@nimbus.demo,2026-04-25T07:35:00Z,"{""receiptIdEqualsOrderId"": true}"
EVENTS_KITCHEN,ORD-EVENTS_KITCHEN-00300,RECEIPT_CREATED,cashier@nimbus.demo,2026-04-25T09:55:00Z,"{""receiptIdEqualsOrderId"": true}"
ROOFTOP_BAR,ORD-ROOFTOP_BAR-00302,RECEIPT_CREATED,cashier@nimbus.demo,2026-04-26T09:35:00Z,"{""receiptIdEqualsOrderId"": true}"
EVENTS_KITCHEN,ORD-EVENTS_KITCHEN-00304,RECEIPT_CREATED,cashier@nimbus.demo,2026-04-26T09:45:00Z,"{""receiptIdEqualsOrderId"": true}"
TAPAS_DOWNTOWN,ORD-TAPAS_DOWNTOWN-00306,RECEIPT_CREATED,cashier@nimbus.demo,2026-04-27T08:05:00Z,"{""receiptIdEqualsOrderId"": true}"
ROOFTOP_BAR,ORD-ROOFTOP_BAR-00307,RECEIPT_CREATED,cashier@nimbus.demo,2026-04-27T08:05:00Z,"{""receiptIdEqualsOrderId"": true}"
GARDEN_CAFE,ORD-GARDEN_CAFE-00310,RECEIPT_CREATED,cashier@nimbus.demo,2026-04-27T16:05:00Z,"{""receiptIdEqualsOrderId"": true}"
TAPAS_DOWNTOWN,ORD-TAPAS_DOWNTOWN-00314,RECEIPT_CREATED,cashier@nimbus.demo,2026-04-28T10:35:00Z,"{""receiptIdEqualsOrderId"": true}"
TAPAS_DOWNTOWN,ORD-TAPAS_DOWNTOWN-00315,RECEIPT_CREATED,cashier@nimbus.demo,2026-04-28T15:35:00Z,"{""receiptIdEqualsOrderId"": true}"
ROOFTOP_BAR,ORD-ROOFTOP_BAR-00317,RECEIPT_CREATED,cashier@nimbus.demo,2026-04-28T10:55:00Z,"{""receiptIdEqualsOrderId"": true}"
ROOFTOP_BAR,ORD-ROOFTOP_BAR-00318,RECEIPT_CREATED,cashier@nimbus.demo,2026-04-28T18:20:00Z,"{""receiptIdEqualsOrderId"": true}"
GARDEN_CAFE,ORD-GARDEN_CAFE-00320,RECEIPT_CREATED,cashier@nimbus.demo,2026-04-28T15:55:00Z,"{""receiptIdEqualsOrderId"": true}"
GARDEN_CAFE,ORD-GARDEN_CAFE-00320,RECEIPT_SEND_PENDING,cashier@nimbus.demo,2026-04-28T15:56:00Z,"{""status"": ""PENDING"", ""supported"": false, ""reason"": ""NO_LIVE_DELIVERY_ADAPTER""}"
EVENTS_KITCHEN,ORD-EVENTS_KITCHEN-00323,RECEIPT_CREATED,cashier@nimbus.demo,2026-04-28T07:35:00Z,"{""receiptIdEqualsOrderId"": true}"
EVENTS_KITCHEN,ORD-EVENTS_KITCHEN-00324,RECEIPT_CREATED,cashier@nimbus.demo,2026-04-28T07:55:00Z,"{""receiptIdEqualsOrderId"": true}"
TAPAS_DOWNTOWN,ORD-TAPAS_DOWNTOWN-00325,RECEIPT_CREATED,cashier@nimbus.demo,2026-04-29T07:45:00Z,"{""receiptIdEqualsOrderId"": true}"
TAPAS_DOWNTOWN,ORD-TAPAS_DOWNTOWN-00326,RECEIPT_CREATED,cashier@nimbus.demo,2026-04-29T10:45:00Z,"{""receiptIdEqualsOrderId"": true}"
TAPAS_DOWNTOWN,ORD-TAPAS_DOWNTOWN-00327,RECEIPT_CREATED,cashier@nimbus.demo,2026-04-29T15:35:00Z,"{""receiptIdEqualsOrderId"": true}"
TAPAS_DOWNTOWN,ORD-TAPAS_DOWNTOWN-00328,RECEIPT_CREATED,cashier@nimbus.demo,2026-04-29T10:55:00Z,"{""receiptIdEqualsOrderId"": true}"
ROOFTOP_BAR,ORD-ROOFTOP_BAR-00330,RECEIPT_CREATED,cashier@nimbus.demo,2026-04-29T17:45:00Z,"{""receiptIdEqualsOrderId"": true}"
ROOFTOP_BAR,ORD-ROOFTOP_BAR-00332,RECEIPT_CREATED,cashier@nimbus.demo,2026-04-29T08:20:00Z,"{""receiptIdEqualsOrderId"": true}"
GARDEN_CAFE,ORD-GARDEN_CAFE-00333,RECEIPT_CREATED,cashier@nimbus.demo,2026-04-29T09:45:00Z,"{""receiptIdEqualsOrderId"": true}"
GARDEN_CAFE,ORD-GARDEN_CAFE-00334,RECEIPT_CREATED,cashier@nimbus.demo,2026-04-29T09:35:00Z,"{""receiptIdEqualsOrderId"": true}"
GARDEN_CAFE,ORD-GARDEN_CAFE-00336,RECEIPT_CREATED,cashier@nimbus.demo,2026-04-29T10:20:00Z,"{""receiptIdEqualsOrderId"": true}"
EVENTS_KITCHEN,ORD-EVENTS_KITCHEN-00337,RECEIPT_CREATED,cashier@nimbus.demo,2026-04-29T15:35:00Z,"{""receiptIdEqualsOrderId"": true}"
EVENTS_KITCHEN,ORD-EVENTS_KITCHEN-00338,RECEIPT_CREATED,cashier@nimbus.demo,2026-04-29T15:45:00Z,"{""receiptIdEqualsOrderId"": true}"
EVENTS_KITCHEN,ORD-EVENTS_KITCHEN-00339,RECEIPT_CREATED,cashier@nimbus.demo,2026-04-29T18:20:00Z,"{""receiptIdEqualsOrderId"": true}"
TAPAS_DOWNTOWN,ORD-TAPAS_DOWNTOWN-00341,RECEIPT_CREATED,cashier@nimbus.demo,2026-04-30T09:55:00Z,"{""receiptIdEqualsOrderId"": true}"
TAPAS_DOWNTOWN,ORD-TAPAS_DOWNTOWN-00342,RECEIPT_CREATED,cashier@nimbus.demo,2026-04-30T18:05:00Z,"{""receiptIdEqualsOrderId"": true}"
TAPAS_DOWNTOWN,ORD-TAPAS_DOWNTOWN-00343,RECEIPT_CREATED,cashier@nimbus.demo,2026-04-30T09:35:00Z,"{""receiptIdEqualsOrderId"": true}"
TAPAS_DOWNTOWN,ORD-TAPAS_DOWNTOWN-00345,RECEIPT_CREATED,cashier@nimbus.demo,2026-04-30T07:45:00Z,"{""receiptIdEqualsOrderId"": true}"
ROOFTOP_BAR,ORD-ROOFTOP_BAR-00346,RECEIPT_CREATED,cashier@nimbus.demo,2026-04-30T09:35:00Z,"{""receiptIdEqualsOrderId"": true}"
ROOFTOP_BAR,ORD-ROOFTOP_BAR-00347,RECEIPT_CREATED,cashier@nimbus.demo,2026-04-30T08:05:00Z,"{""receiptIdEqualsOrderId"": true}"
ROOFTOP_BAR,ORD-ROOFTOP_BAR-00348,RECEIPT_CREATED,cashier@nimbus.demo,2026-04-30T09:35:00Z,"{""receiptIdEqualsOrderId"": true}"
ROOFTOP_BAR,ORD-ROOFTOP_BAR-00349,RECEIPT_CREATED,cashier@nimbus.demo,2026-04-30T10:55:00Z,"{""receiptIdEqualsOrderId"": true}"
ROOFTOP_BAR,ORD-ROOFTOP_BAR-00350,RECEIPT_CREATED,cashier@nimbus.demo,2026-04-30T18:05:00Z,"{""receiptIdEqualsOrderId"": true}"
GARDEN_CAFE,ORD-GARDEN_CAFE-00352,RECEIPT_CREATED,cashier@nimbus.demo,2026-04-30T07:55:00Z,"{""receiptIdEqualsOrderId"": true}"
GARDEN_CAFE,ORD-GARDEN_CAFE-00353,RECEIPT_CREATED,cashier@nimbus.demo,2026-04-30T17:35:00Z,"{""receiptIdEqualsOrderId"": true}"
GARDEN_CAFE,ORD-GARDEN_CAFE-00354,RECEIPT_CREATED,cashier@nimbus.demo,2026-04-30T09:35:00Z,"{""receiptIdEqualsOrderId"": true}"
GARDEN_CAFE,ORD-GARDEN_CAFE-00355,RECEIPT_CREATED,cashier@nimbus.demo,2026-04-30T10:55:00Z,"{""receiptIdEqualsOrderId"": true}"
EVENTS_KITCHEN,ORD-EVENTS_KITCHEN-00356,RECEIPT_CREATED,cashier@nimbus.demo,2026-04-30T07:35:00Z,"{""receiptIdEqualsOrderId"": true}"
EVENTS_KITCHEN,ORD-EVENTS_KITCHEN-00357,RECEIPT_CREATED,cashier@nimbus.demo,2026-04-30T09:55:00Z,"{""receiptIdEqualsOrderId"": true}"
EVENTS_KITCHEN,ORD-EVENTS_KITCHEN-00359,RECEIPT_CREATED,cashier@nimbus.demo,2026-04-30T08:05:00Z,"{""receiptIdEqualsOrderId"": true}"
EVENTS_KITCHEN,ORD-EVENTS_KITCHEN-00360,RECEIPT_CREATED,cashier@nimbus.demo,2026-04-30T07:45:00Z,"{""receiptIdEqualsOrderId"": true}"
TAPAS_DOWNTOWN,ORD-TAPAS_DOWNTOWN-00361,RECEIPT_CREATED,cashier@nimbus.demo,2026-05-01T18:20:00Z,"{""receiptIdEqualsOrderId"": true}"
TAPAS_DOWNTOWN,ORD-TAPAS_DOWNTOWN-00366,RECEIPT_CREATED,cashier@nimbus.demo,2026-05-02T15:55:00Z,"{""receiptIdEqualsOrderId"": true}"
ROOFTOP_BAR,ORD-ROOFTOP_BAR-00367,RECEIPT_CREATED,cashier@nimbus.demo,2026-05-02T10:55:00Z,"{""receiptIdEqualsOrderId"": true}"
ROOFTOP_BAR,ORD-ROOFTOP_BAR-00368,RECEIPT_CREATED,cashier@nimbus.demo,2026-05-02T07:45:00Z,"{""receiptIdEqualsOrderId"": true}"
GARDEN_CAFE,ORD-GARDEN_CAFE-00370,RECEIPT_CREATED,cashier@nimbus.demo,2026-05-02T07:35:00Z,"{""receiptIdEqualsOrderId"": true}"
GARDEN_CAFE,ORD-GARDEN_CAFE-00370,RECEIPT_SEND_PENDING,cashier@nimbus.demo,2026-05-02T07:36:00Z,"{""status"": ""PENDING"", ""supported"": false, ""reason"": ""NO_LIVE_DELIVERY_ADAPTER""}"
TAPAS_DOWNTOWN,ORD-TAPAS_DOWNTOWN-00373,RECEIPT_CREATED,cashier@nimbus.demo,2026-05-03T15:35:00Z,"{""receiptIdEqualsOrderId"": true}"
TAPAS_DOWNTOWN,ORD-TAPAS_DOWNTOWN-00375,RECEIPT_CREATED,cashier@nimbus.demo,2026-05-03T07:45:00Z,"{""receiptIdEqualsOrderId"": true}"
ROOFTOP_BAR,ORD-ROOFTOP_BAR-00376,RECEIPT_CREATED,cashier@nimbus.demo,2026-05-03T18:05:00Z,"{""receiptIdEqualsOrderId"": true}"
GARDEN_CAFE,ORD-GARDEN_CAFE-00379,RECEIPT_CREATED,cashier@nimbus.demo,2026-05-03T08:20:00Z,"{""receiptIdEqualsOrderId"": true}"
GARDEN_CAFE,ORD-GARDEN_CAFE-00380,RECEIPT_CREATED,cashier@nimbus.demo,2026-05-03T08:05:00Z,"{""receiptIdEqualsOrderId"": true}"
EVENTS_KITCHEN,ORD-EVENTS_KITCHEN-00382,RECEIPT_CREATED,cashier@nimbus.demo,2026-05-03T07:55:00Z,"{""receiptIdEqualsOrderId"": true}"
EVENTS_KITCHEN,ORD-EVENTS_KITCHEN-00383,RECEIPT_CREATED,cashier@nimbus.demo,2026-05-03T10:05:00Z,"{""receiptIdEqualsOrderId"": true}"
TAPAS_DOWNTOWN,ORD-TAPAS_DOWNTOWN-00386,RECEIPT_CREATED,cashier@nimbus.demo,2026-05-04T10:55:00Z,"{""receiptIdEqualsOrderId"": true}"
TAPAS_DOWNTOWN,ORD-TAPAS_DOWNTOWN-00388,RECEIPT_CREATED,cashier@nimbus.demo,2026-05-04T10:20:00Z,"{""receiptIdEqualsOrderId"": true}"
ROOFTOP_BAR,ORD-ROOFTOP_BAR-00391,RECEIPT_CREATED,cashier@nimbus.demo,2026-05-04T15:45:00Z,"{""receiptIdEqualsOrderId"": true}"
ROOFTOP_BAR,ORD-ROOFTOP_BAR-00392,RECEIPT_CREATED,cashier@nimbus.demo,2026-05-04T07:55:00Z,"{""receiptIdEqualsOrderId"": true}"
GARDEN_CAFE,ORD-GARDEN_CAFE-00393,RECEIPT_CREATED,cashier@nimbus.demo,2026-05-04T15:55:00Z,"{""receiptIdEqualsOrderId"": true}"
GARDEN_CAFE,ORD-GARDEN_CAFE-00394,RECEIPT_CREATED,cashier@nimbus.demo,2026-05-04T15:35:00Z,"{""receiptIdEqualsOrderId"": true}"
GARDEN_CAFE,ORD-GARDEN_CAFE-00396,RECEIPT_CREATED,cashier@nimbus.demo,2026-05-04T09:55:00Z,"{""receiptIdEqualsOrderId"": true}"
EVENTS_KITCHEN,ORD-EVENTS_KITCHEN-00398,RECEIPT_CREATED,cashier@nimbus.demo,2026-05-04T17:35:00Z,"{""receiptIdEqualsOrderId"": true}"
TAPAS_DOWNTOWN,ORD-TAPAS_DOWNTOWN-00401,RECEIPT_CREATED,cashier@nimbus.demo,2026-05-05T09:45:00Z,"{""receiptIdEqualsOrderId"": true}"
TAPAS_DOWNTOWN,ORD-TAPAS_DOWNTOWN-00402,RECEIPT_CREATED,cashier@nimbus.demo,2026-05-05T10:35:00Z,"{""receiptIdEqualsOrderId"": true}"
TAPAS_DOWNTOWN,ORD-TAPAS_DOWNTOWN-00403,RECEIPT_CREATED,cashier@nimbus.demo,2026-05-05T17:45:00Z,"{""receiptIdEqualsOrderId"": true}"
TAPAS_DOWNTOWN,ORD-TAPAS_DOWNTOWN-00404,RECEIPT_CREATED,cashier@nimbus.demo,2026-05-05T08:05:00Z,"{""receiptIdEqualsOrderId"": true}"
TAPAS_DOWNTOWN,ORD-TAPAS_DOWNTOWN-00404,RECEIPT_SEND_PENDING,cashier@nimbus.demo,2026-05-05T08:06:00Z,"{""status"": ""PENDING"", ""supported"": false, ""reason"": ""NO_LIVE_DELIVERY_ADAPTER""}"
TAPAS_DOWNTOWN,ORD-TAPAS_DOWNTOWN-00405,RECEIPT_CREATED,cashier@nimbus.demo,2026-05-05T10:35:00Z,"{""receiptIdEqualsOrderId"": true}"
ROOFTOP_BAR,ORD-ROOFTOP_BAR-00406,RECEIPT_CREATED,cashier@nimbus.demo,2026-05-05T15:45:00Z,"{""receiptIdEqualsOrderId"": true}"
ROOFTOP_BAR,ORD-ROOFTOP_BAR-00406,RECEIPT_SEND_PENDING,cashier@nimbus.demo,2026-05-05T15:46:00Z,"{""status"": ""PENDING"", ""supported"": false, ""reason"": ""NO_LIVE_DELIVERY_ADAPTER""}"
ROOFTOP_BAR,ORD-ROOFTOP_BAR-00407,RECEIPT_CREATED,cashier@nimbus.demo,2026-05-05T10:35:00Z,"{""receiptIdEqualsOrderId"": true}"
ROOFTOP_BAR,ORD-ROOFTOP_BAR-00409,RECEIPT_CREATED,cashier@nimbus.demo,2026-05-05T08:05:00Z,"{""receiptIdEqualsOrderId"": true}"
ROOFTOP_BAR,ORD-ROOFTOP_BAR-00410,RECEIPT_CREATED,cashier@nimbus.demo,2026-05-05T11:20:00Z,"{""receiptIdEqualsOrderId"": true}"
GARDEN_CAFE,ORD-GARDEN_CAFE-00411,RECEIPT_CREATED,cashier@nimbus.demo,2026-05-05T15:55:00Z,"{""receiptIdEqualsOrderId"": true}"
GARDEN_CAFE,ORD-GARDEN_CAFE-00413,RECEIPT_CREATED,cashier@nimbus.demo,2026-05-05T10:45:00Z,"{""receiptIdEqualsOrderId"": true}"
GARDEN_CAFE,ORD-GARDEN_CAFE-00414,RECEIPT_CREATED,cashier@nimbus.demo,2026-05-05T10:05:00Z,"{""receiptIdEqualsOrderId"": true}"
GARDEN_CAFE,ORD-GARDEN_CAFE-00415,RECEIPT_CREATED,cashier@nimbus.demo,2026-05-05T08:05:00Z,"{""receiptIdEqualsOrderId"": true}"
EVENTS_KITCHEN,ORD-EVENTS_KITCHEN-00416,RECEIPT_CREATED,cashier@nimbus.demo,2026-05-05T10:05:00Z,"{""receiptIdEqualsOrderId"": true}"
EVENTS_KITCHEN,ORD-EVENTS_KITCHEN-00417,RECEIPT_CREATED,cashier@nimbus.demo,2026-05-05T11:20:00Z,"{""receiptIdEqualsOrderId"": true}"
EVENTS_KITCHEN,ORD-EVENTS_KITCHEN-00419,RECEIPT_CREATED,cashier@nimbus.demo,2026-05-05T18:20:00Z,"{""receiptIdEqualsOrderId"": true}"
EVENTS_KITCHEN,ORD-EVENTS_KITCHEN-00420,RECEIPT_CREATED,cashier@nimbus.demo,2026-05-05T18:05:00Z,"{""receiptIdEqualsOrderId"": true}"
ROOFTOP_BAR,ORD-ROOFTOP_BAR-00422,RECEIPT_CREATED,cashier@nimbus.demo,2026-05-06T10:55:00Z,"{""receiptIdEqualsOrderId"": true}"
GARDEN_CAFE,ORD-GARDEN_CAFE-00423,RECEIPT_CREATED,cashier@nimbus.demo,2026-05-06T09:55:00Z,"{""receiptIdEqualsOrderId"": true}"
EVENTS_KITCHEN,ORD-EVENTS_KITCHEN-00424,RECEIPT_CREATED,cashier@nimbus.demo,2026-05-06T10:35:00Z,"{""receiptIdEqualsOrderId"": true}"
TAPAS_DOWNTOWN,ORD-TAPAS_DOWNTOWN-00425,RECEIPT_CREATED,cashier@nimbus.demo,2026-05-07T15:35:00Z,"{""receiptIdEqualsOrderId"": true}"
GARDEN_CAFE,ORD-GARDEN_CAFE-00430,RECEIPT_CREATED,cashier@nimbus.demo,2026-05-07T07:35:00Z,"{""receiptIdEqualsOrderId"": true}"
EVENTS_KITCHEN,ORD-EVENTS_KITCHEN-00431,RECEIPT_CREATED,cashier@nimbus.demo,2026-05-07T11:05:00Z,"{""receiptIdEqualsOrderId"": true}"
EVENTS_KITCHEN,ORD-EVENTS_KITCHEN-00432,RECEIPT_CREATED,cashier@nimbus.demo,2026-05-07T07:45:00Z,"{""receiptIdEqualsOrderId"": true}"
TAPAS_DOWNTOWN,ORD-TAPAS_DOWNTOWN-00434,RECEIPT_CREATED,cashier@nimbus.demo,2026-05-08T08:20:00Z,"{""receiptIdEqualsOrderId"": true}"
ROOFTOP_BAR,ORD-ROOFTOP_BAR-00436,RECEIPT_CREATED,cashier@nimbus.demo,2026-05-08T08:20:00Z,"{""receiptIdEqualsOrderId"": true}"
ROOFTOP_BAR,ORD-ROOFTOP_BAR-00437,RECEIPT_CREATED,cashier@nimbus.demo,2026-05-08T17:35:00Z,"{""receiptIdEqualsOrderId"": true}"
GARDEN_CAFE,ORD-GARDEN_CAFE-00440,RECEIPT_CREATED,cashier@nimbus.demo,2026-05-08T07:55:00Z,"{""receiptIdEqualsOrderId"": true}"
GARDEN_CAFE,ORD-GARDEN_CAFE-00440,RECEIPT_SEND_PENDING,cashier@nimbus.demo,2026-05-08T07:56:00Z,"{""status"": ""PENDING"", ""supported"": false, ""reason"": ""NO_LIVE_DELIVERY_ADAPTER""}"
GARDEN_CAFE,ORD-GARDEN_CAFE-00441,RECEIPT_CREATED,cashier@nimbus.demo,2026-05-08T15:45:00Z,"{""receiptIdEqualsOrderId"": true}"
EVENTS_KITCHEN,ORD-EVENTS_KITCHEN-00444,RECEIPT_CREATED,cashier@nimbus.demo,2026-05-08T16:20:00Z,"{""receiptIdEqualsOrderId"": true}"
TAPAS_DOWNTOWN,ORD-TAPAS_DOWNTOWN-00445,RECEIPT_CREATED,cashier@nimbus.demo,2026-05-09T10:20:00Z,"{""receiptIdEqualsOrderId"": true}"
TAPAS_DOWNTOWN,ORD-TAPAS_DOWNTOWN-00446,RECEIPT_CREATED,cashier@nimbus.demo,2026-05-09T09:55:00Z,"{""receiptIdEqualsOrderId"": true}"
TAPAS_DOWNTOWN,ORD-TAPAS_DOWNTOWN-00447,RECEIPT_CREATED,cashier@nimbus.demo,2026-05-09T09:35:00Z,"{""receiptIdEqualsOrderId"": true}"
TAPAS_DOWNTOWN,ORD-TAPAS_DOWNTOWN-00448,RECEIPT_CREATED,cashier@nimbus.demo,2026-05-09T09:45:00Z,"{""receiptIdEqualsOrderId"": true}"
ROOFTOP_BAR,ORD-ROOFTOP_BAR-00450,RECEIPT_CREATED,cashier@nimbus.demo,2026-05-09T10:20:00Z,"{""receiptIdEqualsOrderId"": true}"
ROOFTOP_BAR,ORD-ROOFTOP_BAR-00452,RECEIPT_CREATED,cashier@nimbus.demo,2026-05-09T15:55:00Z,"{""receiptIdEqualsOrderId"": true}"
GARDEN_CAFE,ORD-GARDEN_CAFE-00453,RECEIPT_CREATED,cashier@nimbus.demo,2026-05-09T10:35:00Z,"{""receiptIdEqualsOrderId"": true}"
EVENTS_KITCHEN,ORD-EVENTS_KITCHEN-00458,RECEIPT_CREATED,cashier@nimbus.demo,2026-05-09T16:20:00Z,"{""receiptIdEqualsOrderId"": true}"
EVENTS_KITCHEN,ORD-EVENTS_KITCHEN-00459,RECEIPT_CREATED,cashier@nimbus.demo,2026-05-09T07:35:00Z,"{""receiptIdEqualsOrderId"": true}"
EVENTS_KITCHEN,ORD-EVENTS_KITCHEN-00460,RECEIPT_CREATED,cashier@nimbus.demo,2026-05-09T09:35:00Z,"{""receiptIdEqualsOrderId"": true}"
TAPAS_DOWNTOWN,ORD-TAPAS_DOWNTOWN-00461,RECEIPT_CREATED,cashier@nimbus.demo,2026-05-10T08:20:00Z,"{""receiptIdEqualsOrderId"": true}"
TAPAS_DOWNTOWN,ORD-TAPAS_DOWNTOWN-00462,RECEIPT_CREATED,cashier@nimbus.demo,2026-05-10T07:35:00Z,"{""receiptIdEqualsOrderId"": true}"
TAPAS_DOWNTOWN,ORD-TAPAS_DOWNTOWN-00464,RECEIPT_CREATED,cashier@nimbus.demo,2026-05-10T17:55:00Z,"{""receiptIdEqualsOrderId"": true}"
TAPAS_DOWNTOWN,ORD-TAPAS_DOWNTOWN-00464,RECEIPT_SEND_PENDING,cashier@nimbus.demo,2026-05-10T17:56:00Z,"{""status"": ""PENDING"", ""supported"": false, ""reason"": ""NO_LIVE_DELIVERY_ADAPTER""}"
TAPAS_DOWNTOWN,ORD-TAPAS_DOWNTOWN-00465,RECEIPT_CREATED,cashier@nimbus.demo,2026-05-10T07:45:00Z,"{""receiptIdEqualsOrderId"": true}"
ROOFTOP_BAR,ORD-ROOFTOP_BAR-00466,RECEIPT_CREATED,cashier@nimbus.demo,2026-05-10T11:05:00Z,"{""receiptIdEqualsOrderId"": true}"
ROOFTOP_BAR,ORD-ROOFTOP_BAR-00467,RECEIPT_CREATED,cashier@nimbus.demo,2026-05-10T07:45:00Z,"{""receiptIdEqualsOrderId"": true}"
ROOFTOP_BAR,ORD-ROOFTOP_BAR-00469,RECEIPT_CREATED,cashier@nimbus.demo,2026-05-10T15:45:00Z,"{""receiptIdEqualsOrderId"": true}"
ROOFTOP_BAR,ORD-ROOFTOP_BAR-00470,RECEIPT_CREATED,cashier@nimbus.demo,2026-05-10T17:55:00Z,"{""receiptIdEqualsOrderId"": true}"
GARDEN_CAFE,ORD-GARDEN_CAFE-00471,RECEIPT_CREATED,cashier@nimbus.demo,2026-05-10T08:05:00Z,"{""receiptIdEqualsOrderId"": true}"
GARDEN_CAFE,ORD-GARDEN_CAFE-00473,RECEIPT_CREATED,cashier@nimbus.demo,2026-05-10T18:20:00Z,"{""receiptIdEqualsOrderId"": true}"
GARDEN_CAFE,ORD-GARDEN_CAFE-00474,RECEIPT_CREATED,cashier@nimbus.demo,2026-05-10T10:55:00Z,"{""receiptIdEqualsOrderId"": true}"
GARDEN_CAFE,ORD-GARDEN_CAFE-00475,RECEIPT_CREATED,cashier@nimbus.demo,2026-05-10T15:45:00Z,"{""receiptIdEqualsOrderId"": true}"
TAPAS_DOWNTOWN,ORD-TAPAS_DOWNTOWN-00481,RECEIPT_CREATED,cashier@nimbus.demo,2026-05-11T09:35:00Z,"{""receiptIdEqualsOrderId"": true}"
GARDEN_CAFE,ORD-GARDEN_CAFE-00483,RECEIPT_CREATED,cashier@nimbus.demo,2026-05-11T07:55:00Z,"{""receiptIdEqualsOrderId"": true}"
EVENTS_KITCHEN,ORD-EVENTS_KITCHEN-00484,RECEIPT_CREATED,cashier@nimbus.demo,2026-05-11T15:35:00Z,"{""receiptIdEqualsOrderId"": true}"
TAPAS_DOWNTOWN,ORD-TAPAS_DOWNTOWN-00485,RECEIPT_CREATED,cashier@nimbus.demo,2026-05-12T07:35:00Z,"{""receiptIdEqualsOrderId"": true}"
ROOFTOP_BAR,ORD-ROOFTOP_BAR-00487,RECEIPT_CREATED,cashier@nimbus.demo,2026-05-12T18:20:00Z,"{""receiptIdEqualsOrderId"": true}"
ROOFTOP_BAR,ORD-ROOFTOP_BAR-00488,RECEIPT_CREATED,cashier@nimbus.demo,2026-05-12T10:20:00Z,"{""receiptIdEqualsOrderId"": true}"
GARDEN_CAFE,ORD-GARDEN_CAFE-00489,RECEIPT_CREATED,cashier@nimbus.demo,2026-05-12T08:05:00Z,"{""receiptIdEqualsOrderId"": true}"
EVENTS_KITCHEN,ORD-EVENTS_KITCHEN-00491,RECEIPT_CREATED,cashier@nimbus.demo,2026-05-12T10:45:00Z,"{""receiptIdEqualsOrderId"": true}"
EVENTS_KITCHEN,ORD-EVENTS_KITCHEN-00492,RECEIPT_CREATED,cashier@nimbus.demo,2026-05-12T18:20:00Z,"{""receiptIdEqualsOrderId"": true}"
TAPAS_DOWNTOWN,ORD-TAPAS_DOWNTOWN-00495,RECEIPT_CREATED,cashier@nimbus.demo,2026-05-13T10:35:00Z,"{""receiptIdEqualsOrderId"": true}"
ROOFTOP_BAR,ORD-ROOFTOP_BAR-00497,RECEIPT_CREATED,cashier@nimbus.demo,2026-05-13T07:55:00Z,"{""receiptIdEqualsOrderId"": true}"
ROOFTOP_BAR,ORD-ROOFTOP_BAR-00497,RECEIPT_SEND_PENDING,cashier@nimbus.demo,2026-05-13T07:56:00Z,"{""status"": ""PENDING"", ""supported"": false, ""reason"": ""NO_LIVE_DELIVERY_ADAPTER""}"
ROOFTOP_BAR,ORD-ROOFTOP_BAR-00498,RECEIPT_CREATED,cashier@nimbus.demo,2026-05-13T15:45:00Z,"{""receiptIdEqualsOrderId"": true}"
GARDEN_CAFE,ORD-GARDEN_CAFE-00501,RECEIPT_CREATED,cashier@nimbus.demo,2026-05-13T07:55:00Z,"{""receiptIdEqualsOrderId"": true}"
EVENTS_KITCHEN,ORD-EVENTS_KITCHEN-00502,RECEIPT_CREATED,cashier@nimbus.demo,2026-05-13T18:05:00Z,"{""receiptIdEqualsOrderId"": true}"
EVENTS_KITCHEN,ORD-EVENTS_KITCHEN-00503,RECEIPT_CREATED,cashier@nimbus.demo,2026-05-13T10:05:00Z,"{""receiptIdEqualsOrderId"": true}"
EVENTS_KITCHEN,ORD-EVENTS_KITCHEN-00504,RECEIPT_CREATED,cashier@nimbus.demo,2026-05-13T07:55:00Z,"{""receiptIdEqualsOrderId"": true}"
TAPAS_DOWNTOWN,ORD-TAPAS_DOWNTOWN-00507,RECEIPT_CREATED,cashier@nimbus.demo,2026-05-14T15:55:00Z,"{""receiptIdEqualsOrderId"": true}"
ROOFTOP_BAR,ORD-ROOFTOP_BAR-00510,RECEIPT_CREATED,cashier@nimbus.demo,2026-05-14T10:20:00Z,"{""receiptIdEqualsOrderId"": true}"
ROOFTOP_BAR,ORD-ROOFTOP_BAR-00511,RECEIPT_CREATED,cashier@nimbus.demo,2026-05-14T08:20:00Z,"{""receiptIdEqualsOrderId"": true}"
GARDEN_CAFE,ORD-GARDEN_CAFE-00513,RECEIPT_CREATED,cashier@nimbus.demo,2026-05-14T09:45:00Z,"{""receiptIdEqualsOrderId"": true}"
GARDEN_CAFE,ORD-GARDEN_CAFE-00514,RECEIPT_CREATED,cashier@nimbus.demo,2026-05-14T10:35:00Z,"{""receiptIdEqualsOrderId"": true}"
GARDEN_CAFE,ORD-GARDEN_CAFE-00515,RECEIPT_CREATED,cashier@nimbus.demo,2026-05-14T16:20:00Z,"{""receiptIdEqualsOrderId"": true}"
GARDEN_CAFE,ORD-GARDEN_CAFE-00516,RECEIPT_CREATED,cashier@nimbus.demo,2026-05-14T07:45:00Z,"{""receiptIdEqualsOrderId"": true}"
GARDEN_CAFE,ORD-GARDEN_CAFE-00516,RECEIPT_SEND_PENDING,cashier@nimbus.demo,2026-05-14T07:46:00Z,"{""status"": ""PENDING"", ""supported"": false, ""reason"": ""NO_LIVE_DELIVERY_ADAPTER""}"
EVENTS_KITCHEN,ORD-EVENTS_KITCHEN-00519,RECEIPT_CREATED,cashier@nimbus.demo,2026-05-14T15:35:00Z,"{""receiptIdEqualsOrderId"": true}"
EVENTS_KITCHEN,ORD-EVENTS_KITCHEN-00520,RECEIPT_CREATED,cashier@nimbus.demo,2026-05-14T09:35:00Z,"{""receiptIdEqualsOrderId"": true}"
TAPAS_DOWNTOWN,ORD-TAPAS_DOWNTOWN-00521,RECEIPT_CREATED,cashier@nimbus.demo,2026-05-15T15:55:00Z,"{""receiptIdEqualsOrderId"": true}"
TAPAS_DOWNTOWN,ORD-TAPAS_DOWNTOWN-00522,RECEIPT_CREATED,cashier@nimbus.demo,2026-05-15T15:45:00Z,"{""receiptIdEqualsOrderId"": true}"
TAPAS_DOWNTOWN,ORD-TAPAS_DOWNTOWN-00523,RECEIPT_CREATED,cashier@nimbus.demo,2026-05-15T17:35:00Z,"{""receiptIdEqualsOrderId"": true}"
TAPAS_DOWNTOWN,ORD-TAPAS_DOWNTOWN-00524,RECEIPT_CREATED,cashier@nimbus.demo,2026-05-15T11:20:00Z,"{""receiptIdEqualsOrderId"": true}"
TAPAS_DOWNTOWN,ORD-TAPAS_DOWNTOWN-00524,RECEIPT_SEND_PENDING,cashier@nimbus.demo,2026-05-15T11:21:00Z,"{""status"": ""PENDING"", ""supported"": false, ""reason"": ""NO_LIVE_DELIVERY_ADAPTER""}"
ROOFTOP_BAR,ORD-ROOFTOP_BAR-00528,RECEIPT_CREATED,cashier@nimbus.demo,2026-05-15T07:55:00Z,"{""receiptIdEqualsOrderId"": true}"
ROOFTOP_BAR,ORD-ROOFTOP_BAR-00529,RECEIPT_CREATED,cashier@nimbus.demo,2026-05-15T08:05:00Z,"{""receiptIdEqualsOrderId"": true}"
GARDEN_CAFE,ORD-GARDEN_CAFE-00531,RECEIPT_CREATED,cashier@nimbus.demo,2026-05-15T08:05:00Z,"{""receiptIdEqualsOrderId"": true}"
GARDEN_CAFE,ORD-GARDEN_CAFE-00532,RECEIPT_CREATED,cashier@nimbus.demo,2026-05-15T09:35:00Z,"{""receiptIdEqualsOrderId"": true}"
GARDEN_CAFE,ORD-GARDEN_CAFE-00535,RECEIPT_CREATED,cashier@nimbus.demo,2026-05-15T11:05:00Z,"{""receiptIdEqualsOrderId"": true}"
GARDEN_CAFE,ORD-GARDEN_CAFE-00535,RECEIPT_SEND_PENDING,cashier@nimbus.demo,2026-05-15T11:06:00Z,"{""status"": ""PENDING"", ""supported"": false, ""reason"": ""NO_LIVE_DELIVERY_ADAPTER""}"
EVENTS_KITCHEN,ORD-EVENTS_KITCHEN-00536,RECEIPT_CREATED,cashier@nimbus.demo,2026-05-15T17:45:00Z,"{""receiptIdEqualsOrderId"": true}"
EVENTS_KITCHEN,ORD-EVENTS_KITCHEN-00536,RECEIPT_SEND_PENDING,cashier@nimbus.demo,2026-05-15T17:46:00Z,"{""status"": ""PENDING"", ""supported"": false, ""reason"": ""NO_LIVE_DELIVERY_ADAPTER""}"
EVENTS_KITCHEN,ORD-EVENTS_KITCHEN-00538,RECEIPT_CREATED,cashier@nimbus.demo,2026-05-15T10:20:00Z,"{""receiptIdEqualsOrderId"": true}"
EVENTS_KITCHEN,ORD-EVENTS_KITCHEN-00540,RECEIPT_CREATED,cashier@nimbus.demo,2026-05-15T18:05:00Z,"{""receiptIdEqualsOrderId"": true}"
TAPAS_DOWNTOWN,ORD-TAPAS_DOWNTOWN-00541,RECEIPT_CREATED,cashier@nimbus.demo,2026-05-16T09:35:00Z,"{""receiptIdEqualsOrderId"": true}"
ROOFTOP_BAR,ORD-ROOFTOP_BAR-00542,RECEIPT_CREATED,cashier@nimbus.demo,2026-05-16T10:55:00Z,"{""receiptIdEqualsOrderId"": true}"
EVENTS_KITCHEN,ORD-EVENTS_KITCHEN-00544,RECEIPT_CREATED,cashier@nimbus.demo,2026-05-16T16:20:00Z,"{""receiptIdEqualsOrderId"": true}"
TAPAS_DOWNTOWN,ORD-TAPAS_DOWNTOWN-00545,RECEIPT_CREATED,cashier@nimbus.demo,2026-05-17T17:35:00Z,"{""receiptIdEqualsOrderId"": true}"
TAPAS_DOWNTOWN,ORD-TAPAS_DOWNTOWN-00545,RECEIPT_SEND_PENDING,cashier@nimbus.demo,2026-05-17T17:36:00Z,"{""status"": ""PENDING"", ""supported"": false, ""reason"": ""NO_LIVE_DELIVERY_ADAPTER""}"
TAPAS_DOWNTOWN,ORD-TAPAS_DOWNTOWN-00546,RECEIPT_CREATED,cashier@nimbus.demo,2026-05-17T15:35:00Z,"{""receiptIdEqualsOrderId"": true}"
ROOFTOP_BAR,ORD-ROOFTOP_BAR-00547,RECEIPT_CREATED,cashier@nimbus.demo,2026-05-17T15:35:00Z,"{""receiptIdEqualsOrderId"": true}"
GARDEN_CAFE,ORD-GARDEN_CAFE-00549,RECEIPT_CREATED,cashier@nimbus.demo,2026-05-17T08:05:00Z,"{""receiptIdEqualsOrderId"": true}"
GARDEN_CAFE,ORD-GARDEN_CAFE-00550,RECEIPT_CREATED,cashier@nimbus.demo,2026-05-17T15:45:00Z,"{""receiptIdEqualsOrderId"": true}"
ROOFTOP_BAR,ORD-ROOFTOP_BAR-00556,RECEIPT_CREATED,cashier@nimbus.demo,2026-05-18T07:45:00Z,"{""receiptIdEqualsOrderId"": true}"
ROOFTOP_BAR,ORD-ROOFTOP_BAR-00557,RECEIPT_CREATED,cashier@nimbus.demo,2026-05-18T15:55:00Z,"{""receiptIdEqualsOrderId"": true}"
ROOFTOP_BAR,ORD-ROOFTOP_BAR-00558,RECEIPT_CREATED,cashier@nimbus.demo,2026-05-18T10:35:00Z,"{""receiptIdEqualsOrderId"": true}"
GARDEN_CAFE,ORD-GARDEN_CAFE-00560,RECEIPT_CREATED,cashier@nimbus.demo,2026-05-18T18:20:00Z,"{""receiptIdEqualsOrderId"": true}"
GARDEN_CAFE,ORD-GARDEN_CAFE-00561,RECEIPT_CREATED,cashier@nimbus.demo,2026-05-18T08:20:00Z,"{""receiptIdEqualsOrderId"": true}"
EVENTS_KITCHEN,ORD-EVENTS_KITCHEN-00562,RECEIPT_CREATED,cashier@nimbus.demo,2026-05-18T10:45:00Z,"{""receiptIdEqualsOrderId"": true}"
EVENTS_KITCHEN,ORD-EVENTS_KITCHEN-00563,RECEIPT_CREATED,cashier@nimbus.demo,2026-05-18T18:20:00Z,"{""receiptIdEqualsOrderId"": true}"
EVENTS_KITCHEN,ORD-EVENTS_KITCHEN-00564,RECEIPT_CREATED,cashier@nimbus.demo,2026-05-18T10:45:00Z,"{""receiptIdEqualsOrderId"": true}"
TAPAS_DOWNTOWN,ORD-TAPAS_DOWNTOWN-00566,RECEIPT_CREATED,cashier@nimbus.demo,2026-05-19T07:45:00Z,"{""receiptIdEqualsOrderId"": true}"
TAPAS_DOWNTOWN,ORD-TAPAS_DOWNTOWN-00568,RECEIPT_CREATED,cashier@nimbus.demo,2026-05-19T07:55:00Z,"{""receiptIdEqualsOrderId"": true}"
ROOFTOP_BAR,ORD-ROOFTOP_BAR-00570,RECEIPT_CREATED,cashier@nimbus.demo,2026-05-19T18:20:00Z,"{""receiptIdEqualsOrderId"": true}"
ROOFTOP_BAR,ORD-ROOFTOP_BAR-00572,RECEIPT_CREATED,cashier@nimbus.demo,2026-05-19T08:20:00Z,"{""receiptIdEqualsOrderId"": true}"
GARDEN_CAFE,ORD-GARDEN_CAFE-00573,RECEIPT_CREATED,cashier@nimbus.demo,2026-05-19T17:55:00Z,"{""receiptIdEqualsOrderId"": true}"
GARDEN_CAFE,ORD-GARDEN_CAFE-00574,RECEIPT_CREATED,cashier@nimbus.demo,2026-05-19T10:45:00Z,"{""receiptIdEqualsOrderId"": true}"
EVENTS_KITCHEN,ORD-EVENTS_KITCHEN-00578,RECEIPT_CREATED,cashier@nimbus.demo,2026-05-19T08:20:00Z,"{""receiptIdEqualsOrderId"": true}"
EVENTS_KITCHEN,ORD-EVENTS_KITCHEN-00578,RECEIPT_SEND_PENDING,cashier@nimbus.demo,2026-05-19T08:21:00Z,"{""status"": ""PENDING"", ""supported"": false, ""reason"": ""NO_LIVE_DELIVERY_ADAPTER""}"
EVENTS_KITCHEN,ORD-EVENTS_KITCHEN-00579,RECEIPT_CREATED,cashier@nimbus.demo,2026-05-19T10:55:00Z,"{""receiptIdEqualsOrderId"": true}"
EVENTS_KITCHEN,ORD-EVENTS_KITCHEN-00579,RECEIPT_SEND_PENDING,cashier@nimbus.demo,2026-05-19T10:56:00Z,"{""status"": ""PENDING"", ""supported"": false, ""reason"": ""NO_LIVE_DELIVERY_ADAPTER""}"
EVENTS_KITCHEN,ORD-EVENTS_KITCHEN-00580,RECEIPT_CREATED,cashier@nimbus.demo,2026-05-19T17:55:00Z,"{""receiptIdEqualsOrderId"": true}"
TAPAS_DOWNTOWN,ORD-TAPAS_DOWNTOWN-00581,RECEIPT_CREATED,cashier@nimbus.demo,2026-05-20T09:55:00Z,"{""receiptIdEqualsOrderId"": true}"
TAPAS_DOWNTOWN,ORD-TAPAS_DOWNTOWN-00584,RECEIPT_CREATED,cashier@nimbus.demo,2026-05-20T07:55:00Z,"{""receiptIdEqualsOrderId"": true}"
ROOFTOP_BAR,ORD-ROOFTOP_BAR-00588,RECEIPT_CREATED,cashier@nimbus.demo,2026-05-20T18:20:00Z,"{""receiptIdEqualsOrderId"": true}"
ROOFTOP_BAR,ORD-ROOFTOP_BAR-00589,RECEIPT_CREATED,cashier@nimbus.demo,2026-05-20T11:05:00Z,"{""receiptIdEqualsOrderId"": true}"
GARDEN_CAFE,ORD-GARDEN_CAFE-00591,RECEIPT_CREATED,cashier@nimbus.demo,2026-05-20T10:20:00Z,"{""receiptIdEqualsOrderId"": true}"
GARDEN_CAFE,ORD-GARDEN_CAFE-00592,RECEIPT_CREATED,cashier@nimbus.demo,2026-05-20T10:45:00Z,"{""receiptIdEqualsOrderId"": true}"
GARDEN_CAFE,ORD-GARDEN_CAFE-00593,RECEIPT_CREATED,cashier@nimbus.demo,2026-05-20T10:20:00Z,"{""receiptIdEqualsOrderId"": true}"
GARDEN_CAFE,ORD-GARDEN_CAFE-00594,RECEIPT_CREATED,cashier@nimbus.demo,2026-05-20T10:55:00Z,"{""receiptIdEqualsOrderId"": true}"
GARDEN_CAFE,ORD-GARDEN_CAFE-00595,RECEIPT_CREATED,cashier@nimbus.demo,2026-05-20T16:05:00Z,"{""receiptIdEqualsOrderId"": true}"
EVENTS_KITCHEN,ORD-EVENTS_KITCHEN-00597,RECEIPT_CREATED,cashier@nimbus.demo,2026-05-20T09:45:00Z,"{""receiptIdEqualsOrderId"": true}"
EVENTS_KITCHEN,ORD-EVENTS_KITCHEN-00597,RECEIPT_SEND_PENDING,cashier@nimbus.demo,2026-05-20T09:46:00Z,"{""status"": ""PENDING"", ""supported"": false, ""reason"": ""NO_LIVE_DELIVERY_ADAPTER""}"
EVENTS_KITCHEN,ORD-EVENTS_KITCHEN-00598,RECEIPT_CREATED,cashier@nimbus.demo,2026-05-20T17:55:00Z,"{""receiptIdEqualsOrderId"": true}"
EVENTS_KITCHEN,ORD-EVENTS_KITCHEN-00599,RECEIPT_CREATED,cashier@nimbus.demo,2026-05-20T10:55:00Z,"{""receiptIdEqualsOrderId"": true}"
ROOFTOP_BAR,ORD-ROOFTOP_BAR-00602,RECEIPT_CREATED,cashier@nimbus.demo,2026-05-21T11:05:00Z,"{""receiptIdEqualsOrderId"": true}"
TAPAS_DOWNTOWN,ORD-TAPAS_DOWNTOWN-00605,RECEIPT_CREATED,cashier@nimbus.demo,2026-05-22T16:05:00Z,"{""receiptIdEqualsOrderId"": true}"
TAPAS_DOWNTOWN,ORD-TAPAS_DOWNTOWN-00606,RECEIPT_CREATED,cashier@nimbus.demo,2026-05-22T17:35:00Z,"{""receiptIdEqualsOrderId"": true}"
ROOFTOP_BAR,ORD-ROOFTOP_BAR-00607,RECEIPT_CREATED,cashier@nimbus.demo,2026-05-22T17:45:00Z,"{""receiptIdEqualsOrderId"": true}"
ROOFTOP_BAR,ORD-ROOFTOP_BAR-00608,RECEIPT_CREATED,cashier@nimbus.demo,2026-05-22T10:05:00Z,"{""receiptIdEqualsOrderId"": true}"
GARDEN_CAFE,ORD-GARDEN_CAFE-00609,RECEIPT_CREATED,cashier@nimbus.demo,2026-05-22T09:45:00Z,"{""receiptIdEqualsOrderId"": true}"
GARDEN_CAFE,ORD-GARDEN_CAFE-00610,RECEIPT_CREATED,cashier@nimbus.demo,2026-05-22T10:20:00Z,"{""receiptIdEqualsOrderId"": true}"
EVENTS_KITCHEN,ORD-EVENTS_KITCHEN-00611,RECEIPT_CREATED,cashier@nimbus.demo,2026-05-22T11:20:00Z,"{""receiptIdEqualsOrderId"": true}"
EVENTS_KITCHEN,ORD-EVENTS_KITCHEN-00612,RECEIPT_CREATED,cashier@nimbus.demo,2026-05-22T08:20:00Z,"{""receiptIdEqualsOrderId"": true}"
TAPAS_DOWNTOWN,ORD-TAPAS_DOWNTOWN-00613,RECEIPT_CREATED,cashier@nimbus.demo,2026-05-23T08:05:00Z,"{""receiptIdEqualsOrderId"": true}"
TAPAS_DOWNTOWN,ORD-TAPAS_DOWNTOWN-00614,RECEIPT_CREATED,cashier@nimbus.demo,2026-05-23T17:55:00Z,"{""receiptIdEqualsOrderId"": true}"
ROOFTOP_BAR,ORD-ROOFTOP_BAR-00616,RECEIPT_CREATED,cashier@nimbus.demo,2026-05-23T15:45:00Z,"{""receiptIdEqualsOrderId"": true}"
ROOFTOP_BAR,ORD-ROOFTOP_BAR-00617,RECEIPT_CREATED,cashier@nimbus.demo,2026-05-23T10:05:00Z,"{""receiptIdEqualsOrderId"": true}"
GARDEN_CAFE,ORD-GARDEN_CAFE-00619,RECEIPT_CREATED,cashier@nimbus.demo,2026-05-23T16:20:00Z,"{""receiptIdEqualsOrderId"": true}"
GARDEN_CAFE,ORD-GARDEN_CAFE-00620,RECEIPT_CREATED,cashier@nimbus.demo,2026-05-23T09:35:00Z,"{""receiptIdEqualsOrderId"": true}"
GARDEN_CAFE,ORD-GARDEN_CAFE-00621,RECEIPT_CREATED,cashier@nimbus.demo,2026-05-23T17:35:00Z,"{""receiptIdEqualsOrderId"": true}"
EVENTS_KITCHEN,ORD-EVENTS_KITCHEN-00623,RECEIPT_CREATED,cashier@nimbus.demo,2026-05-23T15:55:00Z,"{""receiptIdEqualsOrderId"": true}"
TAPAS_DOWNTOWN,ORD-TAPAS_DOWNTOWN-00625,RECEIPT_CREATED,cashier@nimbus.demo,2026-05-24T07:55:00Z,"{""receiptIdEqualsOrderId"": true}"
TAPAS_DOWNTOWN,ORD-TAPAS_DOWNTOWN-00627,RECEIPT_CREATED,cashier@nimbus.demo,2026-05-24T07:55:00Z,"{""receiptIdEqualsOrderId"": true}"
TAPAS_DOWNTOWN,ORD-TAPAS_DOWNTOWN-00628,RECEIPT_CREATED,cashier@nimbus.demo,2026-05-24T16:05:00Z,"{""receiptIdEqualsOrderId"": true}"
ROOFTOP_BAR,ORD-ROOFTOP_BAR-00630,RECEIPT_CREATED,cashier@nimbus.demo,2026-05-24T17:35:00Z,"{""receiptIdEqualsOrderId"": true}"
GARDEN_CAFE,ORD-GARDEN_CAFE-00635,RECEIPT_CREATED,cashier@nimbus.demo,2026-05-24T09:55:00Z,"{""receiptIdEqualsOrderId"": true}"
EVENTS_KITCHEN,ORD-EVENTS_KITCHEN-00637,RECEIPT_CREATED,cashier@nimbus.demo,2026-05-24T07:55:00Z,"{""receiptIdEqualsOrderId"": true}"
EVENTS_KITCHEN,ORD-EVENTS_KITCHEN-00637,RECEIPT_SEND_PENDING,cashier@nimbus.demo,2026-05-24T07:56:00Z,"{""status"": ""PENDING"", ""supported"": false, ""reason"": ""NO_LIVE_DELIVERY_ADAPTER""}"
EVENTS_KITCHEN,ORD-EVENTS_KITCHEN-00639,RECEIPT_CREATED,cashier@nimbus.demo,2026-05-24T17:35:00Z,"{""receiptIdEqualsOrderId"": true}"
EVENTS_KITCHEN,ORD-EVENTS_KITCHEN-00639,RECEIPT_SEND_PENDING,cashier@nimbus.demo,2026-05-24T17:36:00Z,"{""status"": ""PENDING"", ""supported"": false, ""reason"": ""NO_LIVE_DELIVERY_ADAPTER""}"
EVENTS_KITCHEN,ORD-EVENTS_KITCHEN-00640,RECEIPT_CREATED,cashier@nimbus.demo,2026-05-24T18:20:00Z,"{""receiptIdEqualsOrderId"": true}"
TAPAS_DOWNTOWN,ORD-TAPAS_DOWNTOWN-00643,RECEIPT_CREATED,cashier@nimbus.demo,2026-05-25T17:35:00Z,"{""receiptIdEqualsOrderId"": true}"
TAPAS_DOWNTOWN,ORD-TAPAS_DOWNTOWN-00644,RECEIPT_CREATED,cashier@nimbus.demo,2026-05-25T10:35:00Z,"{""receiptIdEqualsOrderId"": true}"
ROOFTOP_BAR,ORD-ROOFTOP_BAR-00648,RECEIPT_CREATED,cashier@nimbus.demo,2026-05-25T10:45:00Z,"{""receiptIdEqualsOrderId"": true}"
ROOFTOP_BAR,ORD-ROOFTOP_BAR-00648,RECEIPT_SEND_PENDING,cashier@nimbus.demo,2026-05-25T10:46:00Z,"{""status"": ""PENDING"", ""supported"": false, ""reason"": ""NO_LIVE_DELIVERY_ADAPTER""}"
ROOFTOP_BAR,ORD-ROOFTOP_BAR-00649,RECEIPT_CREATED,cashier@nimbus.demo,2026-05-25T10:55:00Z,"{""receiptIdEqualsOrderId"": true}"
GARDEN_CAFE,ORD-GARDEN_CAFE-00651,RECEIPT_CREATED,cashier@nimbus.demo,2026-05-25T07:45:00Z,"{""receiptIdEqualsOrderId"": true}"
GARDEN_CAFE,ORD-GARDEN_CAFE-00652,RECEIPT_CREATED,cashier@nimbus.demo,2026-05-25T10:45:00Z,"{""receiptIdEqualsOrderId"": true}"
GARDEN_CAFE,ORD-GARDEN_CAFE-00653,RECEIPT_CREATED,cashier@nimbus.demo,2026-05-25T10:20:00Z,"{""receiptIdEqualsOrderId"": true}"
GARDEN_CAFE,ORD-GARDEN_CAFE-00653,RECEIPT_SEND_PENDING,cashier@nimbus.demo,2026-05-25T10:21:00Z,"{""status"": ""PENDING"", ""supported"": false, ""reason"": ""NO_LIVE_DELIVERY_ADAPTER""}"
GARDEN_CAFE,ORD-GARDEN_CAFE-00654,RECEIPT_CREATED,cashier@nimbus.demo,2026-05-25T10:20:00Z,"{""receiptIdEqualsOrderId"": true}"
TAPAS_DOWNTOWN,ORD-TAPAS_DOWNTOWN-00661,RECEIPT_CREATED,cashier@nimbus.demo,2026-05-26T10:05:00Z,"{""receiptIdEqualsOrderId"": true}"
ROOFTOP_BAR,ORD-ROOFTOP_BAR-00662,RECEIPT_CREATED,cashier@nimbus.demo,2026-05-26T09:55:00Z,"{""receiptIdEqualsOrderId"": true}"
GARDEN_CAFE,ORD-GARDEN_CAFE-00663,RECEIPT_CREATED,cashier@nimbus.demo,2026-05-26T10:20:00Z,"{""receiptIdEqualsOrderId"": true}"
TAPAS_DOWNTOWN,ORD-TAPAS_DOWNTOWN-00665,RECEIPT_CREATED,cashier@nimbus.demo,2026-05-27T15:55:00Z,"{""receiptIdEqualsOrderId"": true}"
TAPAS_DOWNTOWN,ORD-TAPAS_DOWNTOWN-00666,RECEIPT_CREATED,cashier@nimbus.demo,2026-05-27T18:20:00Z,"{""receiptIdEqualsOrderId"": true}"
TAPAS_DOWNTOWN,ORD-TAPAS_DOWNTOWN-00666,RECEIPT_SEND_PENDING,cashier@nimbus.demo,2026-05-27T18:21:00Z,"{""status"": ""PENDING"", ""supported"": false, ""reason"": ""NO_LIVE_DELIVERY_ADAPTER""}"
ROOFTOP_BAR,ORD-ROOFTOP_BAR-00667,RECEIPT_CREATED,cashier@nimbus.demo,2026-05-27T10:20:00Z,"{""receiptIdEqualsOrderId"": true}"
ROOFTOP_BAR,ORD-ROOFTOP_BAR-00668,RECEIPT_CREATED,cashier@nimbus.demo,2026-05-27T10:45:00Z,"{""receiptIdEqualsOrderId"": true}"
GARDEN_CAFE,ORD-GARDEN_CAFE-00670,RECEIPT_CREATED,cashier@nimbus.demo,2026-05-27T17:45:00Z,"{""receiptIdEqualsOrderId"": true}"
GARDEN_CAFE,ORD-GARDEN_CAFE-00670,RECEIPT_SEND_PENDING,cashier@nimbus.demo,2026-05-27T17:46:00Z,"{""status"": ""PENDING"", ""supported"": false, ""reason"": ""NO_LIVE_DELIVERY_ADAPTER""}"
EVENTS_KITCHEN,ORD-EVENTS_KITCHEN-00671,RECEIPT_CREATED,cashier@nimbus.demo,2026-05-27T11:05:00Z,"{""receiptIdEqualsOrderId"": true}"
TAPAS_DOWNTOWN,ORD-TAPAS_DOWNTOWN-00674,RECEIPT_CREATED,cashier@nimbus.demo,2026-05-28T16:05:00Z,"{""receiptIdEqualsOrderId"": true}"
TAPAS_DOWNTOWN,ORD-TAPAS_DOWNTOWN-00675,RECEIPT_CREATED,cashier@nimbus.demo,2026-05-28T07:35:00Z,"{""receiptIdEqualsOrderId"": true}"
ROOFTOP_BAR,ORD-ROOFTOP_BAR-00678,RECEIPT_CREATED,cashier@nimbus.demo,2026-05-28T09:45:00Z,"{""receiptIdEqualsOrderId"": true}"
GARDEN_CAFE,ORD-GARDEN_CAFE-00679,RECEIPT_CREATED,cashier@nimbus.demo,2026-05-28T08:05:00Z,"{""receiptIdEqualsOrderId"": true}"
GARDEN_CAFE,ORD-GARDEN_CAFE-00679,RECEIPT_SEND_PENDING,cashier@nimbus.demo,2026-05-28T08:06:00Z,"{""status"": ""PENDING"", ""supported"": false, ""reason"": ""NO_LIVE_DELIVERY_ADAPTER""}"
GARDEN_CAFE,ORD-GARDEN_CAFE-00680,RECEIPT_CREATED,cashier@nimbus.demo,2026-05-28T11:05:00Z,"{""receiptIdEqualsOrderId"": true}"
GARDEN_CAFE,ORD-GARDEN_CAFE-00681,RECEIPT_CREATED,cashier@nimbus.demo,2026-05-28T08:20:00Z,"{""receiptIdEqualsOrderId"": true}"
EVENTS_KITCHEN,ORD-EVENTS_KITCHEN-00682,RECEIPT_CREATED,cashier@nimbus.demo,2026-05-28T10:05:00Z,"{""receiptIdEqualsOrderId"": true}"
EVENTS_KITCHEN,ORD-EVENTS_KITCHEN-00683,RECEIPT_CREATED,cashier@nimbus.demo,2026-05-28T15:55:00Z,"{""receiptIdEqualsOrderId"": true}"
TAPAS_DOWNTOWN,ORD-TAPAS_DOWNTOWN-00685,RECEIPT_CREATED,cashier@nimbus.demo,2026-05-29T18:05:00Z,"{""receiptIdEqualsOrderId"": true}"
TAPAS_DOWNTOWN,ORD-TAPAS_DOWNTOWN-00688,RECEIPT_CREATED,cashier@nimbus.demo,2026-05-29T18:05:00Z,"{""receiptIdEqualsOrderId"": true}"
ROOFTOP_BAR,ORD-ROOFTOP_BAR-00689,RECEIPT_CREATED,cashier@nimbus.demo,2026-05-29T15:35:00Z,"{""receiptIdEqualsOrderId"": true}"
ROOFTOP_BAR,ORD-ROOFTOP_BAR-00690,RECEIPT_CREATED,cashier@nimbus.demo,2026-05-29T10:35:00Z,"{""receiptIdEqualsOrderId"": true}"
ROOFTOP_BAR,ORD-ROOFTOP_BAR-00691,RECEIPT_CREATED,cashier@nimbus.demo,2026-05-29T07:55:00Z,"{""receiptIdEqualsOrderId"": true}"
GARDEN_CAFE,ORD-GARDEN_CAFE-00693,RECEIPT_CREATED,cashier@nimbus.demo,2026-05-29T15:35:00Z,"{""receiptIdEqualsOrderId"": true}"
GARDEN_CAFE,ORD-GARDEN_CAFE-00694,RECEIPT_CREATED,cashier@nimbus.demo,2026-05-29T11:20:00Z,"{""receiptIdEqualsOrderId"": true}"
GARDEN_CAFE,ORD-GARDEN_CAFE-00695,RECEIPT_CREATED,cashier@nimbus.demo,2026-05-29T15:55:00Z,"{""receiptIdEqualsOrderId"": true}"
GARDEN_CAFE,ORD-GARDEN_CAFE-00696,RECEIPT_CREATED,cashier@nimbus.demo,2026-05-29T10:55:00Z,"{""receiptIdEqualsOrderId"": true}"
EVENTS_KITCHEN,ORD-EVENTS_KITCHEN-00697,RECEIPT_CREATED,cashier@nimbus.demo,2026-05-29T07:55:00Z,"{""receiptIdEqualsOrderId"": true}"
EVENTS_KITCHEN,ORD-EVENTS_KITCHEN-00699,RECEIPT_CREATED,cashier@nimbus.demo,2026-05-29T10:35:00Z,"{""receiptIdEqualsOrderId"": true}"
TAPAS_DOWNTOWN,ORD-TAPAS_DOWNTOWN-00702,RECEIPT_CREATED,cashier@nimbus.demo,2026-05-30T18:05:00Z,"{""receiptIdEqualsOrderId"": true}"
TAPAS_DOWNTOWN,ORD-TAPAS_DOWNTOWN-00702,RECEIPT_SEND_PENDING,cashier@nimbus.demo,2026-05-30T18:06:00Z,"{""status"": ""PENDING"", ""supported"": false, ""reason"": ""NO_LIVE_DELIVERY_ADAPTER""}"
TAPAS_DOWNTOWN,ORD-TAPAS_DOWNTOWN-00704,RECEIPT_CREATED,cashier@nimbus.demo,2026-05-30T15:35:00Z,"{""receiptIdEqualsOrderId"": true}"
TAPAS_DOWNTOWN,ORD-TAPAS_DOWNTOWN-00705,RECEIPT_CREATED,cashier@nimbus.demo,2026-05-30T10:55:00Z,"{""receiptIdEqualsOrderId"": true}"
ROOFTOP_BAR,ORD-ROOFTOP_BAR-00707,RECEIPT_CREATED,cashier@nimbus.demo,2026-05-30T11:05:00Z,"{""receiptIdEqualsOrderId"": true}"
ROOFTOP_BAR,ORD-ROOFTOP_BAR-00709,RECEIPT_CREATED,cashier@nimbus.demo,2026-05-30T10:55:00Z,"{""receiptIdEqualsOrderId"": true}"
ROOFTOP_BAR,ORD-ROOFTOP_BAR-00710,RECEIPT_CREATED,cashier@nimbus.demo,2026-05-30T07:55:00Z,"{""receiptIdEqualsOrderId"": true}"
GARDEN_CAFE,ORD-GARDEN_CAFE-00712,RECEIPT_CREATED,cashier@nimbus.demo,2026-05-30T18:05:00Z,"{""receiptIdEqualsOrderId"": true}"
EVENTS_KITCHEN,ORD-EVENTS_KITCHEN-00716,RECEIPT_CREATED,cashier@nimbus.demo,2026-05-30T07:35:00Z,"{""receiptIdEqualsOrderId"": true}"
EVENTS_KITCHEN,ORD-EVENTS_KITCHEN-00717,RECEIPT_CREATED,cashier@nimbus.demo,2026-05-30T16:20:00Z,"{""receiptIdEqualsOrderId"": true}"
EVENTS_KITCHEN,ORD-EVENTS_KITCHEN-00718,RECEIPT_CREATED,cashier@nimbus.demo,2026-05-30T07:55:00Z,"{""receiptIdEqualsOrderId"": true}"
EVENTS_KITCHEN,ORD-EVENTS_KITCHEN-00719,RECEIPT_CREATED,cashier@nimbus.demo,2026-05-30T07:35:00Z,"{""receiptIdEqualsOrderId"": true}"
EVENTS_KITCHEN,ORD-EVENTS_KITCHEN-00720,RECEIPT_CREATED,cashier@nimbus.demo,2026-05-30T18:05:00Z,"{""receiptIdEqualsOrderId"": true}"
TAPAS_DOWNTOWN,ORD-TAPAS_DOWNTOWN-00725,RECEIPT_CREATED,cashier@nimbus.demo,2026-06-01T16:20:00Z,"{""receiptIdEqualsOrderId"": true}"
ROOFTOP_BAR,ORD-ROOFTOP_BAR-00728,RECEIPT_CREATED,cashier@nimbus.demo,2026-06-01T10:35:00Z,"{""receiptIdEqualsOrderId"": true}"
GARDEN_CAFE,ORD-GARDEN_CAFE-00729,RECEIPT_CREATED,cashier@nimbus.demo,2026-06-01T18:05:00Z,"{""receiptIdEqualsOrderId"": true}"
EVENTS_KITCHEN,ORD-EVENTS_KITCHEN-00731,RECEIPT_CREATED,cashier@nimbus.demo,2026-06-01T15:45:00Z,"{""receiptIdEqualsOrderId"": true}"
EVENTS_KITCHEN,ORD-EVENTS_KITCHEN-00732,RECEIPT_CREATED,cashier@nimbus.demo,2026-06-01T09:45:00Z,"{""receiptIdEqualsOrderId"": true}"
TAPAS_DOWNTOWN,ORD-TAPAS_DOWNTOWN-00735,RECEIPT_CREATED,cashier@nimbus.demo,2026-06-02T17:45:00Z,"{""receiptIdEqualsOrderId"": true}"
ROOFTOP_BAR,ORD-ROOFTOP_BAR-00736,RECEIPT_CREATED,cashier@nimbus.demo,2026-06-02T18:20:00Z,"{""receiptIdEqualsOrderId"": true}"
GARDEN_CAFE,ORD-GARDEN_CAFE-00739,RECEIPT_CREATED,cashier@nimbus.demo,2026-06-02T17:45:00Z,"{""receiptIdEqualsOrderId"": true}"
GARDEN_CAFE,ORD-GARDEN_CAFE-00740,RECEIPT_CREATED,cashier@nimbus.demo,2026-06-02T18:20:00Z,"{""receiptIdEqualsOrderId"": true}"
GARDEN_CAFE,ORD-GARDEN_CAFE-00741,RECEIPT_CREATED,cashier@nimbus.demo,2026-06-02T11:20:00Z,"{""receiptIdEqualsOrderId"": true}"
EVENTS_KITCHEN,ORD-EVENTS_KITCHEN-00742,RECEIPT_CREATED,cashier@nimbus.demo,2026-06-02T11:20:00Z,"{""receiptIdEqualsOrderId"": true}"
EVENTS_KITCHEN,ORD-EVENTS_KITCHEN-00744,RECEIPT_CREATED,cashier@nimbus.demo,2026-06-02T07:35:00Z,"{""receiptIdEqualsOrderId"": true}"
EVENTS_KITCHEN,ORD-EVENTS_KITCHEN-00744,RECEIPT_SEND_PENDING,cashier@nimbus.demo,2026-06-02T07:36:00Z,"{""status"": ""PENDING"", ""supported"": false, ""reason"": ""NO_LIVE_DELIVERY_ADAPTER""}"
TAPAS_DOWNTOWN,ORD-TAPAS_DOWNTOWN-00745,RECEIPT_CREATED,cashier@nimbus.demo,2026-06-03T08:05:00Z,"{""receiptIdEqualsOrderId"": true}"
TAPAS_DOWNTOWN,ORD-TAPAS_DOWNTOWN-00746,RECEIPT_CREATED,cashier@nimbus.demo,2026-06-03T07:45:00Z,"{""receiptIdEqualsOrderId"": true}"
TAPAS_DOWNTOWN,ORD-TAPAS_DOWNTOWN-00746,RECEIPT_SEND_PENDING,cashier@nimbus.demo,2026-06-03T07:46:00Z,"{""status"": ""PENDING"", ""supported"": false, ""reason"": ""NO_LIVE_DELIVERY_ADAPTER""}"
TAPAS_DOWNTOWN,ORD-TAPAS_DOWNTOWN-00747,RECEIPT_CREATED,cashier@nimbus.demo,2026-06-03T07:35:00Z,"{""receiptIdEqualsOrderId"": true}"
TAPAS_DOWNTOWN,ORD-TAPAS_DOWNTOWN-00748,RECEIPT_CREATED,cashier@nimbus.demo,2026-06-03T16:05:00Z,"{""receiptIdEqualsOrderId"": true}"
TAPAS_DOWNTOWN,ORD-TAPAS_DOWNTOWN-00748,RECEIPT_SEND_PENDING,cashier@nimbus.demo,2026-06-03T16:06:00Z,"{""status"": ""PENDING"", ""supported"": false, ""reason"": ""NO_LIVE_DELIVERY_ADAPTER""}"
ROOFTOP_BAR,ORD-ROOFTOP_BAR-00749,RECEIPT_CREATED,cashier@nimbus.demo,2026-06-03T09:45:00Z,"{""receiptIdEqualsOrderId"": true}"
ROOFTOP_BAR,ORD-ROOFTOP_BAR-00750,RECEIPT_CREATED,cashier@nimbus.demo,2026-06-03T16:05:00Z,"{""receiptIdEqualsOrderId"": true}"
GARDEN_CAFE,ORD-GARDEN_CAFE-00753,RECEIPT_CREATED,cashier@nimbus.demo,2026-06-03T18:05:00Z,"{""receiptIdEqualsOrderId"": true}"
GARDEN_CAFE,ORD-GARDEN_CAFE-00754,RECEIPT_CREATED,cashier@nimbus.demo,2026-06-03T15:45:00Z,"{""receiptIdEqualsOrderId"": true}"
EVENTS_KITCHEN,ORD-EVENTS_KITCHEN-00757,RECEIPT_CREATED,cashier@nimbus.demo,2026-06-03T16:20:00Z,"{""receiptIdEqualsOrderId"": true}"
EVENTS_KITCHEN,ORD-EVENTS_KITCHEN-00758,RECEIPT_CREATED,cashier@nimbus.demo,2026-06-03T08:05:00Z,"{""receiptIdEqualsOrderId"": true}"
EVENTS_KITCHEN,ORD-EVENTS_KITCHEN-00759,RECEIPT_CREATED,cashier@nimbus.demo,2026-06-03T08:05:00Z,"{""receiptIdEqualsOrderId"": true}"
TAPAS_DOWNTOWN,ORD-TAPAS_DOWNTOWN-00761,RECEIPT_CREATED,cashier@nimbus.demo,2026-06-04T18:05:00Z,"{""receiptIdEqualsOrderId"": true}"
TAPAS_DOWNTOWN,ORD-TAPAS_DOWNTOWN-00761,RECEIPT_SEND_PENDING,cashier@nimbus.demo,2026-06-04T18:06:00Z,"{""status"": ""PENDING"", ""supported"": false, ""reason"": ""NO_LIVE_DELIVERY_ADAPTER""}"
TAPAS_DOWNTOWN,ORD-TAPAS_DOWNTOWN-00764,RECEIPT_CREATED,cashier@nimbus.demo,2026-06-04T18:05:00Z,"{""receiptIdEqualsOrderId"": true}"
TAPAS_DOWNTOWN,ORD-TAPAS_DOWNTOWN-00765,RECEIPT_CREATED,cashier@nimbus.demo,2026-06-04T15:55:00Z,"{""receiptIdEqualsOrderId"": true}"
ROOFTOP_BAR,ORD-ROOFTOP_BAR-00766,RECEIPT_CREATED,cashier@nimbus.demo,2026-06-04T15:35:00Z,"{""receiptIdEqualsOrderId"": true}"
ROOFTOP_BAR,ORD-ROOFTOP_BAR-00767,RECEIPT_CREATED,cashier@nimbus.demo,2026-06-04T09:55:00Z,"{""receiptIdEqualsOrderId"": true}"
ROOFTOP_BAR,ORD-ROOFTOP_BAR-00768,RECEIPT_CREATED,cashier@nimbus.demo,2026-06-04T09:55:00Z,"{""receiptIdEqualsOrderId"": true}"
ROOFTOP_BAR,ORD-ROOFTOP_BAR-00770,RECEIPT_CREATED,cashier@nimbus.demo,2026-06-04T10:05:00Z,"{""receiptIdEqualsOrderId"": true}"
GARDEN_CAFE,ORD-GARDEN_CAFE-00773,RECEIPT_CREATED,cashier@nimbus.demo,2026-06-04T17:55:00Z,"{""receiptIdEqualsOrderId"": true}"
GARDEN_CAFE,ORD-GARDEN_CAFE-00774,RECEIPT_CREATED,cashier@nimbus.demo,2026-06-04T15:45:00Z,"{""receiptIdEqualsOrderId"": true}"
EVENTS_KITCHEN,ORD-EVENTS_KITCHEN-00776,RECEIPT_CREATED,cashier@nimbus.demo,2026-06-04T11:20:00Z,"{""receiptIdEqualsOrderId"": true}"
EVENTS_KITCHEN,ORD-EVENTS_KITCHEN-00777,RECEIPT_CREATED,cashier@nimbus.demo,2026-06-04T10:45:00Z,"{""receiptIdEqualsOrderId"": true}"
EVENTS_KITCHEN,ORD-EVENTS_KITCHEN-00778,RECEIPT_CREATED,cashier@nimbus.demo,2026-06-04T17:55:00Z,"{""receiptIdEqualsOrderId"": true}"
EVENTS_KITCHEN,ORD-EVENTS_KITCHEN-00779,RECEIPT_CREATED,cashier@nimbus.demo,2026-06-04T15:45:00Z,"{""receiptIdEqualsOrderId"": true}"
EVENTS_KITCHEN,ORD-EVENTS_KITCHEN-00779,RECEIPT_SEND_PENDING,cashier@nimbus.demo,2026-06-04T15:46:00Z,"{""status"": ""PENDING"", ""supported"": false, ""reason"": ""NO_LIVE_DELIVERY_ADAPTER""}"
EVENTS_KITCHEN,ORD-EVENTS_KITCHEN-00780,RECEIPT_CREATED,cashier@nimbus.demo,2026-06-04T08:05:00Z,"{""receiptIdEqualsOrderId"": true}"
TAPAS_DOWNTOWN,ORD-TAPAS_DOWNTOWN-00781,RECEIPT_CREATED,cashier@nimbus.demo,2026-06-05T07:55:00Z,"{""receiptIdEqualsOrderId"": true}"
GARDEN_CAFE,ORD-GARDEN_CAFE-00783,RECEIPT_CREATED,cashier@nimbus.demo,2026-06-05T11:20:00Z,"{""receiptIdEqualsOrderId"": true}"
EVENTS_KITCHEN,ORD-EVENTS_KITCHEN-00784,RECEIPT_CREATED,cashier@nimbus.demo,2026-06-05T10:05:00Z,"{""receiptIdEqualsOrderId"": true}"
TAPAS_DOWNTOWN,ORD-TAPAS_DOWNTOWN-00785,RECEIPT_CREATED,cashier@nimbus.demo,2026-06-06T11:05:00Z,"{""receiptIdEqualsOrderId"": true}"
TAPAS_DOWNTOWN,ORD-TAPAS_DOWNTOWN-00786,RECEIPT_CREATED,cashier@nimbus.demo,2026-06-06T10:45:00Z,"{""receiptIdEqualsOrderId"": true}"
ROOFTOP_BAR,ORD-ROOFTOP_BAR-00787,RECEIPT_CREATED,cashier@nimbus.demo,2026-06-06T10:20:00Z,"{""receiptIdEqualsOrderId"": true}"
GARDEN_CAFE,ORD-GARDEN_CAFE-00790,RECEIPT_CREATED,cashier@nimbus.demo,2026-06-06T08:20:00Z,"{""receiptIdEqualsOrderId"": true}"
TAPAS_DOWNTOWN,ORD-TAPAS_DOWNTOWN-00793,RECEIPT_CREATED,cashier@nimbus.demo,2026-06-07T15:35:00Z,"{""receiptIdEqualsOrderId"": true}"
TAPAS_DOWNTOWN,ORD-TAPAS_DOWNTOWN-00794,RECEIPT_CREATED,cashier@nimbus.demo,2026-06-07T08:05:00Z,"{""receiptIdEqualsOrderId"": true}"
TAPAS_DOWNTOWN,ORD-TAPAS_DOWNTOWN-00795,RECEIPT_CREATED,cashier@nimbus.demo,2026-06-07T09:45:00Z,"{""receiptIdEqualsOrderId"": true}"
ROOFTOP_BAR,ORD-ROOFTOP_BAR-00796,RECEIPT_CREATED,cashier@nimbus.demo,2026-06-07T07:45:00Z,"{""receiptIdEqualsOrderId"": true}"
ROOFTOP_BAR,ORD-ROOFTOP_BAR-00797,RECEIPT_CREATED,cashier@nimbus.demo,2026-06-07T09:35:00Z,"{""receiptIdEqualsOrderId"": true}"
ROOFTOP_BAR,ORD-ROOFTOP_BAR-00797,RECEIPT_SEND_PENDING,cashier@nimbus.demo,2026-06-07T09:36:00Z,"{""status"": ""PENDING"", ""supported"": false, ""reason"": ""NO_LIVE_DELIVERY_ADAPTER""}"
ROOFTOP_BAR,ORD-ROOFTOP_BAR-00798,RECEIPT_CREATED,cashier@nimbus.demo,2026-06-07T09:35:00Z,"{""receiptIdEqualsOrderId"": true}"
GARDEN_CAFE,ORD-GARDEN_CAFE-00799,RECEIPT_CREATED,cashier@nimbus.demo,2026-06-07T15:35:00Z,"{""receiptIdEqualsOrderId"": true}"
GARDEN_CAFE,ORD-GARDEN_CAFE-00800,RECEIPT_CREATED,cashier@nimbus.demo,2026-06-07T15:45:00Z,"{""receiptIdEqualsOrderId"": true}"
EVENTS_KITCHEN,ORD-EVENTS_KITCHEN-00803,RECEIPT_CREATED,cashier@nimbus.demo,2026-06-07T10:20:00Z,"{""receiptIdEqualsOrderId"": true}"
TAPAS_DOWNTOWN,ORD-TAPAS_DOWNTOWN-00805,RECEIPT_CREATED,cashier@nimbus.demo,2026-06-08T17:35:00Z,"{""receiptIdEqualsOrderId"": true}"
TAPAS_DOWNTOWN,ORD-TAPAS_DOWNTOWN-00806,RECEIPT_CREATED,cashier@nimbus.demo,2026-06-08T08:05:00Z,"{""receiptIdEqualsOrderId"": true}"
TAPAS_DOWNTOWN,ORD-TAPAS_DOWNTOWN-00808,RECEIPT_CREATED,cashier@nimbus.demo,2026-06-08T15:35:00Z,"{""receiptIdEqualsOrderId"": true}"
ROOFTOP_BAR,ORD-ROOFTOP_BAR-00809,RECEIPT_CREATED,cashier@nimbus.demo,2026-06-08T18:20:00Z,"{""receiptIdEqualsOrderId"": true}"
ROOFTOP_BAR,ORD-ROOFTOP_BAR-00810,RECEIPT_CREATED,cashier@nimbus.demo,2026-06-08T17:55:00Z,"{""receiptIdEqualsOrderId"": true}"
ROOFTOP_BAR,ORD-ROOFTOP_BAR-00811,RECEIPT_CREATED,cashier@nimbus.demo,2026-06-08T16:20:00Z,"{""receiptIdEqualsOrderId"": true}"
ROOFTOP_BAR,ORD-ROOFTOP_BAR-00812,RECEIPT_CREATED,cashier@nimbus.demo,2026-06-08T10:05:00Z,"{""receiptIdEqualsOrderId"": true}"
GARDEN_CAFE,ORD-GARDEN_CAFE-00813,RECEIPT_CREATED,cashier@nimbus.demo,2026-06-08T15:45:00Z,"{""receiptIdEqualsOrderId"": true}"
GARDEN_CAFE,ORD-GARDEN_CAFE-00814,RECEIPT_CREATED,cashier@nimbus.demo,2026-06-08T17:45:00Z,"{""receiptIdEqualsOrderId"": true}"
EVENTS_KITCHEN,ORD-EVENTS_KITCHEN-00817,RECEIPT_CREATED,cashier@nimbus.demo,2026-06-08T11:05:00Z,"{""receiptIdEqualsOrderId"": true}"
EVENTS_KITCHEN,ORD-EVENTS_KITCHEN-00819,RECEIPT_CREATED,cashier@nimbus.demo,2026-06-08T17:55:00Z,"{""receiptIdEqualsOrderId"": true}"
TAPAS_DOWNTOWN,ORD-TAPAS_DOWNTOWN-00821,RECEIPT_CREATED,cashier@nimbus.demo,2026-06-09T15:35:00Z,"{""receiptIdEqualsOrderId"": true}"
TAPAS_DOWNTOWN,ORD-TAPAS_DOWNTOWN-00823,RECEIPT_CREATED,cashier@nimbus.demo,2026-06-09T17:55:00Z,"{""receiptIdEqualsOrderId"": true}"
GARDEN_CAFE,ORD-GARDEN_CAFE-00831,RECEIPT_CREATED,cashier@nimbus.demo,2026-06-09T10:45:00Z,"{""receiptIdEqualsOrderId"": true}"
GARDEN_CAFE,ORD-GARDEN_CAFE-00832,RECEIPT_CREATED,cashier@nimbus.demo,2026-06-09T15:35:00Z,"{""receiptIdEqualsOrderId"": true}"
GARDEN_CAFE,ORD-GARDEN_CAFE-00834,RECEIPT_CREATED,cashier@nimbus.demo,2026-06-09T10:45:00Z,"{""receiptIdEqualsOrderId"": true}"
GARDEN_CAFE,ORD-GARDEN_CAFE-00835,RECEIPT_CREATED,cashier@nimbus.demo,2026-06-09T17:35:00Z,"{""receiptIdEqualsOrderId"": true}"
EVENTS_KITCHEN,ORD-EVENTS_KITCHEN-00836,RECEIPT_CREATED,cashier@nimbus.demo,2026-06-09T10:55:00Z,"{""receiptIdEqualsOrderId"": true}"
EVENTS_KITCHEN,ORD-EVENTS_KITCHEN-00837,RECEIPT_CREATED,cashier@nimbus.demo,2026-06-09T18:20:00Z,"{""receiptIdEqualsOrderId"": true}"
EVENTS_KITCHEN,ORD-EVENTS_KITCHEN-00838,RECEIPT_CREATED,cashier@nimbus.demo,2026-06-09T10:55:00Z,"{""receiptIdEqualsOrderId"": true}"
EVENTS_KITCHEN,ORD-EVENTS_KITCHEN-00840,RECEIPT_CREATED,cashier@nimbus.demo,2026-06-09T15:35:00Z,"{""receiptIdEqualsOrderId"": true}"
GARDEN_CAFE,ORD-GARDEN_CAFE-00843,RECEIPT_CREATED,cashier@nimbus.demo,2026-06-10T09:35:00Z,"{""receiptIdEqualsOrderId"": true}"
TAPAS_DOWNTOWN,ORD-TAPAS_DOWNTOWN-00846,RECEIPT_CREATED,cashier@nimbus.demo,2026-06-11T08:05:00Z,"{""receiptIdEqualsOrderId"": true}"
ROOFTOP_BAR,ORD-ROOFTOP_BAR-00848,RECEIPT_CREATED,cashier@nimbus.demo,2026-06-11T10:55:00Z,"{""receiptIdEqualsOrderId"": true}"
EVENTS_KITCHEN,ORD-EVENTS_KITCHEN-00851,RECEIPT_CREATED,cashier@nimbus.demo,2026-06-11T09:35:00Z,"{""receiptIdEqualsOrderId"": true}"
EVENTS_KITCHEN,ORD-EVENTS_KITCHEN-00852,RECEIPT_CREATED,cashier@nimbus.demo,2026-06-11T11:05:00Z,"{""receiptIdEqualsOrderId"": true}"
TAPAS_DOWNTOWN,ORD-TAPAS_DOWNTOWN-00853,RECEIPT_CREATED,cashier@nimbus.demo,2026-06-12T09:45:00Z,"{""receiptIdEqualsOrderId"": true}"
TAPAS_DOWNTOWN,ORD-TAPAS_DOWNTOWN-00854,RECEIPT_CREATED,cashier@nimbus.demo,2026-06-12T15:55:00Z,"{""receiptIdEqualsOrderId"": true}"
TAPAS_DOWNTOWN,ORD-TAPAS_DOWNTOWN-00855,RECEIPT_CREATED,cashier@nimbus.demo,2026-06-12T07:55:00Z,"{""receiptIdEqualsOrderId"": true}"
ROOFTOP_BAR,ORD-ROOFTOP_BAR-00856,RECEIPT_CREATED,cashier@nimbus.demo,2026-06-12T09:55:00Z,"{""receiptIdEqualsOrderId"": true}"
GARDEN_CAFE,ORD-GARDEN_CAFE-00859,RECEIPT_CREATED,cashier@nimbus.demo,2026-06-12T17:45:00Z,"{""receiptIdEqualsOrderId"": true}"
GARDEN_CAFE,ORD-GARDEN_CAFE-00860,RECEIPT_CREATED,cashier@nimbus.demo,2026-06-12T16:05:00Z,"{""receiptIdEqualsOrderId"": true}"
GARDEN_CAFE,ORD-GARDEN_CAFE-00861,RECEIPT_CREATED,cashier@nimbus.demo,2026-06-12T11:05:00Z,"{""receiptIdEqualsOrderId"": true}"
EVENTS_KITCHEN,ORD-EVENTS_KITCHEN-00863,RECEIPT_CREATED,cashier@nimbus.demo,2026-06-12T16:20:00Z,"{""receiptIdEqualsOrderId"": true}"
EVENTS_KITCHEN,ORD-EVENTS_KITCHEN-00864,RECEIPT_CREATED,cashier@nimbus.demo,2026-06-12T09:35:00Z,"{""receiptIdEqualsOrderId"": true}"
TAPAS_DOWNTOWN,ORD-TAPAS_DOWNTOWN-00865,RECEIPT_CREATED,cashier@nimbus.demo,2026-06-13T09:35:00Z,"{""receiptIdEqualsOrderId"": true}"
TAPAS_DOWNTOWN,ORD-TAPAS_DOWNTOWN-00868,RECEIPT_CREATED,cashier@nimbus.demo,2026-06-13T10:35:00Z,"{""receiptIdEqualsOrderId"": true}"
ROOFTOP_BAR,ORD-ROOFTOP_BAR-00869,RECEIPT_CREATED,cashier@nimbus.demo,2026-06-13T08:20:00Z,"{""receiptIdEqualsOrderId"": true}"
ROOFTOP_BAR,ORD-ROOFTOP_BAR-00872,RECEIPT_CREATED,cashier@nimbus.demo,2026-06-13T10:35:00Z,"{""receiptIdEqualsOrderId"": true}"
GARDEN_CAFE,ORD-GARDEN_CAFE-00874,RECEIPT_CREATED,cashier@nimbus.demo,2026-06-13T09:55:00Z,"{""receiptIdEqualsOrderId"": true}"
GARDEN_CAFE,ORD-GARDEN_CAFE-00875,RECEIPT_CREATED,cashier@nimbus.demo,2026-06-13T15:45:00Z,"{""receiptIdEqualsOrderId"": true}"
GARDEN_CAFE,ORD-GARDEN_CAFE-00876,RECEIPT_CREATED,cashier@nimbus.demo,2026-06-13T11:20:00Z,"{""receiptIdEqualsOrderId"": true}"
EVENTS_KITCHEN,ORD-EVENTS_KITCHEN-00877,RECEIPT_CREATED,cashier@nimbus.demo,2026-06-13T10:55:00Z,"{""receiptIdEqualsOrderId"": true}"
EVENTS_KITCHEN,ORD-EVENTS_KITCHEN-00878,RECEIPT_CREATED,cashier@nimbus.demo,2026-06-13T17:45:00Z,"{""receiptIdEqualsOrderId"": true}"
EVENTS_KITCHEN,ORD-EVENTS_KITCHEN-00880,RECEIPT_CREATED,cashier@nimbus.demo,2026-06-13T11:20:00Z,"{""receiptIdEqualsOrderId"": true}"
TAPAS_DOWNTOWN,ORD-TAPAS_DOWNTOWN-00881,RECEIPT_CREATED,cashier@nimbus.demo,2026-06-14T07:35:00Z,"{""receiptIdEqualsOrderId"": true}"
TAPAS_DOWNTOWN,ORD-TAPAS_DOWNTOWN-00882,RECEIPT_CREATED,cashier@nimbus.demo,2026-06-14T10:35:00Z,"{""receiptIdEqualsOrderId"": true}"
TAPAS_DOWNTOWN,ORD-TAPAS_DOWNTOWN-00883,RECEIPT_CREATED,cashier@nimbus.demo,2026-06-14T15:55:00Z,"{""receiptIdEqualsOrderId"": true}"
TAPAS_DOWNTOWN,ORD-TAPAS_DOWNTOWN-00883,RECEIPT_SEND_PENDING,cashier@nimbus.demo,2026-06-14T15:56:00Z,"{""status"": ""PENDING"", ""supported"": false, ""reason"": ""NO_LIVE_DELIVERY_ADAPTER""}"
TAPAS_DOWNTOWN,ORD-TAPAS_DOWNTOWN-00884,RECEIPT_CREATED,cashier@nimbus.demo,2026-06-14T17:35:00Z,"{""receiptIdEqualsOrderId"": true}"
TAPAS_DOWNTOWN,ORD-TAPAS_DOWNTOWN-00885,RECEIPT_CREATED,cashier@nimbus.demo,2026-06-14T11:05:00Z,"{""receiptIdEqualsOrderId"": true}"
ROOFTOP_BAR,ORD-ROOFTOP_BAR-00886,RECEIPT_CREATED,cashier@nimbus.demo,2026-06-14T17:55:00Z,"{""receiptIdEqualsOrderId"": true}"
ROOFTOP_BAR,ORD-ROOFTOP_BAR-00887,RECEIPT_CREATED,cashier@nimbus.demo,2026-06-14T10:20:00Z,"{""receiptIdEqualsOrderId"": true}"
ROOFTOP_BAR,ORD-ROOFTOP_BAR-00888,RECEIPT_CREATED,cashier@nimbus.demo,2026-06-14T07:45:00Z,"{""receiptIdEqualsOrderId"": true}"
ROOFTOP_BAR,ORD-ROOFTOP_BAR-00889,RECEIPT_CREATED,cashier@nimbus.demo,2026-06-14T10:55:00Z,"{""receiptIdEqualsOrderId"": true}"
ROOFTOP_BAR,ORD-ROOFTOP_BAR-00890,RECEIPT_CREATED,cashier@nimbus.demo,2026-06-14T09:45:00Z,"{""receiptIdEqualsOrderId"": true}"
GARDEN_CAFE,ORD-GARDEN_CAFE-00893,RECEIPT_CREATED,cashier@nimbus.demo,2026-06-14T17:45:00Z,"{""receiptIdEqualsOrderId"": true}"
EVENTS_KITCHEN,ORD-EVENTS_KITCHEN-00897,RECEIPT_CREATED,cashier@nimbus.demo,2026-06-14T17:35:00Z,"{""receiptIdEqualsOrderId"": true}"
EVENTS_KITCHEN,ORD-EVENTS_KITCHEN-00898,RECEIPT_CREATED,cashier@nimbus.demo,2026-06-14T17:45:00Z,"{""receiptIdEqualsOrderId"": true}"
EVENTS_KITCHEN,ORD-EVENTS_KITCHEN-00899,RECEIPT_CREATED,cashier@nimbus.demo,2026-06-14T17:45:00Z,"{""receiptIdEqualsOrderId"": true}"
TAPAS_DOWNTOWN,ORD-TAPAS_DOWNTOWN-00901,RECEIPT_CREATED,cashier@nimbus.demo,2026-06-15T09:55:00Z,"{""receiptIdEqualsOrderId"": true}"
ROOFTOP_BAR,ORD-ROOFTOP_BAR-00902,RECEIPT_CREATED,cashier@nimbus.demo,2026-06-15T15:45:00Z,"{""receiptIdEqualsOrderId"": true}"
EVENTS_KITCHEN,ORD-EVENTS_KITCHEN-00904,RECEIPT_CREATED,cashier@nimbus.demo,2026-06-15T17:45:00Z,"{""receiptIdEqualsOrderId"": true}"
TAPAS_DOWNTOWN,ORD-TAPAS_DOWNTOWN-00906,RECEIPT_CREATED,cashier@nimbus.demo,2026-06-16T15:55:00Z,"{""receiptIdEqualsOrderId"": true}"
ROOFTOP_BAR,ORD-ROOFTOP_BAR-00909,RECEIPT_CREATED,cashier@nimbus.demo,2026-06-16T11:05:00Z,"{""receiptIdEqualsOrderId"": true}"
ROOFTOP_BAR,ORD-ROOFTOP_BAR-00910,RECEIPT_CREATED,cashier@nimbus.demo,2026-06-16T09:55:00Z,"{""receiptIdEqualsOrderId"": true}"
ROOFTOP_BAR,ORD-ROOFTOP_BAR-00911,RECEIPT_CREATED,cashier@nimbus.demo,2026-06-16T07:45:00Z,"{""receiptIdEqualsOrderId"": true}"
ROOFTOP_BAR,ORD-ROOFTOP_BAR-00912,RECEIPT_CREATED,cashier@nimbus.demo,2026-06-16T16:05:00Z,"{""receiptIdEqualsOrderId"": true}"
GARDEN_CAFE,ORD-GARDEN_CAFE-00913,RECEIPT_CREATED,cashier@nimbus.demo,2026-06-16T17:45:00Z,"{""receiptIdEqualsOrderId"": true}"
GARDEN_CAFE,ORD-GARDEN_CAFE-00913,RECEIPT_SEND_PENDING,cashier@nimbus.demo,2026-06-16T17:46:00Z,"{""status"": ""PENDING"", ""supported"": false, ""reason"": ""NO_LIVE_DELIVERY_ADAPTER""}"
GARDEN_CAFE,ORD-GARDEN_CAFE-00914,RECEIPT_CREATED,cashier@nimbus.demo,2026-06-16T07:35:00Z,"{""receiptIdEqualsOrderId"": true}"
GARDEN_CAFE,ORD-GARDEN_CAFE-00915,RECEIPT_CREATED,cashier@nimbus.demo,2026-06-16T17:55:00Z,"{""receiptIdEqualsOrderId"": true}"
GARDEN_CAFE,ORD-GARDEN_CAFE-00916,RECEIPT_CREATED,cashier@nimbus.demo,2026-06-16T07:35:00Z,"{""receiptIdEqualsOrderId"": true}"
EVENTS_KITCHEN,ORD-EVENTS_KITCHEN-00917,RECEIPT_CREATED,cashier@nimbus.demo,2026-06-16T16:20:00Z,"{""receiptIdEqualsOrderId"": true}"
EVENTS_KITCHEN,ORD-EVENTS_KITCHEN-00918,RECEIPT_CREATED,cashier@nimbus.demo,2026-06-16T10:05:00Z,"{""receiptIdEqualsOrderId"": true}"
EVENTS_KITCHEN,ORD-EVENTS_KITCHEN-00920,RECEIPT_CREATED,cashier@nimbus.demo,2026-06-16T18:20:00Z,"{""receiptIdEqualsOrderId"": true}"
TAPAS_DOWNTOWN,ORD-TAPAS_DOWNTOWN-00921,RECEIPT_CREATED,cashier@nimbus.demo,2026-06-17T09:55:00Z,"{""receiptIdEqualsOrderId"": true}"
TAPAS_DOWNTOWN,ORD-TAPAS_DOWNTOWN-00922,RECEIPT_CREATED,cashier@nimbus.demo,2026-06-17T17:45:00Z,"{""receiptIdEqualsOrderId"": true}"
TAPAS_DOWNTOWN,ORD-TAPAS_DOWNTOWN-00923,RECEIPT_CREATED,cashier@nimbus.demo,2026-06-17T11:05:00Z,"{""receiptIdEqualsOrderId"": true}"
TAPAS_DOWNTOWN,ORD-TAPAS_DOWNTOWN-00924,RECEIPT_CREATED,cashier@nimbus.demo,2026-06-17T18:20:00Z,"{""receiptIdEqualsOrderId"": true}"
TAPAS_DOWNTOWN,ORD-TAPAS_DOWNTOWN-00925,RECEIPT_CREATED,cashier@nimbus.demo,2026-06-17T10:20:00Z,"{""receiptIdEqualsOrderId"": true}"
TAPAS_DOWNTOWN,ORD-TAPAS_DOWNTOWN-00925,RECEIPT_SEND_PENDING,cashier@nimbus.demo,2026-06-17T10:21:00Z,"{""status"": ""PENDING"", ""supported"": false, ""reason"": ""NO_LIVE_DELIVERY_ADAPTER""}"
ROOFTOP_BAR,ORD-ROOFTOP_BAR-00928,RECEIPT_CREATED,cashier@nimbus.demo,2026-06-17T07:35:00Z,"{""receiptIdEqualsOrderId"": true}"
ROOFTOP_BAR,ORD-ROOFTOP_BAR-00929,RECEIPT_CREATED,cashier@nimbus.demo,2026-06-17T15:45:00Z,"{""receiptIdEqualsOrderId"": true}"
GARDEN_CAFE,ORD-GARDEN_CAFE-00931,RECEIPT_CREATED,cashier@nimbus.demo,2026-06-17T10:35:00Z,"{""receiptIdEqualsOrderId"": true}"
GARDEN_CAFE,ORD-GARDEN_CAFE-00933,RECEIPT_CREATED,cashier@nimbus.demo,2026-06-17T09:35:00Z,"{""receiptIdEqualsOrderId"": true}"
GARDEN_CAFE,ORD-GARDEN_CAFE-00934,RECEIPT_CREATED,cashier@nimbus.demo,2026-06-17T11:05:00Z,"{""receiptIdEqualsOrderId"": true}"
EVENTS_KITCHEN,ORD-EVENTS_KITCHEN-00936,RECEIPT_CREATED,cashier@nimbus.demo,2026-06-17T17:45:00Z,"{""receiptIdEqualsOrderId"": true}"
EVENTS_KITCHEN,ORD-EVENTS_KITCHEN-00938,RECEIPT_CREATED,cashier@nimbus.demo,2026-06-17T07:55:00Z,"{""receiptIdEqualsOrderId"": true}"
EVENTS_KITCHEN,ORD-EVENTS_KITCHEN-00940,RECEIPT_CREATED,cashier@nimbus.demo,2026-06-17T17:35:00Z,"{""receiptIdEqualsOrderId"": true}"
TAPAS_DOWNTOWN,ORD-TAPAS_DOWNTOWN-00941,RECEIPT_CREATED,cashier@nimbus.demo,2026-06-18T15:35:00Z,"{""receiptIdEqualsOrderId"": true}"
TAPAS_DOWNTOWN,ORD-TAPAS_DOWNTOWN-00943,RECEIPT_CREATED,cashier@nimbus.demo,2026-06-18T10:20:00Z,"{""receiptIdEqualsOrderId"": true}"
TAPAS_DOWNTOWN,ORD-TAPAS_DOWNTOWN-00944,RECEIPT_CREATED,cashier@nimbus.demo,2026-06-18T07:45:00Z,"{""receiptIdEqualsOrderId"": true}"
ROOFTOP_BAR,ORD-ROOFTOP_BAR-00947,RECEIPT_CREATED,cashier@nimbus.demo,2026-06-18T11:05:00Z,"{""receiptIdEqualsOrderId"": true}"
ROOFTOP_BAR,ORD-ROOFTOP_BAR-00948,RECEIPT_CREATED,cashier@nimbus.demo,2026-06-18T10:55:00Z,"{""receiptIdEqualsOrderId"": true}"
ROOFTOP_BAR,ORD-ROOFTOP_BAR-00950,RECEIPT_CREATED,cashier@nimbus.demo,2026-06-18T16:05:00Z,"{""receiptIdEqualsOrderId"": true}"
ROOFTOP_BAR,ORD-ROOFTOP_BAR-00952,RECEIPT_CREATED,cashier@nimbus.demo,2026-06-18T16:20:00Z,"{""receiptIdEqualsOrderId"": true}"
GARDEN_CAFE,ORD-GARDEN_CAFE-00953,RECEIPT_CREATED,cashier@nimbus.demo,2026-06-18T10:35:00Z,"{""receiptIdEqualsOrderId"": true}"
GARDEN_CAFE,ORD-GARDEN_CAFE-00954,RECEIPT_CREATED,cashier@nimbus.demo,2026-06-18T17:45:00Z,"{""receiptIdEqualsOrderId"": true}"
GARDEN_CAFE,ORD-GARDEN_CAFE-00957,RECEIPT_CREATED,cashier@nimbus.demo,2026-06-18T08:20:00Z,"{""receiptIdEqualsOrderId"": true}"
EVENTS_KITCHEN,ORD-EVENTS_KITCHEN-00959,RECEIPT_CREATED,cashier@nimbus.demo,2026-06-18T07:45:00Z,"{""receiptIdEqualsOrderId"": true}"
EVENTS_KITCHEN,ORD-EVENTS_KITCHEN-00960,RECEIPT_CREATED,cashier@nimbus.demo,2026-06-18T10:05:00Z,"{""receiptIdEqualsOrderId"": true}"
EVENTS_KITCHEN,ORD-EVENTS_KITCHEN-00962,RECEIPT_CREATED,cashier@nimbus.demo,2026-06-18T11:05:00Z,"{""receiptIdEqualsOrderId"": true}"
EVENTS_KITCHEN,ORD-EVENTS_KITCHEN-00964,RECEIPT_CREATED,cashier@nimbus.demo,2026-06-18T10:45:00Z,"{""receiptIdEqualsOrderId"": true}"
TAPAS_DOWNTOWN,ORD-TAPAS_DOWNTOWN-00966,RECEIPT_CREATED,cashier@nimbus.demo,2026-06-19T09:55:00Z,"{""receiptIdEqualsOrderId"": true}"
TAPAS_DOWNTOWN,ORD-TAPAS_DOWNTOWN-00967,RECEIPT_CREATED,cashier@nimbus.demo,2026-06-19T10:20:00Z,"{""receiptIdEqualsOrderId"": true}"
TAPAS_DOWNTOWN,ORD-TAPAS_DOWNTOWN-00970,RECEIPT_CREATED,cashier@nimbus.demo,2026-06-19T08:20:00Z,"{""receiptIdEqualsOrderId"": true}"
TAPAS_DOWNTOWN,ORD-TAPAS_DOWNTOWN-00971,RECEIPT_CREATED,cashier@nimbus.demo,2026-06-19T10:05:00Z,"{""receiptIdEqualsOrderId"": true}"
ROOFTOP_BAR,ORD-ROOFTOP_BAR-00972,RECEIPT_CREATED,cashier@nimbus.demo,2026-06-19T07:55:00Z,"{""receiptIdEqualsOrderId"": true}"
ROOFTOP_BAR,ORD-ROOFTOP_BAR-00974,RECEIPT_CREATED,cashier@nimbus.demo,2026-06-19T09:45:00Z,"{""receiptIdEqualsOrderId"": true}"
ROOFTOP_BAR,ORD-ROOFTOP_BAR-00976,RECEIPT_CREATED,cashier@nimbus.demo,2026-06-19T07:35:00Z,"{""receiptIdEqualsOrderId"": true}"
ROOFTOP_BAR,ORD-ROOFTOP_BAR-00978,RECEIPT_CREATED,cashier@nimbus.demo,2026-06-19T10:20:00Z,"{""receiptIdEqualsOrderId"": true}"
GARDEN_CAFE,ORD-GARDEN_CAFE-00980,RECEIPT_CREATED,cashier@nimbus.demo,2026-06-19T08:20:00Z,"{""receiptIdEqualsOrderId"": true}"
GARDEN_CAFE,ORD-GARDEN_CAFE-00981,RECEIPT_CREATED,cashier@nimbus.demo,2026-06-19T17:45:00Z,"{""receiptIdEqualsOrderId"": true}"
GARDEN_CAFE,ORD-GARDEN_CAFE-00982,RECEIPT_CREATED,cashier@nimbus.demo,2026-06-19T07:55:00Z,"{""receiptIdEqualsOrderId"": true}"
GARDEN_CAFE,ORD-GARDEN_CAFE-00982,RECEIPT_SEND_PENDING,cashier@nimbus.demo,2026-06-19T07:56:00Z,"{""status"": ""PENDING"", ""supported"": false, ""reason"": ""NO_LIVE_DELIVERY_ADAPTER""}"
GARDEN_CAFE,ORD-GARDEN_CAFE-00983,RECEIPT_CREATED,cashier@nimbus.demo,2026-06-19T17:45:00Z,"{""receiptIdEqualsOrderId"": true}"
GARDEN_CAFE,ORD-GARDEN_CAFE-00983,RECEIPT_SEND_PENDING,cashier@nimbus.demo,2026-06-19T17:46:00Z,"{""status"": ""PENDING"", ""supported"": false, ""reason"": ""NO_LIVE_DELIVERY_ADAPTER""}"
GARDEN_CAFE,ORD-GARDEN_CAFE-00984,RECEIPT_CREATED,cashier@nimbus.demo,2026-06-19T09:35:00Z,"{""receiptIdEqualsOrderId"": true}"
GARDEN_CAFE,ORD-GARDEN_CAFE-00985,RECEIPT_CREATED,cashier@nimbus.demo,2026-06-19T11:20:00Z,"{""receiptIdEqualsOrderId"": true}"
EVENTS_KITCHEN,ORD-EVENTS_KITCHEN-00986,RECEIPT_CREATED,cashier@nimbus.demo,2026-06-19T15:35:00Z,"{""receiptIdEqualsOrderId"": true}"
EVENTS_KITCHEN,ORD-EVENTS_KITCHEN-00987,RECEIPT_CREATED,cashier@nimbus.demo,2026-06-19T08:05:00Z,"{""receiptIdEqualsOrderId"": true}"
EVENTS_KITCHEN,ORD-EVENTS_KITCHEN-00989,RECEIPT_CREATED,cashier@nimbus.demo,2026-06-19T11:05:00Z,"{""receiptIdEqualsOrderId"": true}"
EVENTS_KITCHEN,ORD-EVENTS_KITCHEN-00990,RECEIPT_CREATED,cashier@nimbus.demo,2026-06-19T08:05:00Z,"{""receiptIdEqualsOrderId"": true}"
EVENTS_KITCHEN,ORD-EVENTS_KITCHEN-00991,RECEIPT_CREATED,cashier@nimbus.demo,2026-06-19T10:20:00Z,"{""receiptIdEqualsOrderId"": true}"
TAPAS_DOWNTOWN,ORD-TAPAS_DOWNTOWN-00993,RECEIPT_CREATED,cashier@nimbus.demo,2026-06-20T10:05:00Z,"{""receiptIdEqualsOrderId"": true}"
ROOFTOP_BAR,ORD-ROOFTOP_BAR-00996,RECEIPT_CREATED,cashier@nimbus.demo,2026-06-20T11:05:00Z,"{""receiptIdEqualsOrderId"": true}"
ROOFTOP_BAR,ORD-ROOFTOP_BAR-00997,RECEIPT_CREATED,cashier@nimbus.demo,2026-06-20T11:05:00Z,"{""receiptIdEqualsOrderId"": true}"
ROOFTOP_BAR,ORD-ROOFTOP_BAR-00998,RECEIPT_CREATED,cashier@nimbus.demo,2026-06-20T09:55:00Z,"{""receiptIdEqualsOrderId"": true}"
GARDEN_CAFE,ORD-GARDEN_CAFE-01000,RECEIPT_CREATED,cashier@nimbus.demo,2026-06-20T17:45:00Z,"{""receiptIdEqualsOrderId"": true}"
GARDEN_CAFE,ORD-GARDEN_CAFE-01001,RECEIPT_CREATED,cashier@nimbus.demo,2026-06-20T09:55:00Z,"{""receiptIdEqualsOrderId"": true}"
EVENTS_KITCHEN,ORD-EVENTS_KITCHEN-01002,RECEIPT_CREATED,cashier@nimbus.demo,2026-06-20T17:45:00Z,"{""receiptIdEqualsOrderId"": true}"
EVENTS_KITCHEN,ORD-EVENTS_KITCHEN-01002,RECEIPT_SEND_PENDING,cashier@nimbus.demo,2026-06-20T17:46:00Z,"{""status"": ""PENDING"", ""supported"": false, ""reason"": ""NO_LIVE_DELIVERY_ADAPTER""}"
EVENTS_KITCHEN,ORD-EVENTS_KITCHEN-01003,RECEIPT_CREATED,cashier@nimbus.demo,2026-06-20T10:20:00Z,"{""receiptIdEqualsOrderId"": true}"
TAPAS_DOWNTOWN,ORD-TAPAS_DOWNTOWN-01006,RECEIPT_CREATED,cashier@nimbus.demo,2026-06-21T15:35:00Z,"{""receiptIdEqualsOrderId"": true}"
TAPAS_DOWNTOWN,ORD-TAPAS_DOWNTOWN-01007,RECEIPT_CREATED,cashier@nimbus.demo,2026-06-21T08:20:00Z,"{""receiptIdEqualsOrderId"": true}"
TAPAS_DOWNTOWN,ORD-TAPAS_DOWNTOWN-01007,RECEIPT_SEND_PENDING,cashier@nimbus.demo,2026-06-21T08:21:00Z,"{""status"": ""PENDING"", ""supported"": false, ""reason"": ""NO_LIVE_DELIVERY_ADAPTER""}"
ROOFTOP_BAR,ORD-ROOFTOP_BAR-01011,RECEIPT_CREATED,cashier@nimbus.demo,2026-06-21T16:20:00Z,"{""receiptIdEqualsOrderId"": true}"
GARDEN_CAFE,ORD-GARDEN_CAFE-01013,RECEIPT_CREATED,cashier@nimbus.demo,2026-06-21T11:20:00Z,"{""receiptIdEqualsOrderId"": true}"
GARDEN_CAFE,ORD-GARDEN_CAFE-01014,RECEIPT_CREATED,cashier@nimbus.demo,2026-06-21T15:55:00Z,"{""receiptIdEqualsOrderId"": true}"
EVENTS_KITCHEN,ORD-EVENTS_KITCHEN-01017,RECEIPT_CREATED,cashier@nimbus.demo,2026-06-21T10:55:00Z,"{""receiptIdEqualsOrderId"": true}"
EVENTS_KITCHEN,ORD-EVENTS_KITCHEN-01018,RECEIPT_CREATED,cashier@nimbus.demo,2026-06-21T15:35:00Z,"{""receiptIdEqualsOrderId"": true}"
EVENTS_KITCHEN,ORD-EVENTS_KITCHEN-01020,RECEIPT_CREATED,cashier@nimbus.demo,2026-06-21T10:45:00Z,"{""receiptIdEqualsOrderId"": true}"
TAPAS_DOWNTOWN,ORD-TAPAS_DOWNTOWN-01022,RECEIPT_CREATED,cashier@nimbus.demo,2026-06-22T08:05:00Z,"{""receiptIdEqualsOrderId"": true}"
TAPAS_DOWNTOWN,ORD-TAPAS_DOWNTOWN-01024,RECEIPT_CREATED,cashier@nimbus.demo,2026-06-22T16:20:00Z,"{""receiptIdEqualsOrderId"": true}"
TAPAS_DOWNTOWN,ORD-TAPAS_DOWNTOWN-01025,RECEIPT_CREATED,cashier@nimbus.demo,2026-06-22T09:35:00Z,"{""receiptIdEqualsOrderId"": true}"
ROOFTOP_BAR,ORD-ROOFTOP_BAR-01026,RECEIPT_CREATED,cashier@nimbus.demo,2026-06-22T11:05:00Z,"{""receiptIdEqualsOrderId"": true}"
ROOFTOP_BAR,ORD-ROOFTOP_BAR-01026,RECEIPT_SEND_PENDING,cashier@nimbus.demo,2026-06-22T11:06:00Z,"{""status"": ""PENDING"", ""supported"": false, ""reason"": ""NO_LIVE_DELIVERY_ADAPTER""}"
ROOFTOP_BAR,ORD-ROOFTOP_BAR-01027,RECEIPT_CREATED,cashier@nimbus.demo,2026-06-22T09:45:00Z,"{""receiptIdEqualsOrderId"": true}"
ROOFTOP_BAR,ORD-ROOFTOP_BAR-01029,RECEIPT_CREATED,cashier@nimbus.demo,2026-06-22T07:35:00Z,"{""receiptIdEqualsOrderId"": true}"
ROOFTOP_BAR,ORD-ROOFTOP_BAR-01030,RECEIPT_CREATED,cashier@nimbus.demo,2026-06-22T10:20:00Z,"{""receiptIdEqualsOrderId"": true}"
GARDEN_CAFE,ORD-GARDEN_CAFE-01031,RECEIPT_CREATED,cashier@nimbus.demo,2026-06-22T08:05:00Z,"{""receiptIdEqualsOrderId"": true}"
GARDEN_CAFE,ORD-GARDEN_CAFE-01032,RECEIPT_CREATED,cashier@nimbus.demo,2026-06-22T09:45:00Z,"{""receiptIdEqualsOrderId"": true}"
GARDEN_CAFE,ORD-GARDEN_CAFE-01033,RECEIPT_CREATED,cashier@nimbus.demo,2026-06-22T18:20:00Z,"{""receiptIdEqualsOrderId"": true}"
EVENTS_KITCHEN,ORD-EVENTS_KITCHEN-01036,RECEIPT_CREATED,cashier@nimbus.demo,2026-06-22T17:55:00Z,"{""receiptIdEqualsOrderId"": true}"
EVENTS_KITCHEN,ORD-EVENTS_KITCHEN-01038,RECEIPT_CREATED,cashier@nimbus.demo,2026-06-22T10:35:00Z,"{""receiptIdEqualsOrderId"": true}"
EVENTS_KITCHEN,ORD-EVENTS_KITCHEN-01039,RECEIPT_CREATED,cashier@nimbus.demo,2026-06-22T07:35:00Z,"{""receiptIdEqualsOrderId"": true}"
EVENTS_KITCHEN,ORD-EVENTS_KITCHEN-01040,RECEIPT_CREATED,cashier@nimbus.demo,2026-06-22T11:20:00Z,"{""receiptIdEqualsOrderId"": true}"
TAPAS_DOWNTOWN,ORD-TAPAS_DOWNTOWN-01041,RECEIPT_CREATED,cashier@nimbus.demo,2026-06-23T17:35:00Z,"{""receiptIdEqualsOrderId"": true}"
TAPAS_DOWNTOWN,ORD-TAPAS_DOWNTOWN-01042,RECEIPT_CREATED,cashier@nimbus.demo,2026-06-23T18:20:00Z,"{""receiptIdEqualsOrderId"": true}"
TAPAS_DOWNTOWN,ORD-TAPAS_DOWNTOWN-01046,RECEIPT_CREATED,cashier@nimbus.demo,2026-06-23T09:55:00Z,"{""receiptIdEqualsOrderId"": true}"
ROOFTOP_BAR,ORD-ROOFTOP_BAR-01048,RECEIPT_CREATED,cashier@nimbus.demo,2026-06-23T15:55:00Z,"{""receiptIdEqualsOrderId"": true}"
ROOFTOP_BAR,ORD-ROOFTOP_BAR-01049,RECEIPT_CREATED,cashier@nimbus.demo,2026-06-23T15:45:00Z,"{""receiptIdEqualsOrderId"": true}"
ROOFTOP_BAR,ORD-ROOFTOP_BAR-01050,RECEIPT_CREATED,cashier@nimbus.demo,2026-06-23T15:35:00Z,"{""receiptIdEqualsOrderId"": true}"
ROOFTOP_BAR,ORD-ROOFTOP_BAR-01051,RECEIPT_CREATED,cashier@nimbus.demo,2026-06-23T15:45:00Z,"{""receiptIdEqualsOrderId"": true}"
ROOFTOP_BAR,ORD-ROOFTOP_BAR-01052,RECEIPT_CREATED,cashier@nimbus.demo,2026-06-23T10:20:00Z,"{""receiptIdEqualsOrderId"": true}"
GARDEN_CAFE,ORD-GARDEN_CAFE-01053,RECEIPT_CREATED,cashier@nimbus.demo,2026-06-23T17:35:00Z,"{""receiptIdEqualsOrderId"": true}"
GARDEN_CAFE,ORD-GARDEN_CAFE-01053,RECEIPT_SEND_PENDING,cashier@nimbus.demo,2026-06-23T17:36:00Z,"{""status"": ""PENDING"", ""supported"": false, ""reason"": ""NO_LIVE_DELIVERY_ADAPTER""}"
GARDEN_CAFE,ORD-GARDEN_CAFE-01055,RECEIPT_CREATED,cashier@nimbus.demo,2026-06-23T07:55:00Z,"{""receiptIdEqualsOrderId"": true}"
GARDEN_CAFE,ORD-GARDEN_CAFE-01058,RECEIPT_CREATED,cashier@nimbus.demo,2026-06-23T15:35:00Z,"{""receiptIdEqualsOrderId"": true}"
EVENTS_KITCHEN,ORD-EVENTS_KITCHEN-01059,RECEIPT_CREATED,cashier@nimbus.demo,2026-06-23T17:55:00Z,"{""receiptIdEqualsOrderId"": true}"
EVENTS_KITCHEN,ORD-EVENTS_KITCHEN-01060,RECEIPT_CREATED,cashier@nimbus.demo,2026-06-23T09:35:00Z,"{""receiptIdEqualsOrderId"": true}"
EVENTS_KITCHEN,ORD-EVENTS_KITCHEN-01061,RECEIPT_CREATED,cashier@nimbus.demo,2026-06-23T08:20:00Z,"{""receiptIdEqualsOrderId"": true}"
EVENTS_KITCHEN,ORD-EVENTS_KITCHEN-01062,RECEIPT_CREATED,cashier@nimbus.demo,2026-06-23T17:45:00Z,"{""receiptIdEqualsOrderId"": true}"
TAPAS_DOWNTOWN,ORD-TAPAS_DOWNTOWN-01065,RECEIPT_CREATED,cashier@nimbus.demo,2026-06-24T15:35:00Z,"{""receiptIdEqualsOrderId"": true}"
TAPAS_DOWNTOWN,ORD-TAPAS_DOWNTOWN-01066,RECEIPT_CREATED,cashier@nimbus.demo,2026-06-24T10:20:00Z,"{""receiptIdEqualsOrderId"": true}"
TAPAS_DOWNTOWN,ORD-TAPAS_DOWNTOWN-01067,RECEIPT_CREATED,cashier@nimbus.demo,2026-06-24T09:35:00Z,"{""receiptIdEqualsOrderId"": true}"
TAPAS_DOWNTOWN,ORD-TAPAS_DOWNTOWN-01068,RECEIPT_CREATED,cashier@nimbus.demo,2026-06-24T15:55:00Z,"{""receiptIdEqualsOrderId"": true}"
TAPAS_DOWNTOWN,ORD-TAPAS_DOWNTOWN-01069,RECEIPT_CREATED,cashier@nimbus.demo,2026-06-24T17:35:00Z,"{""receiptIdEqualsOrderId"": true}"
TAPAS_DOWNTOWN,ORD-TAPAS_DOWNTOWN-01070,RECEIPT_CREATED,cashier@nimbus.demo,2026-06-24T17:45:00Z,"{""receiptIdEqualsOrderId"": true}"
TAPAS_DOWNTOWN,ORD-TAPAS_DOWNTOWN-01071,RECEIPT_CREATED,cashier@nimbus.demo,2026-06-24T10:35:00Z,"{""receiptIdEqualsOrderId"": true}"
ROOFTOP_BAR,ORD-ROOFTOP_BAR-01072,RECEIPT_CREATED,cashier@nimbus.demo,2026-06-24T17:35:00Z,"{""receiptIdEqualsOrderId"": true}"
ROOFTOP_BAR,ORD-ROOFTOP_BAR-01073,RECEIPT_CREATED,cashier@nimbus.demo,2026-06-24T08:20:00Z,"{""receiptIdEqualsOrderId"": true}"
ROOFTOP_BAR,ORD-ROOFTOP_BAR-01075,RECEIPT_CREATED,cashier@nimbus.demo,2026-06-24T10:55:00Z,"{""receiptIdEqualsOrderId"": true}"
ROOFTOP_BAR,ORD-ROOFTOP_BAR-01076,RECEIPT_CREATED,cashier@nimbus.demo,2026-06-24T17:45:00Z,"{""receiptIdEqualsOrderId"": true}"
ROOFTOP_BAR,ORD-ROOFTOP_BAR-01077,RECEIPT_CREATED,cashier@nimbus.demo,2026-06-24T18:05:00Z,"{""receiptIdEqualsOrderId"": true}"
ROOFTOP_BAR,ORD-ROOFTOP_BAR-01078,RECEIPT_CREATED,cashier@nimbus.demo,2026-06-24T15:55:00Z,"{""receiptIdEqualsOrderId"": true}"
GARDEN_CAFE,ORD-GARDEN_CAFE-01081,RECEIPT_CREATED,cashier@nimbus.demo,2026-06-24T11:20:00Z,"{""receiptIdEqualsOrderId"": true}"
GARDEN_CAFE,ORD-GARDEN_CAFE-01082,RECEIPT_CREATED,cashier@nimbus.demo,2026-06-24T10:05:00Z,"{""receiptIdEqualsOrderId"": true}"
GARDEN_CAFE,ORD-GARDEN_CAFE-01083,RECEIPT_CREATED,cashier@nimbus.demo,2026-06-24T15:35:00Z,"{""receiptIdEqualsOrderId"": true}"
EVENTS_KITCHEN,ORD-EVENTS_KITCHEN-01086,RECEIPT_CREATED,cashier@nimbus.demo,2026-06-24T08:05:00Z,"{""receiptIdEqualsOrderId"": true}"
EVENTS_KITCHEN,ORD-EVENTS_KITCHEN-01088,RECEIPT_CREATED,cashier@nimbus.demo,2026-06-24T16:20:00Z,"{""receiptIdEqualsOrderId"": true}"
EVENTS_KITCHEN,ORD-EVENTS_KITCHEN-01089,RECEIPT_CREATED,cashier@nimbus.demo,2026-06-24T11:05:00Z,"{""receiptIdEqualsOrderId"": true}"
EVENTS_KITCHEN,ORD-EVENTS_KITCHEN-01090,RECEIPT_CREATED,cashier@nimbus.demo,2026-06-24T16:05:00Z,"{""receiptIdEqualsOrderId"": true}"
EVENTS_KITCHEN,ORD-EVENTS_KITCHEN-01092,RECEIPT_CREATED,cashier@nimbus.demo,2026-06-24T15:35:00Z,"{""receiptIdEqualsOrderId"": true}"
TAPAS_DOWNTOWN,ORD-TAPAS_DOWNTOWN-01093,RECEIPT_CREATED,cashier@nimbus.demo,2026-06-25T09:35:00Z,"{""receiptIdEqualsOrderId"": true}"
TAPAS_DOWNTOWN,ORD-TAPAS_DOWNTOWN-01094,RECEIPT_CREATED,cashier@nimbus.demo,2026-06-25T11:05:00Z,"{""receiptIdEqualsOrderId"": true}"
TAPAS_DOWNTOWN,ORD-TAPAS_DOWNTOWN-01095,RECEIPT_CREATED,cashier@nimbus.demo,2026-06-25T07:45:00Z,"{""receiptIdEqualsOrderId"": true}"
ROOFTOP_BAR,ORD-ROOFTOP_BAR-01096,RECEIPT_CREATED,cashier@nimbus.demo,2026-06-25T15:55:00Z,"{""receiptIdEqualsOrderId"": true}"
ROOFTOP_BAR,ORD-ROOFTOP_BAR-01098,RECEIPT_CREATED,cashier@nimbus.demo,2026-06-25T09:35:00Z,"{""receiptIdEqualsOrderId"": true}"
TAPAS_DOWNTOWN,ORD-TAPAS_DOWNTOWN-01108,RECEIPT_CREATED,cashier@nimbus.demo,2026-06-26T17:45:00Z,"{""receiptIdEqualsOrderId"": true}"
ROOFTOP_BAR,ORD-ROOFTOP_BAR-01109,RECEIPT_CREATED,cashier@nimbus.demo,2026-06-26T07:35:00Z,"{""receiptIdEqualsOrderId"": true}"
ROOFTOP_BAR,ORD-ROOFTOP_BAR-01111,RECEIPT_CREATED,cashier@nimbus.demo,2026-06-26T07:35:00Z,"{""receiptIdEqualsOrderId"": true}"
GARDEN_CAFE,ORD-GARDEN_CAFE-01113,RECEIPT_CREATED,cashier@nimbus.demo,2026-06-26T09:55:00Z,"{""receiptIdEqualsOrderId"": true}"
GARDEN_CAFE,ORD-GARDEN_CAFE-01114,RECEIPT_CREATED,cashier@nimbus.demo,2026-06-26T11:05:00Z,"{""receiptIdEqualsOrderId"": true}"
GARDEN_CAFE,ORD-GARDEN_CAFE-01115,RECEIPT_CREATED,cashier@nimbus.demo,2026-06-26T09:45:00Z,"{""receiptIdEqualsOrderId"": true}"
EVENTS_KITCHEN,ORD-EVENTS_KITCHEN-01117,RECEIPT_CREATED,cashier@nimbus.demo,2026-06-26T11:20:00Z,"{""receiptIdEqualsOrderId"": true}"
EVENTS_KITCHEN,ORD-EVENTS_KITCHEN-01118,RECEIPT_CREATED,cashier@nimbus.demo,2026-06-26T08:05:00Z,"{""receiptIdEqualsOrderId"": true}"
EVENTS_KITCHEN,ORD-EVENTS_KITCHEN-01119,RECEIPT_CREATED,cashier@nimbus.demo,2026-06-26T10:45:00Z,"{""receiptIdEqualsOrderId"": true}"
EVENTS_KITCHEN,ORD-EVENTS_KITCHEN-01120,RECEIPT_CREATED,cashier@nimbus.demo,2026-06-26T08:05:00Z,"{""receiptIdEqualsOrderId"": true}"
TAPAS_DOWNTOWN,ORD-TAPAS_DOWNTOWN-01122,RECEIPT_CREATED,cashier@nimbus.demo,2026-06-27T09:45:00Z,"{""receiptIdEqualsOrderId"": true}"
TAPAS_DOWNTOWN,ORD-TAPAS_DOWNTOWN-01122,RECEIPT_SEND_PENDING,cashier@nimbus.demo,2026-06-27T09:46:00Z,"{""status"": ""PENDING"", ""supported"": false, ""reason"": ""NO_LIVE_DELIVERY_ADAPTER""}"
TAPAS_DOWNTOWN,ORD-TAPAS_DOWNTOWN-01123,RECEIPT_CREATED,cashier@nimbus.demo,2026-06-27T15:45:00Z,"{""receiptIdEqualsOrderId"": true}"
TAPAS_DOWNTOWN,ORD-TAPAS_DOWNTOWN-01124,RECEIPT_CREATED,cashier@nimbus.demo,2026-06-27T07:55:00Z,"{""receiptIdEqualsOrderId"": true}"
TAPAS_DOWNTOWN,ORD-TAPAS_DOWNTOWN-01125,RECEIPT_CREATED,cashier@nimbus.demo,2026-06-27T08:20:00Z,"{""receiptIdEqualsOrderId"": true}"
ROOFTOP_BAR,ORD-ROOFTOP_BAR-01127,RECEIPT_CREATED,cashier@nimbus.demo,2026-06-27T15:35:00Z,"{""receiptIdEqualsOrderId"": true}"
ROOFTOP_BAR,ORD-ROOFTOP_BAR-01128,RECEIPT_CREATED,cashier@nimbus.demo,2026-06-27T15:55:00Z,"{""receiptIdEqualsOrderId"": true}"
ROOFTOP_BAR,ORD-ROOFTOP_BAR-01130,RECEIPT_CREATED,cashier@nimbus.demo,2026-06-27T07:35:00Z,"{""receiptIdEqualsOrderId"": true}"
ROOFTOP_BAR,ORD-ROOFTOP_BAR-01130,RECEIPT_SEND_PENDING,cashier@nimbus.demo,2026-06-27T07:36:00Z,"{""status"": ""PENDING"", ""supported"": false, ""reason"": ""NO_LIVE_DELIVERY_ADAPTER""}"
GARDEN_CAFE,ORD-GARDEN_CAFE-01132,RECEIPT_CREATED,cashier@nimbus.demo,2026-06-27T10:35:00Z,"{""receiptIdEqualsOrderId"": true}"
GARDEN_CAFE,ORD-GARDEN_CAFE-01133,RECEIPT_CREATED,cashier@nimbus.demo,2026-06-27T10:55:00Z,"{""receiptIdEqualsOrderId"": true}"
GARDEN_CAFE,ORD-GARDEN_CAFE-01135,RECEIPT_CREATED,cashier@nimbus.demo,2026-06-27T09:45:00Z,"{""receiptIdEqualsOrderId"": true}"
EVENTS_KITCHEN,ORD-EVENTS_KITCHEN-01137,RECEIPT_CREATED,cashier@nimbus.demo,2026-06-27T10:35:00Z,"{""receiptIdEqualsOrderId"": true}"
EVENTS_KITCHEN,ORD-EVENTS_KITCHEN-01138,RECEIPT_CREATED,cashier@nimbus.demo,2026-06-27T18:05:00Z,"{""receiptIdEqualsOrderId"": true}"
TAPAS_DOWNTOWN,ORD-TAPAS_DOWNTOWN-01142,RECEIPT_CREATED,cashier@nimbus.demo,2026-06-28T11:05:00Z,"{""receiptIdEqualsOrderId"": true}"
TAPAS_DOWNTOWN,ORD-TAPAS_DOWNTOWN-01143,RECEIPT_CREATED,cashier@nimbus.demo,2026-06-28T10:55:00Z,"{""receiptIdEqualsOrderId"": true}"
TAPAS_DOWNTOWN,ORD-TAPAS_DOWNTOWN-01144,RECEIPT_CREATED,cashier@nimbus.demo,2026-06-28T15:55:00Z,"{""receiptIdEqualsOrderId"": true}"
TAPAS_DOWNTOWN,ORD-TAPAS_DOWNTOWN-01144,RECEIPT_SEND_PENDING,cashier@nimbus.demo,2026-06-28T15:56:00Z,"{""status"": ""PENDING"", ""supported"": false, ""reason"": ""NO_LIVE_DELIVERY_ADAPTER""}"
TAPAS_DOWNTOWN,ORD-TAPAS_DOWNTOWN-01146,RECEIPT_CREATED,cashier@nimbus.demo,2026-06-28T17:45:00Z,"{""receiptIdEqualsOrderId"": true}"
ROOFTOP_BAR,ORD-ROOFTOP_BAR-01147,RECEIPT_CREATED,cashier@nimbus.demo,2026-06-28T07:45:00Z,"{""receiptIdEqualsOrderId"": true}"
ROOFTOP_BAR,ORD-ROOFTOP_BAR-01149,RECEIPT_CREATED,cashier@nimbus.demo,2026-06-28T16:05:00Z,"{""receiptIdEqualsOrderId"": true}"
ROOFTOP_BAR,ORD-ROOFTOP_BAR-01150,RECEIPT_CREATED,cashier@nimbus.demo,2026-06-28T09:35:00Z,"{""receiptIdEqualsOrderId"": true}"
ROOFTOP_BAR,ORD-ROOFTOP_BAR-01152,RECEIPT_CREATED,cashier@nimbus.demo,2026-06-28T10:05:00Z,"{""receiptIdEqualsOrderId"": true}"
GARDEN_CAFE,ORD-GARDEN_CAFE-01154,RECEIPT_CREATED,cashier@nimbus.demo,2026-06-28T10:45:00Z,"{""receiptIdEqualsOrderId"": true}"
GARDEN_CAFE,ORD-GARDEN_CAFE-01155,RECEIPT_CREATED,cashier@nimbus.demo,2026-06-28T08:20:00Z,"{""receiptIdEqualsOrderId"": true}"
GARDEN_CAFE,ORD-GARDEN_CAFE-01156,RECEIPT_CREATED,cashier@nimbus.demo,2026-06-28T10:05:00Z,"{""receiptIdEqualsOrderId"": true}"
GARDEN_CAFE,ORD-GARDEN_CAFE-01157,RECEIPT_CREATED,cashier@nimbus.demo,2026-06-28T15:55:00Z,"{""receiptIdEqualsOrderId"": true}"
EVENTS_KITCHEN,ORD-EVENTS_KITCHEN-01161,RECEIPT_CREATED,cashier@nimbus.demo,2026-06-28T15:55:00Z,"{""receiptIdEqualsOrderId"": true}"
TAPAS_DOWNTOWN,ORD-TAPAS_DOWNTOWN-01167,RECEIPT_CREATED,cashier@nimbus.demo,2026-06-29T15:55:00Z,"{""receiptIdEqualsOrderId"": true}"
TAPAS_DOWNTOWN,ORD-TAPAS_DOWNTOWN-01170,RECEIPT_CREATED,cashier@nimbus.demo,2026-06-29T16:20:00Z,"{""receiptIdEqualsOrderId"": true}"
TAPAS_DOWNTOWN,ORD-TAPAS_DOWNTOWN-01171,RECEIPT_CREATED,cashier@nimbus.demo,2026-06-29T08:05:00Z,"{""receiptIdEqualsOrderId"": true}"
ROOFTOP_BAR,ORD-ROOFTOP_BAR-01175,RECEIPT_CREATED,cashier@nimbus.demo,2026-06-29T11:20:00Z,"{""receiptIdEqualsOrderId"": true}"
ROOFTOP_BAR,ORD-ROOFTOP_BAR-01176,RECEIPT_CREATED,cashier@nimbus.demo,2026-06-29T09:55:00Z,"{""receiptIdEqualsOrderId"": true}"
ROOFTOP_BAR,ORD-ROOFTOP_BAR-01177,RECEIPT_CREATED,cashier@nimbus.demo,2026-06-29T10:20:00Z,"{""receiptIdEqualsOrderId"": true}"
ROOFTOP_BAR,ORD-ROOFTOP_BAR-01178,RECEIPT_CREATED,cashier@nimbus.demo,2026-06-29T18:20:00Z,"{""receiptIdEqualsOrderId"": true}"
GARDEN_CAFE,ORD-GARDEN_CAFE-01182,RECEIPT_CREATED,cashier@nimbus.demo,2026-06-29T16:20:00Z,"{""receiptIdEqualsOrderId"": true}"
GARDEN_CAFE,ORD-GARDEN_CAFE-01184,RECEIPT_CREATED,cashier@nimbus.demo,2026-06-29T10:05:00Z,"{""receiptIdEqualsOrderId"": true}"
EVENTS_KITCHEN,ORD-EVENTS_KITCHEN-01188,RECEIPT_CREATED,cashier@nimbus.demo,2026-06-29T17:45:00Z,"{""receiptIdEqualsOrderId"": true}"
EVENTS_KITCHEN,ORD-EVENTS_KITCHEN-01189,RECEIPT_CREATED,cashier@nimbus.demo,2026-06-29T09:35:00Z,"{""receiptIdEqualsOrderId"": true}"
EVENTS_KITCHEN,ORD-EVENTS_KITCHEN-01190,RECEIPT_CREATED,cashier@nimbus.demo,2026-06-29T07:45:00Z,"{""receiptIdEqualsOrderId"": true}"
EVENTS_KITCHEN,ORD-EVENTS_KITCHEN-01191,RECEIPT_CREATED,cashier@nimbus.demo,2026-06-29T10:55:00Z,"{""receiptIdEqualsOrderId"": true}"
