branchCode,orderNumber,lineNo,menuItemName,quantity,price,subtotal,servingLabel,notes,metadata
TAPAS_DOWNTOWN,ORD-TAPAS_DOWNTOWN-00001,1,Ginger Hibiscus Cooler,1,17000.00,17000.00,Standard,,"{""demoLine"": true}"
TAPAS_DOWNTOWN,ORD-TAPAS_DOWNTOWN-00001,2,Passion Fruit Cheesecake,2,21000.00,42000.00,Standard,,"{""demoLine"": true}"
TAPAS_DOWNTOWN,ORD-TAPAS_DOWNTOWN-00001,3,Matoke Croquettes,1,32000.00,32000.00,Standard,,"{""demoLine"": true}"
TAPAS_DOWNTOWN,ORD-TAPAS_DOWNTOWN-00001,4,Beef Fillet Plate,3,56000.00,168000.00,Standard,,"{""demoLine"": true}"
ROOFTOP_BAR,ORD-ROOFTOP_BAR-00002,1,Americano,1,10100.00,10100.00,Standard,,"{""demoLine"": true}"
ROOFTOP_BAR,ORD-ROOFTOP_BAR-00002,2,Mint Lime Sky Spritz,3,17900.00,53700.00,Standard,,"{""demoLine"": true}"
ROOFTOP_BAR,ORD-ROOFTOP_BAR-00002,3,Sesame Chicken Skewers,3,31400.00,94200.00,Standard,,"{""demoLine"": true}"
GARDEN_CAFE,ORD-GARDEN_CAFE-00003,1,Spiced Chai,2,10100.00,20200.00,Standard,,"{""demoLine"": true}"
GARDEN_CAFE,ORD-GARDEN_CAFE-00003,2,Halloumi Bites,1,23900.00,23900.00,Standard,,"{""demoLine"": true}"
GARDEN_CAFE,ORD-GARDEN_CAFE-00003,3,Ginger Hibiscus Cooler,3,15600.00,46800.00,Standard,,"{""demoLine"": true}"
EVENTS_KITCHEN,ORD-EVENTS_KITCHEN-00004,1,Banquet Mezze Platter,1,112100.00,112100.00,Standard,,"{""demoLine"": true}"
EVENTS_KITCHEN,ORD-EVENTS_KITCHEN-00004,2,Passion Fruit Cheesecake,2,24800.00,49600.00,Standard,,"{""demoLine"": true}"
EVENTS_KITCHEN,ORD-EVENTS_KITCHEN-00004,3,Garlic Flatbread,2,11800.00,23600.00,Standard,,"{""demoLine"": true}"
TAPAS_DOWNTOWN,ORD-TAPAS_DOWNTOWN-00005,1,Americano,3,9000.00,27000.00,Standard,,"{""demoLine"": true}"
TAPAS_DOWNTOWN,ORD-TAPAS_DOWNTOWN-00005,2,Citrus Greens Bowl,2,28000.00,56000.00,Standard,,"{""demoLine"": true}"
TAPAS_DOWNTOWN,ORD-TAPAS_DOWNTOWN-00005,3,Grilled Chicken Bowl,3,42000.00,126000.00,Standard,,"{""demoLine"": true}"
TAPAS_DOWNTOWN,ORD-TAPAS_DOWNTOWN-00005,4,Crispy Plantain Cups,2,18000.00,36000.00,Standard,,"{""demoLine"": true}"
TAPAS_DOWNTOWN,ORD-TAPAS_DOWNTOWN-00006,1,Tomato Bruschetta,1,22000.00,22000.00,Standard,,"{""demoLine"": true}"
TAPAS_DOWNTOWN,ORD-TAPAS_DOWNTOWN-00006,2,Garlic Flatbread,2,10000.00,20000.00,Standard,,"{""demoLine"": true}"
TAPAS_DOWNTOWN,ORD-TAPAS_DOWNTOWN-00006,3,Herb Fries,1,12000.00,12000.00,Standard,,"{""demoLine"": true}"
TAPAS_DOWNTOWN,ORD-TAPAS_DOWNTOWN-00006,4,Sesame Chicken Skewers,3,28000.00,84000.00,Standard,,"{""demoLine"": true}"
ROOFTOP_BAR,ORD-ROOFTOP_BAR-00007,1,Ginger Hibiscus Rooftop Cooler,3,19000.00,57000.00,Standard,,"{""demoLine"": true}"
ROOFTOP_BAR,ORD-ROOFTOP_BAR-00008,1,Garden Vegetable Pasta,1,40300.00,40300.00,Standard,,"{""demoLine"": true}"
ROOFTOP_BAR,ORD-ROOFTOP_BAR-00008,2,Garlic Flatbread,2,11200.00,22400.00,Standard,,"{""demoLine"": true}"
ROOFTOP_BAR,ORD-ROOFTOP_BAR-00008,3,Chocolate Date Tart,1,26900.00,26900.00,Standard,,"{""demoLine"": true}"
GARDEN_CAFE,ORD-GARDEN_CAFE-00009,1,Chocolate Date Tart,3,22100.00,66300.00,Standard,,"{""demoLine"": true}"
GARDEN_CAFE,ORD-GARDEN_CAFE-00009,2,Seasonal Salad,1,13800.00,13800.00,Standard,,"{""demoLine"": true}"
GARDEN_CAFE,ORD-GARDEN_CAFE-00010,1,Banana Oat Pancakes,1,20000.00,20000.00,Standard,,"{""demoLine"": true}"
GARDEN_CAFE,ORD-GARDEN_CAFE-00010,2,Berry Yoghurt Bowl,2,32000.00,64000.00,Standard,,"{""demoLine"": true}"
GARDEN_CAFE,ORD-GARDEN_CAFE-00010,3,Iced Vanilla Coffee,3,28000.00,84000.00,Standard,,"{""demoLine"": true}"
GARDEN_CAFE,ORD-GARDEN_CAFE-00010,4,Ginger Hibiscus Cooler,2,15600.00,31200.00,Standard,,"{""demoLine"": true}"
EVENTS_KITCHEN,ORD-EVENTS_KITCHEN-00011,1,Seasonal Salad,1,17700.00,17700.00,Standard,,"{""demoLine"": true}"
EVENTS_KITCHEN,ORD-EVENTS_KITCHEN-00011,2,Tomato Bruschetta,2,26000.00,52000.00,Standard,,"{""demoLine"": true}"
EVENTS_KITCHEN,ORD-EVENTS_KITCHEN-00011,3,Grilled Chicken Bowl,2,49600.00,99200.00,Standard,,"{""demoLine"": true}"
EVENTS_KITCHEN,ORD-EVENTS_KITCHEN-00011,4,Corporate Snack Board,3,92000.00,276000.00,Standard,,"{""demoLine"": true}"
EVENTS_KITCHEN,ORD-EVENTS_KITCHEN-00012,1,Corporate Snack Board,3,92000.00,276000.00,Standard,,"{""demoLine"": true}"
TAPAS_DOWNTOWN,ORD-TAPAS_DOWNTOWN-00013,1,Halloumi Bites,1,26000.00,26000.00,Standard,,"{""demoLine"": true}"
TAPAS_DOWNTOWN,ORD-TAPAS_DOWNTOWN-00013,2,Mushroom Risotto,1,38000.00,38000.00,Standard,,"{""demoLine"": true}"
TAPAS_DOWNTOWN,ORD-TAPAS_DOWNTOWN-00014,1,Chicken Empanada Trio,3,24000.00,72000.00,Standard,,"{""demoLine"": true}"
TAPAS_DOWNTOWN,ORD-TAPAS_DOWNTOWN-00015,1,Grilled Chicken Bowl,2,42000.00,84000.00,Standard,,"{""demoLine"": true}"
TAPAS_DOWNTOWN,ORD-TAPAS_DOWNTOWN-00015,2,Mango Passion Juice,2,14000.00,28000.00,Standard,,"{""demoLine"": true}"
TAPAS_DOWNTOWN,ORD-TAPAS_DOWNTOWN-00015,3,Charred Octopus Style Mushroom,1,20000.00,20000.00,Standard,,"{""demoLine"": true}"
ROOFTOP_BAR,ORD-ROOFTOP_BAR-00016,1,Garden Vegetable Pasta,1,40300.00,40300.00,Standard,,"{""demoLine"": true}"
ROOFTOP_BAR,ORD-ROOFTOP_BAR-00016,2,Seasonal Salad,1,16800.00,16800.00,Standard,,"{""demoLine"": true}"
ROOFTOP_BAR,ORD-ROOFTOP_BAR-00016,3,Rosemary Tonic Highball,1,24000.00,24000.00,Standard,,"{""demoLine"": true}"
ROOFTOP_BAR,ORD-ROOFTOP_BAR-00016,4,Tomato Bruschetta,1,24600.00,24600.00,Standard,,"{""demoLine"": true}"
ROOFTOP_BAR,ORD-ROOFTOP_BAR-00017,1,Herb Fries,3,13400.00,40200.00,Standard,,"{""demoLine"": true}"
ROOFTOP_BAR,ORD-ROOFTOP_BAR-00017,2,Cranberry Lime Nojito,3,28000.00,84000.00,Standard,,"{""demoLine"": true}"
ROOFTOP_BAR,ORD-ROOFTOP_BAR-00017,3,Skyline Mezze Cups,3,16000.00,48000.00,Standard,,"{""demoLine"": true}"
ROOFTOP_BAR,ORD-ROOFTOP_BAR-00017,4,Garlic Flatbread,1,11200.00,11200.00,Standard,,"{""demoLine"": true}"
ROOFTOP_BAR,ORD-ROOFTOP_BAR-00018,1,Spiced Chai,1,12300.00,12300.00,Standard,,"{""demoLine"": true}"
ROOFTOP_BAR,ORD-ROOFTOP_BAR-00018,2,Americano,1,10100.00,10100.00,Standard,,"{""demoLine"": true}"
ROOFTOP_BAR,ORD-ROOFTOP_BAR-00018,3,Night Market Fries,3,32000.00,96000.00,Standard,,"{""demoLine"": true}"
ROOFTOP_BAR,ORD-ROOFTOP_BAR-00018,4,Passion Fruit Cheesecake,2,23500.00,47000.00,Standard,,"{""demoLine"": true}"
GARDEN_CAFE,ORD-GARDEN_CAFE-00019,1,Garlic Flatbread,1,9200.00,9200.00,Standard,,"{""demoLine"": true}"
GARDEN_CAFE,ORD-GARDEN_CAFE-00019,2,Cafe Latte,3,11000.00,33000.00,Standard,,"{""demoLine"": true}"
GARDEN_CAFE,ORD-GARDEN_CAFE-00019,3,Herb Fries,3,11000.00,33000.00,Standard,,"{""demoLine"": true}"
GARDEN_CAFE,ORD-GARDEN_CAFE-00020,1,Beef Fillet Plate,3,51500.00,154500.00,Standard,,"{""demoLine"": true}"
GARDEN_CAFE,ORD-GARDEN_CAFE-00020,2,Mint Lime Spritz,1,14700.00,14700.00,Standard,,"{""demoLine"": true}"
GARDEN_CAFE,ORD-GARDEN_CAFE-00020,3,Tomato Bruschetta,1,20200.00,20200.00,Standard,,"{""demoLine"": true}"
GARDEN_CAFE,ORD-GARDEN_CAFE-00020,4,Chocolate Date Tart,1,22100.00,22100.00,Standard,,"{""demoLine"": true}"
GARDEN_CAFE,ORD-GARDEN_CAFE-00021,1,Berry Yoghurt Bowl,3,32000.00,96000.00,Standard,,"{""demoLine"": true}"
EVENTS_KITCHEN,ORD-EVENTS_KITCHEN-00022,1,Herb Fries,2,14200.00,28400.00,Standard,,"{""demoLine"": true}"
EVENTS_KITCHEN,ORD-EVENTS_KITCHEN-00022,2,Vegetable Lasagna Pan,2,32000.00,64000.00,Standard,,"{""demoLine"": true}"
EVENTS_KITCHEN,ORD-EVENTS_KITCHEN-00022,3,Grilled Chicken Bowl,2,49600.00,99200.00,Standard,,"{""demoLine"": true}"
EVENTS_KITCHEN,ORD-EVENTS_KITCHEN-00022,4,Tomato Bruschetta,1,26000.00,26000.00,Standard,,"{""demoLine"": true}"
EVENTS_KITCHEN,ORD-EVENTS_KITCHEN-00023,1,Banquet Mezze Platter,2,112100.00,224200.00,Standard,,"{""demoLine"": true}"
EVENTS_KITCHEN,ORD-EVENTS_KITCHEN-00024,1,Mushroom Risotto,3,44800.00,134400.00,Standard,,"{""demoLine"": true}"
EVENTS_KITCHEN,ORD-EVENTS_KITCHEN-00024,2,Grilled Chicken Bowl,2,49600.00,99200.00,Standard,,"{""demoLine"": true}"
EVENTS_KITCHEN,ORD-EVENTS_KITCHEN-00024,3,Passion Fruit Cheesecake,2,24800.00,49600.00,Standard,,"{""demoLine"": true}"
TAPAS_DOWNTOWN,ORD-TAPAS_DOWNTOWN-00025,1,Passion Fruit Cheesecake,2,21000.00,42000.00,Standard,,"{""demoLine"": true}"
TAPAS_DOWNTOWN,ORD-TAPAS_DOWNTOWN-00026,1,Mushroom Risotto,1,38000.00,38000.00,Standard,,"{""demoLine"": true}"
TAPAS_DOWNTOWN,ORD-TAPAS_DOWNTOWN-00026,2,Crispy Plantain Cups,3,18000.00,54000.00,Standard,,"{""demoLine"": true}"
TAPAS_DOWNTOWN,ORD-TAPAS_DOWNTOWN-00026,3,Sesame Chicken Skewers,2,28000.00,56000.00,Standard,,"{""demoLine"": true}"
TAPAS_DOWNTOWN,ORD-TAPAS_DOWNTOWN-00027,1,Mint Lime Spritz,1,16000.00,16000.00,Standard,,"{""demoLine"": true}"
TAPAS_DOWNTOWN,ORD-TAPAS_DOWNTOWN-00028,1,Matoke Croquettes,1,32000.00,32000.00,Standard,,"{""demoLine"": true}"
ROOFTOP_BAR,ORD-ROOFTOP_BAR-00029,1,Garlic Flatbread,2,11200.00,22400.00,Standard,,"{""demoLine"": true}"
ROOFTOP_BAR,ORD-ROOFTOP_BAR-00029,2,Seasonal Salad,2,16800.00,33600.00,Standard,,"{""demoLine"": true}"
ROOFTOP_BAR,ORD-ROOFTOP_BAR-00029,3,Tilapia Lemon Herb,3,53800.00,161400.00,Standard,,"{""demoLine"": true}"
ROOFTOP_BAR,ORD-ROOFTOP_BAR-00029,4,Herb Fries,3,13400.00,40200.00,Standard,,"{""demoLine"": true}"
ROOFTOP_BAR,ORD-ROOFTOP_BAR-00030,1,Rosemary Tonic Highball,1,24000.00,24000.00,Standard,,"{""demoLine"": true}"
ROOFTOP_BAR,ORD-ROOFTOP_BAR-00030,2,Garlic Flatbread,2,11200.00,22400.00,Standard,,"{""demoLine"": true}"
ROOFTOP_BAR,ORD-ROOFTOP_BAR-00031,1,Cranberry Lime Nojito,1,28000.00,28000.00,Standard,,"{""demoLine"": true}"
ROOFTOP_BAR,ORD-ROOFTOP_BAR-00032,1,Cafe Latte,3,13400.00,40200.00,Standard,,"{""demoLine"": true}"
GARDEN_CAFE,ORD-GARDEN_CAFE-00033,1,Passion Fruit Cheesecake,3,19300.00,57900.00,Standard,,"{""demoLine"": true}"
GARDEN_CAFE,ORD-GARDEN_CAFE-00033,2,Crispy Plantain Cups,2,16600.00,33200.00,Standard,,"{""demoLine"": true}"
GARDEN_CAFE,ORD-GARDEN_CAFE-00033,3,Iced Vanilla Coffee,1,28000.00,28000.00,Standard,,"{""demoLine"": true}"
GARDEN_CAFE,ORD-GARDEN_CAFE-00033,4,Grilled Chicken Bowl,2,38600.00,77200.00,Standard,,"{""demoLine"": true}"
GARDEN_CAFE,ORD-GARDEN_CAFE-00034,1,Spiced Chai,2,10100.00,20200.00,Standard,,"{""demoLine"": true}"
GARDEN_CAFE,ORD-GARDEN_CAFE-00034,2,Herb Fries,1,11000.00,11000.00,Standard,,"{""demoLine"": true}"
GARDEN_CAFE,ORD-GARDEN_CAFE-00034,3,Berry Yoghurt Bowl,1,32000.00,32000.00,Standard,,"{""demoLine"": true}"
GARDEN_CAFE,ORD-GARDEN_CAFE-00034,4,Chocolate Date Tart,3,22100.00,66300.00,Standard,,"{""demoLine"": true}"
GARDEN_CAFE,ORD-GARDEN_CAFE-00035,1,Cafe Latte,3,11000.00,33000.00,Standard,,"{""demoLine"": true}"
GARDEN_CAFE,ORD-GARDEN_CAFE-00035,2,Passion Fruit Cheesecake,2,19300.00,38600.00,Standard,,"{""demoLine"": true}"
GARDEN_CAFE,ORD-GARDEN_CAFE-00036,1,Spiced Chai,2,10100.00,20200.00,Standard,,"{""demoLine"": true}"
GARDEN_CAFE,ORD-GARDEN_CAFE-00036,2,Sesame Chicken Skewers,1,25800.00,25800.00,Standard,,"{""demoLine"": true}"
GARDEN_CAFE,ORD-GARDEN_CAFE-00036,3,Seasonal Salad,2,13800.00,27600.00,Standard,,"{""demoLine"": true}"
EVENTS_KITCHEN,ORD-EVENTS_KITCHEN-00037,1,Passion Fruit Cheesecake,3,24800.00,74400.00,Standard,,"{""demoLine"": true}"
EVENTS_KITCHEN,ORD-EVENTS_KITCHEN-00037,2,Sesame Chicken Skewers,1,33000.00,33000.00,Standard,,"{""demoLine"": true}"
EVENTS_KITCHEN,ORD-EVENTS_KITCHEN-00037,3,Corporate Snack Board,1,92000.00,92000.00,Standard,,"{""demoLine"": true}"
EVENTS_KITCHEN,ORD-EVENTS_KITCHEN-00038,1,Tilapia Lemon Herb,3,56600.00,169800.00,Standard,,"{""demoLine"": true}"
EVENTS_KITCHEN,ORD-EVENTS_KITCHEN-00038,2,Banquet Mezze Platter,2,112100.00,224200.00,Standard,,"{""demoLine"": true}"
EVENTS_KITCHEN,ORD-EVENTS_KITCHEN-00038,3,Passion Fruit Cheesecake,1,24800.00,24800.00,Standard,,"{""demoLine"": true}"
EVENTS_KITCHEN,ORD-EVENTS_KITCHEN-00039,1,Sesame Chicken Skewers,3,33000.00,99000.00,Standard,,"{""demoLine"": true}"
EVENTS_KITCHEN,ORD-EVENTS_KITCHEN-00039,2,Executive Lunch Box,1,28000.00,28000.00,Standard,,"{""demoLine"": true}"
EVENTS_KITCHEN,ORD-EVENTS_KITCHEN-00039,3,Americano,3,10600.00,31800.00,Standard,,"{""demoLine"": true}"
EVENTS_KITCHEN,ORD-EVENTS_KITCHEN-00040,1,Beef Fillet Plate,3,66100.00,198300.00,Standard,,"{""demoLine"": true}"
TAPAS_DOWNTOWN,ORD-TAPAS_DOWNTOWN-00041,1,Tilapia Lemon Herb,2,48000.00,96000.00,Standard,,"{""demoLine"": true}"
TAPAS_DOWNTOWN,ORD-TAPAS_DOWNTOWN-00042,1,Crispy Plantain Cups,3,18000.00,54000.00,Standard,,"{""demoLine"": true}"
TAPAS_DOWNTOWN,ORD-TAPAS_DOWNTOWN-00042,2,Grilled Chicken Bowl,3,42000.00,126000.00,Standard,,"{""demoLine"": true}"
TAPAS_DOWNTOWN,ORD-TAPAS_DOWNTOWN-00042,3,Beef Fillet Plate,2,56000.00,112000.00,Standard,,"{""demoLine"": true}"
TAPAS_DOWNTOWN,ORD-TAPAS_DOWNTOWN-00042,4,Garden Vegetable Pasta,2,36000.00,72000.00,Standard,,"{""demoLine"": true}"
TAPAS_DOWNTOWN,ORD-TAPAS_DOWNTOWN-00043,1,Seasonal Salad,2,15000.00,30000.00,Standard,,"{""demoLine"": true}"
TAPAS_DOWNTOWN,ORD-TAPAS_DOWNTOWN-00043,2,Spiced Chai,3,11000.00,33000.00,Standard,,"{""demoLine"": true}"
TAPAS_DOWNTOWN,ORD-TAPAS_DOWNTOWN-00044,1,Matoke Croquettes,2,32000.00,64000.00,Standard,,"{""demoLine"": true}"
TAPAS_DOWNTOWN,ORD-TAPAS_DOWNTOWN-00044,2,Halloumi Bites,3,26000.00,78000.00,Standard,,"{""demoLine"": true}"
TAPAS_DOWNTOWN,ORD-TAPAS_DOWNTOWN-00044,3,Chicken Empanada Trio,2,24000.00,48000.00,Standard,,"{""demoLine"": true}"
TAPAS_DOWNTOWN,ORD-TAPAS_DOWNTOWN-00044,4,Spiced Chai,1,11000.00,11000.00,Standard,,"{""demoLine"": true}"
TAPAS_DOWNTOWN,ORD-TAPAS_DOWNTOWN-00045,1,Matoke Croquettes,1,32000.00,32000.00,Standard,,"{""demoLine"": true}"
ROOFTOP_BAR,ORD-ROOFTOP_BAR-00046,1,Americano,3,10100.00,30300.00,Standard,,"{""demoLine"": true}"
ROOFTOP_BAR,ORD-ROOFTOP_BAR-00046,2,Tomato Bruschetta,3,24600.00,73800.00,Standard,,"{""demoLine"": true}"
ROOFTOP_BAR,ORD-ROOFTOP_BAR-00046,3,Tilapia Lemon Herb,3,53800.00,161400.00,Standard,,"{""demoLine"": true}"
ROOFTOP_BAR,ORD-ROOFTOP_BAR-00046,4,Ginger Hibiscus Rooftop Cooler,2,19000.00,38000.00,Standard,,"{""demoLine"": true}"
ROOFTOP_BAR,ORD-ROOFTOP_BAR-00047,1,Tilapia Lemon Herb,2,53800.00,107600.00,Standard,,"{""demoLine"": true}"
ROOFTOP_BAR,ORD-ROOFTOP_BAR-00047,2,Halloumi Bites,2,29100.00,58200.00,Standard,,"{""demoLine"": true}"
ROOFTOP_BAR,ORD-ROOFTOP_BAR-00047,3,Spiced Chai,1,12300.00,12300.00,Standard,,"{""demoLine"": true}"
ROOFTOP_BAR,ORD-ROOFTOP_BAR-00047,4,Cranberry Lime Nojito,2,28000.00,56000.00,Standard,,"{""demoLine"": true}"
ROOFTOP_BAR,ORD-ROOFTOP_BAR-00048,1,Chocolate Date Tart,1,26900.00,26900.00,Standard,,"{""demoLine"": true}"
ROOFTOP_BAR,ORD-ROOFTOP_BAR-00048,2,Cranberry Lime Nojito,1,28000.00,28000.00,Standard,,"{""demoLine"": true}"
ROOFTOP_BAR,ORD-ROOFTOP_BAR-00048,3,Halloumi Bites,3,29100.00,87300.00,Standard,,"{""demoLine"": true}"
ROOFTOP_BAR,ORD-ROOFTOP_BAR-00048,4,Rosemary Tonic Highball,3,24000.00,72000.00,Standard,,"{""demoLine"": true}"
ROOFTOP_BAR,ORD-ROOFTOP_BAR-00049,1,Mango Passion Juice,2,15700.00,31400.00,Standard,,"{""demoLine"": true}"
ROOFTOP_BAR,ORD-ROOFTOP_BAR-00050,1,Tilapia Lemon Herb,1,53800.00,53800.00,Standard,,"{""demoLine"": true}"
ROOFTOP_BAR,ORD-ROOFTOP_BAR-00050,2,Mint Lime Sky Spritz,1,17900.00,17900.00,Standard,,"{""demoLine"": true}"
ROOFTOP_BAR,ORD-ROOFTOP_BAR-00050,3,Crispy Plantain Cups,2,20200.00,40400.00,Standard,,"{""demoLine"": true}"
GARDEN_CAFE,ORD-GARDEN_CAFE-00051,1,Mint Lime Spritz,2,14700.00,29400.00,Standard,,"{""demoLine"": true}"
GARDEN_CAFE,ORD-GARDEN_CAFE-00051,2,Tilapia Lemon Herb,3,44200.00,132600.00,Standard,,"{""demoLine"": true}"
GARDEN_CAFE,ORD-GARDEN_CAFE-00051,3,Chocolate Date Tart,3,22100.00,66300.00,Standard,,"{""demoLine"": true}"
GARDEN_CAFE,ORD-GARDEN_CAFE-00052,1,Americano,3,8300.00,24900.00,Standard,,"{""demoLine"": true}"
GARDEN_CAFE,ORD-GARDEN_CAFE-00052,2,Berry Yoghurt Bowl,2,32000.00,64000.00,Standard,,"{""demoLine"": true}"
GARDEN_CAFE,ORD-GARDEN_CAFE-00052,3,Garden Breakfast Plate,3,24000.00,72000.00,Standard,,"{""demoLine"": true}"
GARDEN_CAFE,ORD-GARDEN_CAFE-00053,1,Halloumi Bites,3,23900.00,71700.00,Standard,,"{""demoLine"": true}"
GARDEN_CAFE,ORD-GARDEN_CAFE-00054,1,Garden Vegetable Pasta,3,33100.00,99300.00,Standard,,"{""demoLine"": true}"
GARDEN_CAFE,ORD-GARDEN_CAFE-00054,2,Tilapia Lemon Herb,3,44200.00,132600.00,Standard,,"{""demoLine"": true}"
GARDEN_CAFE,ORD-GARDEN_CAFE-00055,1,Halloumi Bites,2,23900.00,47800.00,Standard,,"{""demoLine"": true}"
GARDEN_CAFE,ORD-GARDEN_CAFE-00055,2,Beef Fillet Plate,2,51500.00,103000.00,Standard,,"{""demoLine"": true}"
GARDEN_CAFE,ORD-GARDEN_CAFE-00055,3,Avocado Toast Stack,2,16000.00,32000.00,Standard,,"{""demoLine"": true}"
EVENTS_KITCHEN,ORD-EVENTS_KITCHEN-00056,1,Executive Lunch Box,1,28000.00,28000.00,Standard,,"{""demoLine"": true}"
EVENTS_KITCHEN,ORD-EVENTS_KITCHEN-00056,2,Sesame Chicken Skewers,2,33000.00,66000.00,Standard,,"{""demoLine"": true}"
EVENTS_KITCHEN,ORD-EVENTS_KITCHEN-00056,3,Grilled Chicken Bowl,2,49600.00,99200.00,Standard,,"{""demoLine"": true}"
EVENTS_KITCHEN,ORD-EVENTS_KITCHEN-00056,4,Beef Fillet Plate,3,66100.00,198300.00,Standard,,"{""demoLine"": true}"
EVENTS_KITCHEN,ORD-EVENTS_KITCHEN-00057,1,Banquet Chicken Tray,2,24000.00,48000.00,Standard,,"{""demoLine"": true}"
EVENTS_KITCHEN,ORD-EVENTS_KITCHEN-00058,1,Herb Fries,2,14200.00,28400.00,Standard,,"{""demoLine"": true}"
EVENTS_KITCHEN,ORD-EVENTS_KITCHEN-00058,2,Mango Passion Juice,1,16500.00,16500.00,Standard,,"{""demoLine"": true}"
EVENTS_KITCHEN,ORD-EVENTS_KITCHEN-00058,3,Ginger Hibiscus Cooler,3,20100.00,60300.00,Standard,,"{""demoLine"": true}"
EVENTS_KITCHEN,ORD-EVENTS_KITCHEN-00058,4,Corporate Snack Board,2,92000.00,184000.00,Standard,,"{""demoLine"": true}"
EVENTS_KITCHEN,ORD-EVENTS_KITCHEN-00059,1,Herb Fries,3,14200.00,42600.00,Standard,,"{""demoLine"": true}"
EVENTS_KITCHEN,ORD-EVENTS_KITCHEN-00059,2,Tomato Bruschetta,2,26000.00,52000.00,Standard,,"{""demoLine"": true}"
EVENTS_KITCHEN,ORD-EVENTS_KITCHEN-00060,1,Mint Lime Spritz,1,18900.00,18900.00,Standard,,"{""demoLine"": true}"
TAPAS_DOWNTOWN,ORD-TAPAS_DOWNTOWN-00061,1,Citrus Greens Bowl,3,28000.00,84000.00,Standard,,"{""demoLine"": true}"
TAPAS_DOWNTOWN,ORD-TAPAS_DOWNTOWN-00061,2,Grilled Chicken Bowl,2,42000.00,84000.00,Standard,,"{""demoLine"": true}"
TAPAS_DOWNTOWN,ORD-TAPAS_DOWNTOWN-00061,3,Mint Lime Spritz,3,16000.00,48000.00,Standard,,"{""demoLine"": true}"
ROOFTOP_BAR,ORD-ROOFTOP_BAR-00062,1,Crispy Plantain Cups,1,20200.00,20200.00,Standard,,"{""demoLine"": true}"
ROOFTOP_BAR,ORD-ROOFTOP_BAR-00062,2,Ginger Hibiscus Rooftop Cooler,3,19000.00,57000.00,Standard,,"{""demoLine"": true}"
ROOFTOP_BAR,ORD-ROOFTOP_BAR-00062,3,Cafe Latte,1,13400.00,13400.00,Standard,,"{""demoLine"": true}"
GARDEN_CAFE,ORD-GARDEN_CAFE-00063,1,Garden Breakfast Plate,1,24000.00,24000.00,Standard,,"{""demoLine"": true}"
GARDEN_CAFE,ORD-GARDEN_CAFE-00063,2,Herb Fries,2,11000.00,22000.00,Standard,,"{""demoLine"": true}"
GARDEN_CAFE,ORD-GARDEN_CAFE-00063,3,Seasonal Salad,1,13800.00,13800.00,Standard,,"{""demoLine"": true}"
EVENTS_KITCHEN,ORD-EVENTS_KITCHEN-00064,1,Mushroom Risotto,3,44800.00,134400.00,Standard,,"{""demoLine"": true}"
EVENTS_KITCHEN,ORD-EVENTS_KITCHEN-00064,2,Tilapia Lemon Herb,1,56600.00,56600.00,Standard,,"{""demoLine"": true}"
EVENTS_KITCHEN,ORD-EVENTS_KITCHEN-00064,3,Executive Lunch Box,2,28000.00,56000.00,Standard,,"{""demoLine"": true}"
TAPAS_DOWNTOWN,ORD-TAPAS_DOWNTOWN-00065,1,Beef Fillet Plate,1,56000.00,56000.00,Standard,,"{""demoLine"": true}"
TAPAS_DOWNTOWN,ORD-TAPAS_DOWNTOWN-00065,2,Grilled Chicken Bowl,3,42000.00,126000.00,Standard,,"{""demoLine"": true}"
TAPAS_DOWNTOWN,ORD-TAPAS_DOWNTOWN-00065,3,Smoked Eggplant Dip,3,16000.00,48000.00,Standard,,"{""demoLine"": true}"
TAPAS_DOWNTOWN,ORD-TAPAS_DOWNTOWN-00065,4,Chicken Empanada Trio,2,24000.00,48000.00,Standard,,"{""demoLine"": true}"
TAPAS_DOWNTOWN,ORD-TAPAS_DOWNTOWN-00066,1,Seasonal Salad,1,15000.00,15000.00,Standard,,"{""demoLine"": true}"
TAPAS_DOWNTOWN,ORD-TAPAS_DOWNTOWN-00066,2,Grilled Chicken Bowl,1,42000.00,42000.00,Standard,,"{""demoLine"": true}"
ROOFTOP_BAR,ORD-ROOFTOP_BAR-00067,1,Herb Fries,2,13400.00,26800.00,Standard,,"{""demoLine"": true}"
ROOFTOP_BAR,ORD-ROOFTOP_BAR-00068,1,Americano,2,10100.00,20200.00,Standard,,"{""demoLine"": true}"
GARDEN_CAFE,ORD-GARDEN_CAFE-00069,1,Garden Vegetable Pasta,1,33100.00,33100.00,Standard,,"{""demoLine"": true}"
GARDEN_CAFE,ORD-GARDEN_CAFE-00069,2,Mango Passion Juice,1,12900.00,12900.00,Standard,,"{""demoLine"": true}"
GARDEN_CAFE,ORD-GARDEN_CAFE-00069,3,Mushroom Risotto,3,35000.00,105000.00,Standard,,"{""demoLine"": true}"
GARDEN_CAFE,ORD-GARDEN_CAFE-00069,4,Avocado Toast Stack,3,16000.00,48000.00,Standard,,"{""demoLine"": true}"
GARDEN_CAFE,ORD-GARDEN_CAFE-00070,1,Spiced Chai,2,10100.00,20200.00,Standard,,"{""demoLine"": true}"
EVENTS_KITCHEN,ORD-EVENTS_KITCHEN-00071,1,Garlic Flatbread,1,11800.00,11800.00,Standard,,"{""demoLine"": true}"
EVENTS_KITCHEN,ORD-EVENTS_KITCHEN-00071,2,Americano,1,10600.00,10600.00,Standard,,"{""demoLine"": true}"
EVENTS_KITCHEN,ORD-EVENTS_KITCHEN-00071,3,Passion Fruit Cheesecake,2,24800.00,49600.00,Standard,,"{""demoLine"": true}"
EVENTS_KITCHEN,ORD-EVENTS_KITCHEN-00071,4,Sesame Chicken Skewers,3,33000.00,99000.00,Standard,,"{""demoLine"": true}"
EVENTS_KITCHEN,ORD-EVENTS_KITCHEN-00072,1,Chocolate Date Tart,1,28300.00,28300.00,Standard,,"{""demoLine"": true}"
TAPAS_DOWNTOWN,ORD-TAPAS_DOWNTOWN-00073,1,Beef Fillet Plate,1,56000.00,56000.00,Standard,,"{""demoLine"": true}"
TAPAS_DOWNTOWN,ORD-TAPAS_DOWNTOWN-00073,2,Passion Fruit Cheesecake,1,21000.00,21000.00,Standard,,"{""demoLine"": true}"
TAPAS_DOWNTOWN,ORD-TAPAS_DOWNTOWN-00073,3,Matoke Croquettes,2,32000.00,64000.00,Standard,,"{""demoLine"": true}"
TAPAS_DOWNTOWN,ORD-TAPAS_DOWNTOWN-00074,1,Ginger Hibiscus Cooler,2,17000.00,34000.00,Standard,,"{""demoLine"": true}"
TAPAS_DOWNTOWN,ORD-TAPAS_DOWNTOWN-00074,2,Citrus Greens Bowl,2,28000.00,56000.00,Standard,,"{""demoLine"": true}"
TAPAS_DOWNTOWN,ORD-TAPAS_DOWNTOWN-00075,1,Tomato Bruschetta,1,22000.00,22000.00,Standard,,"{""demoLine"": true}"
TAPAS_DOWNTOWN,ORD-TAPAS_DOWNTOWN-00075,2,Crispy Plantain Cups,1,18000.00,18000.00,Standard,,"{""demoLine"": true}"
ROOFTOP_BAR,ORD-ROOFTOP_BAR-00076,1,Mint Lime Sky Spritz,3,17900.00,53700.00,Standard,,"{""demoLine"": true}"
ROOFTOP_BAR,ORD-ROOFTOP_BAR-00077,1,Mint Lime Sky Spritz,2,17900.00,35800.00,Standard,,"{""demoLine"": true}"
ROOFTOP_BAR,ORD-ROOFTOP_BAR-00077,2,Garden Vegetable Pasta,1,40300.00,40300.00,Standard,,"{""demoLine"": true}"
ROOFTOP_BAR,ORD-ROOFTOP_BAR-00077,3,Cranberry Lime Nojito,1,28000.00,28000.00,Standard,,"{""demoLine"": true}"
ROOFTOP_BAR,ORD-ROOFTOP_BAR-00077,4,Spiced Chai,2,12300.00,24600.00,Standard,,"{""demoLine"": true}"
ROOFTOP_BAR,ORD-ROOFTOP_BAR-00078,1,Chocolate Date Tart,3,26900.00,80700.00,Standard,,"{""demoLine"": true}"
GARDEN_CAFE,ORD-GARDEN_CAFE-00079,1,Grilled Chicken Bowl,2,38600.00,77200.00,Standard,,"{""demoLine"": true}"
GARDEN_CAFE,ORD-GARDEN_CAFE-00079,2,Beef Fillet Plate,3,51500.00,154500.00,Standard,,"{""demoLine"": true}"
GARDEN_CAFE,ORD-GARDEN_CAFE-00080,1,Banana Oat Pancakes,3,20000.00,60000.00,Standard,,"{""demoLine"": true}"
GARDEN_CAFE,ORD-GARDEN_CAFE-00080,2,Halloumi Bites,3,23900.00,71700.00,Standard,,"{""demoLine"": true}"
GARDEN_CAFE,ORD-GARDEN_CAFE-00080,3,Iced Vanilla Coffee,1,28000.00,28000.00,Standard,,"{""demoLine"": true}"
GARDEN_CAFE,ORD-GARDEN_CAFE-00080,4,Crispy Plantain Cups,3,16600.00,49800.00,Standard,,"{""demoLine"": true}"
GARDEN_CAFE,ORD-GARDEN_CAFE-00081,1,Banana Oat Pancakes,3,20000.00,60000.00,Standard,,"{""demoLine"": true}"
EVENTS_KITCHEN,ORD-EVENTS_KITCHEN-00082,1,Mint Lime Spritz,1,18900.00,18900.00,Standard,,"{""demoLine"": true}"
EVENTS_KITCHEN,ORD-EVENTS_KITCHEN-00082,2,Grilled Chicken Bowl,3,49600.00,148800.00,Standard,,"{""demoLine"": true}"
EVENTS_KITCHEN,ORD-EVENTS_KITCHEN-00083,1,Conference Tea Service,3,40000.00,120000.00,Standard,,"{""demoLine"": true}"
EVENTS_KITCHEN,ORD-EVENTS_KITCHEN-00084,1,Conference Tea Service,2,40000.00,80000.00,Standard,,"{""demoLine"": true}"
EVENTS_KITCHEN,ORD-EVENTS_KITCHEN-00084,2,Mini Dessert Flight,2,36000.00,72000.00,Standard,,"{""demoLine"": true}"
TAPAS_DOWNTOWN,ORD-TAPAS_DOWNTOWN-00085,1,Garden Vegetable Pasta,2,36000.00,72000.00,Standard,,"{""demoLine"": true}"
TAPAS_DOWNTOWN,ORD-TAPAS_DOWNTOWN-00085,2,Crispy Plantain Cups,1,18000.00,18000.00,Standard,,"{""demoLine"": true}"
TAPAS_DOWNTOWN,ORD-TAPAS_DOWNTOWN-00086,1,Beef Fillet Plate,1,56000.00,56000.00,Standard,,"{""demoLine"": true}"
TAPAS_DOWNTOWN,ORD-TAPAS_DOWNTOWN-00086,2,Citrus Greens Bowl,1,28000.00,28000.00,Standard,,"{""demoLine"": true}"
TAPAS_DOWNTOWN,ORD-TAPAS_DOWNTOWN-00086,3,Garden Vegetable Pasta,1,36000.00,36000.00,Standard,,"{""demoLine"": true}"
TAPAS_DOWNTOWN,ORD-TAPAS_DOWNTOWN-00086,4,Passion Fruit Cheesecake,2,21000.00,42000.00,Standard,,"{""demoLine"": true}"
TAPAS_DOWNTOWN,ORD-TAPAS_DOWNTOWN-00087,1,Tomato Bruschetta,1,22000.00,22000.00,Standard,,"{""demoLine"": true}"
TAPAS_DOWNTOWN,ORD-TAPAS_DOWNTOWN-00087,2,Grilled Chicken Bowl,2,42000.00,84000.00,Standard,,"{""demoLine"": true}"
TAPAS_DOWNTOWN,ORD-TAPAS_DOWNTOWN-00088,1,Smoked Eggplant Dip,2,16000.00,32000.00,Standard,,"{""demoLine"": true}"
ROOFTOP_BAR,ORD-ROOFTOP_BAR-00089,1,Rosemary Tonic Highball,2,24000.00,48000.00,Standard,,"{""demoLine"": true}"
ROOFTOP_BAR,ORD-ROOFTOP_BAR-00090,1,Cucumber Basil Fizz,3,20000.00,60000.00,Standard,,"{""demoLine"": true}"
ROOFTOP_BAR,ORD-ROOFTOP_BAR-00091,1,Cafe Latte,1,13400.00,13400.00,Standard,,"{""demoLine"": true}"
ROOFTOP_BAR,ORD-ROOFTOP_BAR-00091,2,Garlic Flatbread,3,11200.00,33600.00,Standard,,"{""demoLine"": true}"
ROOFTOP_BAR,ORD-ROOFTOP_BAR-00092,1,Cranberry Lime Nojito,1,28000.00,28000.00,Standard,,"{""demoLine"": true}"
ROOFTOP_BAR,ORD-ROOFTOP_BAR-00092,2,Rosemary Tonic Highball,2,24000.00,48000.00,Standard,,"{""demoLine"": true}"
ROOFTOP_BAR,ORD-ROOFTOP_BAR-00092,3,Cucumber Basil Fizz,2,20000.00,40000.00,Standard,,"{""demoLine"": true}"
GARDEN_CAFE,ORD-GARDEN_CAFE-00093,1,Ginger Hibiscus Cooler,1,15600.00,15600.00,Standard,,"{""demoLine"": true}"
GARDEN_CAFE,ORD-GARDEN_CAFE-00093,2,Banana Oat Pancakes,3,20000.00,60000.00,Standard,,"{""demoLine"": true}"
GARDEN_CAFE,ORD-GARDEN_CAFE-00093,3,Garden Vegetable Pasta,2,33100.00,66200.00,Standard,,"{""demoLine"": true}"
GARDEN_CAFE,ORD-GARDEN_CAFE-00093,4,Cafe Latte,3,11000.00,33000.00,Standard,,"{""demoLine"": true}"
GARDEN_CAFE,ORD-GARDEN_CAFE-00094,1,Garden Breakfast Plate,2,24000.00,48000.00,Standard,,"{""demoLine"": true}"
GARDEN_CAFE,ORD-GARDEN_CAFE-00094,2,Berry Yoghurt Bowl,2,32000.00,64000.00,Standard,,"{""demoLine"": true}"
GARDEN_CAFE,ORD-GARDEN_CAFE-00094,3,Crispy Plantain Cups,3,16600.00,49800.00,Standard,,"{""demoLine"": true}"
GARDEN_CAFE,ORD-GARDEN_CAFE-00094,4,Banana Oat Pancakes,3,20000.00,60000.00,Standard,,"{""demoLine"": true}"
GARDEN_CAFE,ORD-GARDEN_CAFE-00095,1,Mango Passion Juice,3,12900.00,38700.00,Standard,,"{""demoLine"": true}"
GARDEN_CAFE,ORD-GARDEN_CAFE-00095,2,Sesame Chicken Skewers,3,25800.00,77400.00,Standard,,"{""demoLine"": true}"
GARDEN_CAFE,ORD-GARDEN_CAFE-00096,1,Berry Yoghurt Bowl,2,32000.00,64000.00,Standard,,"{""demoLine"": true}"
EVENTS_KITCHEN,ORD-EVENTS_KITCHEN-00097,1,Mushroom Risotto,3,44800.00,134400.00,Standard,,"{""demoLine"": true}"
EVENTS_KITCHEN,ORD-EVENTS_KITCHEN-00097,2,Executive Lunch Box,3,28000.00,84000.00,Standard,,"{""demoLine"": true}"
EVENTS_KITCHEN,ORD-EVENTS_KITCHEN-00097,3,Banquet Chicken Tray,3,24000.00,72000.00,Standard,,"{""demoLine"": true}"
EVENTS_KITCHEN,ORD-EVENTS_KITCHEN-00097,4,Vegetable Lasagna Pan,1,32000.00,32000.00,Standard,,"{""demoLine"": true}"
EVENTS_KITCHEN,ORD-EVENTS_KITCHEN-00098,1,Conference Tea Service,3,40000.00,120000.00,Standard,,"{""demoLine"": true}"
EVENTS_KITCHEN,ORD-EVENTS_KITCHEN-00098,2,Beef Fillet Plate,2,66100.00,132200.00,Standard,,"{""demoLine"": true}"
EVENTS_KITCHEN,ORD-EVENTS_KITCHEN-00098,3,Herb Fries,3,14200.00,42600.00,Standard,,"{""demoLine"": true}"
EVENTS_KITCHEN,ORD-EVENTS_KITCHEN-00099,1,Mini Dessert Flight,3,36000.00,108000.00,Standard,,"{""demoLine"": true}"
EVENTS_KITCHEN,ORD-EVENTS_KITCHEN-00100,1,Chocolate Date Tart,2,28300.00,56600.00,Standard,,"{""demoLine"": true}"
TAPAS_DOWNTOWN,ORD-TAPAS_DOWNTOWN-00101,1,Passion Fruit Cheesecake,3,21000.00,63000.00,Standard,,"{""demoLine"": true}"
TAPAS_DOWNTOWN,ORD-TAPAS_DOWNTOWN-00102,1,Ginger Hibiscus Cooler,2,17000.00,34000.00,Standard,,"{""demoLine"": true}"
TAPAS_DOWNTOWN,ORD-TAPAS_DOWNTOWN-00102,2,Passion Fruit Cheesecake,3,21000.00,63000.00,Standard,,"{""demoLine"": true}"
TAPAS_DOWNTOWN,ORD-TAPAS_DOWNTOWN-00102,3,Seasonal Salad,1,15000.00,15000.00,Standard,,"{""demoLine"": true}"
TAPAS_DOWNTOWN,ORD-TAPAS_DOWNTOWN-00103,1,Herb Fries,1,12000.00,12000.00,Standard,,"{""demoLine"": true}"
TAPAS_DOWNTOWN,ORD-TAPAS_DOWNTOWN-00103,2,Grilled Chicken Bowl,2,42000.00,84000.00,Standard,,"{""demoLine"": true}"
TAPAS_DOWNTOWN,ORD-TAPAS_DOWNTOWN-00103,3,Garlic Flatbread,2,10000.00,20000.00,Standard,,"{""demoLine"": true}"
TAPAS_DOWNTOWN,ORD-TAPAS_DOWNTOWN-00103,4,Tomato Bruschetta,3,22000.00,66000.00,Standard,,"{""demoLine"": true}"
TAPAS_DOWNTOWN,ORD-TAPAS_DOWNTOWN-00104,1,Spiced Chai,1,11000.00,11000.00,Standard,,"{""demoLine"": true}"
TAPAS_DOWNTOWN,ORD-TAPAS_DOWNTOWN-00104,2,Mushroom Risotto,2,38000.00,76000.00,Standard,,"{""demoLine"": true}"
TAPAS_DOWNTOWN,ORD-TAPAS_DOWNTOWN-00104,3,Mango Passion Juice,3,14000.00,42000.00,Standard,,"{""demoLine"": true}"
TAPAS_DOWNTOWN,ORD-TAPAS_DOWNTOWN-00105,1,Charred Octopus Style Mushroom,2,20000.00,40000.00,Standard,,"{""demoLine"": true}"
TAPAS_DOWNTOWN,ORD-TAPAS_DOWNTOWN-00105,2,Crispy Plantain Cups,3,18000.00,54000.00,Standard,,"{""demoLine"": true}"
ROOFTOP_BAR,ORD-ROOFTOP_BAR-00106,1,Rosemary Tonic Highball,1,24000.00,24000.00,Standard,,"{""demoLine"": true}"
ROOFTOP_BAR,ORD-ROOFTOP_BAR-00106,2,Passion Fruit Cheesecake,3,23500.00,70500.00,Standard,,"{""demoLine"": true}"
ROOFTOP_BAR,ORD-ROOFTOP_BAR-00107,1,Rosemary Tonic Highball,2,24000.00,48000.00,Standard,,"{""demoLine"": true}"
ROOFTOP_BAR,ORD-ROOFTOP_BAR-00108,1,Halloumi Bites,1,29100.00,29100.00,Standard,,"{""demoLine"": true}"
ROOFTOP_BAR,ORD-ROOFTOP_BAR-00108,2,Garlic Flatbread,1,11200.00,11200.00,Standard,,"{""demoLine"": true}"
ROOFTOP_BAR,ORD-ROOFTOP_BAR-00108,3,Skyline Mezze Cups,1,16000.00,16000.00,Standard,,"{""demoLine"": true}"
ROOFTOP_BAR,ORD-ROOFTOP_BAR-00109,1,Cucumber Basil Fizz,3,20000.00,60000.00,Standard,,"{""demoLine"": true}"
ROOFTOP_BAR,ORD-ROOFTOP_BAR-00109,2,Mango Passion Juice,1,15700.00,15700.00,Standard,,"{""demoLine"": true}"
ROOFTOP_BAR,ORD-ROOFTOP_BAR-00109,3,Herb Fries,2,13400.00,26800.00,Standard,,"{""demoLine"": true}"
ROOFTOP_BAR,ORD-ROOFTOP_BAR-00110,1,Mint Lime Sky Spritz,3,17900.00,53700.00,Standard,,"{""demoLine"": true}"
GARDEN_CAFE,ORD-GARDEN_CAFE-00111,1,Crispy Plantain Cups,1,16600.00,16600.00,Standard,,"{""demoLine"": true}"
GARDEN_CAFE,ORD-GARDEN_CAFE-00111,2,Garden Breakfast Plate,3,24000.00,72000.00,Standard,,"{""demoLine"": true}"
GARDEN_CAFE,ORD-GARDEN_CAFE-00112,1,Ginger Hibiscus Cooler,1,15600.00,15600.00,Standard,,"{""demoLine"": true}"
GARDEN_CAFE,ORD-GARDEN_CAFE-00113,1,Garden Vegetable Pasta,1,33100.00,33100.00,Standard,,"{""demoLine"": true}"
GARDEN_CAFE,ORD-GARDEN_CAFE-00114,1,Ginger Hibiscus Cooler,3,15600.00,46800.00,Standard,,"{""demoLine"": true}"
GARDEN_CAFE,ORD-GARDEN_CAFE-00114,2,Spiced Chai,2,10100.00,20200.00,Standard,,"{""demoLine"": true}"
GARDEN_CAFE,ORD-GARDEN_CAFE-00115,1,Garlic Flatbread,2,9200.00,18400.00,Standard,,"{""demoLine"": true}"
GARDEN_CAFE,ORD-GARDEN_CAFE-00115,2,Mint Lime Spritz,1,14700.00,14700.00,Standard,,"{""demoLine"": true}"
GARDEN_CAFE,ORD-GARDEN_CAFE-00115,3,Garden Breakfast Plate,3,24000.00,72000.00,Standard,,"{""demoLine"": true}"
GARDEN_CAFE,ORD-GARDEN_CAFE-00115,4,Herb Fries,3,11000.00,33000.00,Standard,,"{""demoLine"": true}"
EVENTS_KITCHEN,ORD-EVENTS_KITCHEN-00116,1,Tomato Bruschetta,3,26000.00,78000.00,Standard,,"{""demoLine"": true}"
EVENTS_KITCHEN,ORD-EVENTS_KITCHEN-00116,2,Herb Fries,3,14200.00,42600.00,Standard,,"{""demoLine"": true}"
EVENTS_KITCHEN,ORD-EVENTS_KITCHEN-00116,3,Seasonal Salad,2,17700.00,35400.00,Standard,,"{""demoLine"": true}"
EVENTS_KITCHEN,ORD-EVENTS_KITCHEN-00116,4,Mint Lime Spritz,1,18900.00,18900.00,Standard,,"{""demoLine"": true}"
EVENTS_KITCHEN,ORD-EVENTS_KITCHEN-00117,1,Herb Fries,1,14200.00,14200.00,Standard,,"{""demoLine"": true}"
EVENTS_KITCHEN,ORD-EVENTS_KITCHEN-00117,2,Vegetable Lasagna Pan,3,32000.00,96000.00,Standard,,"{""demoLine"": true}"
EVENTS_KITCHEN,ORD-EVENTS_KITCHEN-00117,3,Garden Vegetable Pasta,3,42500.00,127500.00,Standard,,"{""demoLine"": true}"
EVENTS_KITCHEN,ORD-EVENTS_KITCHEN-00117,4,Banquet Chicken Tray,1,24000.00,24000.00,Standard,,"{""demoLine"": true}"
EVENTS_KITCHEN,ORD-EVENTS_KITCHEN-00118,1,Ginger Hibiscus Cooler,1,20100.00,20100.00,Standard,,"{""demoLine"": true}"
EVENTS_KITCHEN,ORD-EVENTS_KITCHEN-00118,2,Cafe Latte,3,14200.00,42600.00,Standard,,"{""demoLine"": true}"
EVENTS_KITCHEN,ORD-EVENTS_KITCHEN-00118,3,Passion Fruit Cheesecake,3,24800.00,74400.00,Standard,,"{""demoLine"": true}"
EVENTS_KITCHEN,ORD-EVENTS_KITCHEN-00119,1,Grilled Chicken Bowl,3,49600.00,148800.00,Standard,,"{""demoLine"": true}"
EVENTS_KITCHEN,ORD-EVENTS_KITCHEN-00119,2,Mint Lime Spritz,2,18900.00,37800.00,Standard,,"{""demoLine"": true}"
EVENTS_KITCHEN,ORD-EVENTS_KITCHEN-00120,1,Conference Tea Service,1,40000.00,40000.00,Standard,,"{""demoLine"": true}"
EVENTS_KITCHEN,ORD-EVENTS_KITCHEN-00120,2,Corporate Snack Board,2,92000.00,184000.00,Standard,,"{""demoLine"": true}"
EVENTS_KITCHEN,ORD-EVENTS_KITCHEN-00120,3,Mango Passion Juice,3,16500.00,49500.00,Standard,,"{""demoLine"": true}"
TAPAS_DOWNTOWN,ORD-TAPAS_DOWNTOWN-00121,1,Ginger Hibiscus Cooler,3,17000.00,51000.00,Standard,,"{""demoLine"": true}"
ROOFTOP_BAR,ORD-ROOFTOP_BAR-00122,1,Americano,1,10100.00,10100.00,Standard,,"{""demoLine"": true}"
GARDEN_CAFE,ORD-GARDEN_CAFE-00123,1,Passion Fruit Cheesecake,3,19300.00,57900.00,Standard,,"{""demoLine"": true}"
EVENTS_KITCHEN,ORD-EVENTS_KITCHEN-00124,1,Corporate Snack Board,2,92000.00,184000.00,Standard,,"{""demoLine"": true}"
EVENTS_KITCHEN,ORD-EVENTS_KITCHEN-00124,2,Herb Fries,3,14200.00,42600.00,Standard,,"{""demoLine"": true}"
EVENTS_KITCHEN,ORD-EVENTS_KITCHEN-00124,3,Executive Lunch Box,3,28000.00,84000.00,Standard,,"{""demoLine"": true}"
TAPAS_DOWNTOWN,ORD-TAPAS_DOWNTOWN-00125,1,Seasonal Salad,1,15000.00,15000.00,Standard,,"{""demoLine"": true}"
TAPAS_DOWNTOWN,ORD-TAPAS_DOWNTOWN-00125,2,Garden Vegetable Pasta,3,36000.00,108000.00,Standard,,"{""demoLine"": true}"
TAPAS_DOWNTOWN,ORD-TAPAS_DOWNTOWN-00125,3,Garlic Flatbread,2,10000.00,20000.00,Standard,,"{""demoLine"": true}"
TAPAS_DOWNTOWN,ORD-TAPAS_DOWNTOWN-00125,4,Citrus Greens Bowl,3,28000.00,84000.00,Standard,,"{""demoLine"": true}"
TAPAS_DOWNTOWN,ORD-TAPAS_DOWNTOWN-00126,1,Spiced Chai,3,11000.00,33000.00,Standard,,"{""demoLine"": true}"
ROOFTOP_BAR,ORD-ROOFTOP_BAR-00127,1,Night Market Fries,1,32000.00,32000.00,Standard,,"{""demoLine"": true}"
ROOFTOP_BAR,ORD-ROOFTOP_BAR-00128,1,Seasonal Salad,2,16800.00,33600.00,Standard,,"{""demoLine"": true}"
ROOFTOP_BAR,ORD-ROOFTOP_BAR-00128,2,Mint Lime Sky Spritz,3,17900.00,53700.00,Standard,,"{""demoLine"": true}"
ROOFTOP_BAR,ORD-ROOFTOP_BAR-00128,3,Passion Fruit Cheesecake,2,23500.00,47000.00,Standard,,"{""demoLine"": true}"
ROOFTOP_BAR,ORD-ROOFTOP_BAR-00128,4,Garden Vegetable Pasta,2,40300.00,80600.00,Standard,,"{""demoLine"": true}"
GARDEN_CAFE,ORD-GARDEN_CAFE-00129,1,Iced Vanilla Coffee,2,28000.00,56000.00,Standard,,"{""demoLine"": true}"
GARDEN_CAFE,ORD-GARDEN_CAFE-00130,1,Avocado Toast Stack,2,16000.00,32000.00,Standard,,"{""demoLine"": true}"
EVENTS_KITCHEN,ORD-EVENTS_KITCHEN-00131,1,Banquet Mezze Platter,2,112100.00,224200.00,Standard,,"{""demoLine"": true}"
EVENTS_KITCHEN,ORD-EVENTS_KITCHEN-00131,2,Mint Lime Spritz,1,18900.00,18900.00,Standard,,"{""demoLine"": true}"
EVENTS_KITCHEN,ORD-EVENTS_KITCHEN-00131,3,Cafe Latte,3,14200.00,42600.00,Standard,,"{""demoLine"": true}"
EVENTS_KITCHEN,ORD-EVENTS_KITCHEN-00132,1,Conference Tea Service,2,40000.00,80000.00,Standard,,"{""demoLine"": true}"
TAPAS_DOWNTOWN,ORD-TAPAS_DOWNTOWN-00133,1,Charred Octopus Style Mushroom,2,20000.00,40000.00,Standard,,"{""demoLine"": true}"
TAPAS_DOWNTOWN,ORD-TAPAS_DOWNTOWN-00133,2,Chicken Empanada Trio,3,24000.00,72000.00,Standard,,"{""demoLine"": true}"
TAPAS_DOWNTOWN,ORD-TAPAS_DOWNTOWN-00133,3,Mushroom Risotto,1,38000.00,38000.00,Standard,,"{""demoLine"": true}"
TAPAS_DOWNTOWN,ORD-TAPAS_DOWNTOWN-00134,1,Spiced Chai,1,11000.00,11000.00,Standard,,"{""demoLine"": true}"
TAPAS_DOWNTOWN,ORD-TAPAS_DOWNTOWN-00134,2,Smoked Eggplant Dip,3,16000.00,48000.00,Standard,,"{""demoLine"": true}"
TAPAS_DOWNTOWN,ORD-TAPAS_DOWNTOWN-00135,1,Passion Fruit Cheesecake,2,21000.00,42000.00,Standard,,"{""demoLine"": true}"
TAPAS_DOWNTOWN,ORD-TAPAS_DOWNTOWN-00135,2,Charred Octopus Style Mushroom,2,20000.00,40000.00,Standard,,"{""demoLine"": true}"
TAPAS_DOWNTOWN,ORD-TAPAS_DOWNTOWN-00135,3,Crispy Plantain Cups,2,18000.00,36000.00,Standard,,"{""demoLine"": true}"
TAPAS_DOWNTOWN,ORD-TAPAS_DOWNTOWN-00135,4,Seasonal Salad,3,15000.00,45000.00,Standard,,"{""demoLine"": true}"
ROOFTOP_BAR,ORD-ROOFTOP_BAR-00136,1,Tilapia Lemon Herb,1,53800.00,53800.00,Standard,,"{""demoLine"": true}"
ROOFTOP_BAR,ORD-ROOFTOP_BAR-00137,1,Cucumber Basil Fizz,1,20000.00,20000.00,Standard,,"{""demoLine"": true}"
ROOFTOP_BAR,ORD-ROOFTOP_BAR-00137,2,Night Market Fries,3,32000.00,96000.00,Standard,,"{""demoLine"": true}"
ROOFTOP_BAR,ORD-ROOFTOP_BAR-00137,3,Spiced Chai,3,12300.00,36900.00,Standard,,"{""demoLine"": true}"
ROOFTOP_BAR,ORD-ROOFTOP_BAR-00138,1,Mango Passion Juice,3,15700.00,47100.00,Standard,,"{""demoLine"": true}"
ROOFTOP_BAR,ORD-ROOFTOP_BAR-00138,2,Garden Vegetable Pasta,3,40300.00,120900.00,Standard,,"{""demoLine"": true}"
ROOFTOP_BAR,ORD-ROOFTOP_BAR-00138,3,Tilapia Lemon Herb,2,53800.00,107600.00,Standard,,"{""demoLine"": true}"
GARDEN_CAFE,ORD-GARDEN_CAFE-00139,1,Mint Lime Spritz,1,14700.00,14700.00,Standard,,"{""demoLine"": true}"
GARDEN_CAFE,ORD-GARDEN_CAFE-00140,1,Mango Passion Juice,3,12900.00,38700.00,Standard,,"{""demoLine"": true}"
GARDEN_CAFE,ORD-GARDEN_CAFE-00140,2,Sesame Chicken Skewers,1,25800.00,25800.00,Standard,,"{""demoLine"": true}"
GARDEN_CAFE,ORD-GARDEN_CAFE-00140,3,Seasonal Salad,2,13800.00,27600.00,Standard,,"{""demoLine"": true}"
GARDEN_CAFE,ORD-GARDEN_CAFE-00141,1,Avocado Toast Stack,1,16000.00,16000.00,Standard,,"{""demoLine"": true}"
GARDEN_CAFE,ORD-GARDEN_CAFE-00141,2,Ginger Hibiscus Cooler,2,15600.00,31200.00,Standard,,"{""demoLine"": true}"
EVENTS_KITCHEN,ORD-EVENTS_KITCHEN-00142,1,Mango Passion Juice,2,16500.00,33000.00,Standard,,"{""demoLine"": true}"
EVENTS_KITCHEN,ORD-EVENTS_KITCHEN-00142,2,Corporate Snack Board,3,92000.00,276000.00,Standard,,"{""demoLine"": true}"
EVENTS_KITCHEN,ORD-EVENTS_KITCHEN-00142,3,Banquet Chicken Tray,1,24000.00,24000.00,Standard,,"{""demoLine"": true}"
EVENTS_KITCHEN,ORD-EVENTS_KITCHEN-00143,1,Tomato Bruschetta,1,26000.00,26000.00,Standard,,"{""demoLine"": true}"
EVENTS_KITCHEN,ORD-EVENTS_KITCHEN-00143,2,Garlic Flatbread,3,11800.00,35400.00,Standard,,"{""demoLine"": true}"
EVENTS_KITCHEN,ORD-EVENTS_KITCHEN-00144,1,Garden Vegetable Pasta,3,42500.00,127500.00,Standard,,"{""demoLine"": true}"
EVENTS_KITCHEN,ORD-EVENTS_KITCHEN-00144,2,Cafe Latte,1,14200.00,14200.00,Standard,,"{""demoLine"": true}"
EVENTS_KITCHEN,ORD-EVENTS_KITCHEN-00144,3,Passion Fruit Cheesecake,2,24800.00,49600.00,Standard,,"{""demoLine"": true}"
EVENTS_KITCHEN,ORD-EVENTS_KITCHEN-00144,4,Mint Lime Spritz,2,18900.00,37800.00,Standard,,"{""demoLine"": true}"
TAPAS_DOWNTOWN,ORD-TAPAS_DOWNTOWN-00145,1,Halloumi Bites,1,26000.00,26000.00,Standard,,"{""demoLine"": true}"
TAPAS_DOWNTOWN,ORD-TAPAS_DOWNTOWN-00145,2,Charred Octopus Style Mushroom,3,20000.00,60000.00,Standard,,"{""demoLine"": true}"
TAPAS_DOWNTOWN,ORD-TAPAS_DOWNTOWN-00146,1,Seasonal Salad,3,15000.00,45000.00,Standard,,"{""demoLine"": true}"
TAPAS_DOWNTOWN,ORD-TAPAS_DOWNTOWN-00146,2,Halloumi Bites,1,26000.00,26000.00,Standard,,"{""demoLine"": true}"
TAPAS_DOWNTOWN,ORD-TAPAS_DOWNTOWN-00146,3,Sesame Chicken Skewers,2,28000.00,56000.00,Standard,,"{""demoLine"": true}"
TAPAS_DOWNTOWN,ORD-TAPAS_DOWNTOWN-00146,4,Crispy Plantain Cups,3,18000.00,54000.00,Standard,,"{""demoLine"": true}"
TAPAS_DOWNTOWN,ORD-TAPAS_DOWNTOWN-00147,1,Herb Fries,1,12000.00,12000.00,Standard,,"{""demoLine"": true}"
TAPAS_DOWNTOWN,ORD-TAPAS_DOWNTOWN-00147,2,Beef Fillet Plate,3,56000.00,168000.00,Standard,,"{""demoLine"": true}"
TAPAS_DOWNTOWN,ORD-TAPAS_DOWNTOWN-00147,3,Halloumi Bites,3,26000.00,78000.00,Standard,,"{""demoLine"": true}"
TAPAS_DOWNTOWN,ORD-TAPAS_DOWNTOWN-00148,1,Matoke Croquettes,2,32000.00,64000.00,Standard,,"{""demoLine"": true}"
ROOFTOP_BAR,ORD-ROOFTOP_BAR-00149,1,Tomato Bruschetta,2,24600.00,49200.00,Standard,,"{""demoLine"": true}"
ROOFTOP_BAR,ORD-ROOFTOP_BAR-00150,1,Ginger Hibiscus Rooftop Cooler,1,19000.00,19000.00,Standard,,"{""demoLine"": true}"
ROOFTOP_BAR,ORD-ROOFTOP_BAR-00151,1,Tomato Bruschetta,2,24600.00,49200.00,Standard,,"{""demoLine"": true}"
ROOFTOP_BAR,ORD-ROOFTOP_BAR-00151,2,Garlic Flatbread,1,11200.00,11200.00,Standard,,"{""demoLine"": true}"
ROOFTOP_BAR,ORD-ROOFTOP_BAR-00151,3,Sesame Chicken Skewers,2,31400.00,62800.00,Standard,,"{""demoLine"": true}"
ROOFTOP_BAR,ORD-ROOFTOP_BAR-00151,4,Americano,1,10100.00,10100.00,Standard,,"{""demoLine"": true}"
ROOFTOP_BAR,ORD-ROOFTOP_BAR-00152,1,Mango Passion Juice,3,15700.00,47100.00,Standard,,"{""demoLine"": true}"
ROOFTOP_BAR,ORD-ROOFTOP_BAR-00152,2,Halloumi Bites,3,29100.00,87300.00,Standard,,"{""demoLine"": true}"
ROOFTOP_BAR,ORD-ROOFTOP_BAR-00152,3,Passion Fruit Cheesecake,2,23500.00,47000.00,Standard,,"{""demoLine"": true}"
ROOFTOP_BAR,ORD-ROOFTOP_BAR-00152,4,Cafe Latte,3,13400.00,40200.00,Standard,,"{""demoLine"": true}"
GARDEN_CAFE,ORD-GARDEN_CAFE-00153,1,Garden Breakfast Plate,1,24000.00,24000.00,Standard,,"{""demoLine"": true}"
GARDEN_CAFE,ORD-GARDEN_CAFE-00153,2,Garden Vegetable Pasta,3,33100.00,99300.00,Standard,,"{""demoLine"": true}"
GARDEN_CAFE,ORD-GARDEN_CAFE-00154,1,Grilled Chicken Bowl,1,38600.00,38600.00,Standard,,"{""demoLine"": true}"
GARDEN_CAFE,ORD-GARDEN_CAFE-00154,2,Sesame Chicken Skewers,1,25800.00,25800.00,Standard,,"{""demoLine"": true}"
GARDEN_CAFE,ORD-GARDEN_CAFE-00154,3,Chocolate Date Tart,2,22100.00,44200.00,Standard,,"{""demoLine"": true}"
GARDEN_CAFE,ORD-GARDEN_CAFE-00155,1,Ginger Hibiscus Cooler,1,15600.00,15600.00,Standard,,"{""demoLine"": true}"
GARDEN_CAFE,ORD-GARDEN_CAFE-00156,1,Sesame Chicken Skewers,2,25800.00,51600.00,Standard,,"{""demoLine"": true}"
GARDEN_CAFE,ORD-GARDEN_CAFE-00156,2,Mushroom Risotto,2,35000.00,70000.00,Standard,,"{""demoLine"": true}"
GARDEN_CAFE,ORD-GARDEN_CAFE-00156,3,Spiced Chai,2,10100.00,20200.00,Standard,,"{""demoLine"": true}"
EVENTS_KITCHEN,ORD-EVENTS_KITCHEN-00157,1,Cafe Latte,2,14200.00,28400.00,Standard,,"{""demoLine"": true}"
EVENTS_KITCHEN,ORD-EVENTS_KITCHEN-00157,2,Chocolate Date Tart,3,28300.00,84900.00,Standard,,"{""demoLine"": true}"
EVENTS_KITCHEN,ORD-EVENTS_KITCHEN-00158,1,Chocolate Date Tart,3,28300.00,84900.00,Standard,,"{""demoLine"": true}"
EVENTS_KITCHEN,ORD-EVENTS_KITCHEN-00159,1,Herb Fries,1,14200.00,14200.00,Standard,,"{""demoLine"": true}"
EVENTS_KITCHEN,ORD-EVENTS_KITCHEN-00159,2,Grilled Chicken Bowl,2,49600.00,99200.00,Standard,,"{""demoLine"": true}"
EVENTS_KITCHEN,ORD-EVENTS_KITCHEN-00160,1,Banquet Mezze Platter,2,112100.00,224200.00,Standard,,"{""demoLine"": true}"
EVENTS_KITCHEN,ORD-EVENTS_KITCHEN-00160,2,Chocolate Date Tart,2,28300.00,56600.00,Standard,,"{""demoLine"": true}"
TAPAS_DOWNTOWN,ORD-TAPAS_DOWNTOWN-00161,1,Tilapia Lemon Herb,2,48000.00,96000.00,Standard,,"{""demoLine"": true}"
TAPAS_DOWNTOWN,ORD-TAPAS_DOWNTOWN-00162,1,Ginger Hibiscus Cooler,3,17000.00,51000.00,Standard,,"{""demoLine"": true}"
TAPAS_DOWNTOWN,ORD-TAPAS_DOWNTOWN-00163,1,Chicken Empanada Trio,3,24000.00,72000.00,Standard,,"{""demoLine"": true}"
TAPAS_DOWNTOWN,ORD-TAPAS_DOWNTOWN-00163,2,Tilapia Lemon Herb,2,48000.00,96000.00,Standard,,"{""demoLine"": true}"
TAPAS_DOWNTOWN,ORD-TAPAS_DOWNTOWN-00164,1,Grilled Chicken Bowl,3,42000.00,126000.00,Standard,,"{""demoLine"": true}"
TAPAS_DOWNTOWN,ORD-TAPAS_DOWNTOWN-00165,1,Americano,3,9000.00,27000.00,Standard,,"{""demoLine"": true}"
TAPAS_DOWNTOWN,ORD-TAPAS_DOWNTOWN-00165,2,Spiced Chai,3,11000.00,33000.00,Standard,,"{""demoLine"": true}"
TAPAS_DOWNTOWN,ORD-TAPAS_DOWNTOWN-00165,3,Chicken Empanada Trio,2,24000.00,48000.00,Standard,,"{""demoLine"": true}"
ROOFTOP_BAR,ORD-ROOFTOP_BAR-00166,1,Americano,2,10100.00,20200.00,Standard,,"{""demoLine"": true}"
ROOFTOP_BAR,ORD-ROOFTOP_BAR-00166,2,Skyline Mezze Cups,1,16000.00,16000.00,Standard,,"{""demoLine"": true}"
ROOFTOP_BAR,ORD-ROOFTOP_BAR-00166,3,Tomato Bruschetta,3,24600.00,73800.00,Standard,,"{""demoLine"": true}"
ROOFTOP_BAR,ORD-ROOFTOP_BAR-00167,1,Halloumi Bites,2,29100.00,58200.00,Standard,,"{""demoLine"": true}"
ROOFTOP_BAR,ORD-ROOFTOP_BAR-00167,2,Seasonal Salad,3,16800.00,50400.00,Standard,,"{""demoLine"": true}"
ROOFTOP_BAR,ORD-ROOFTOP_BAR-00167,3,Mango Passion Juice,3,15700.00,47100.00,Standard,,"{""demoLine"": true}"
ROOFTOP_BAR,ORD-ROOFTOP_BAR-00168,1,Seasonal Salad,3,16800.00,50400.00,Standard,,"{""demoLine"": true}"
ROOFTOP_BAR,ORD-ROOFTOP_BAR-00169,1,Crispy Plantain Cups,3,20200.00,60600.00,Standard,,"{""demoLine"": true}"
ROOFTOP_BAR,ORD-ROOFTOP_BAR-00169,2,Rosemary Tonic Highball,1,24000.00,24000.00,Standard,,"{""demoLine"": true}"
ROOFTOP_BAR,ORD-ROOFTOP_BAR-00170,1,Tomato Bruschetta,3,24600.00,73800.00,Standard,,"{""demoLine"": true}"
GARDEN_CAFE,ORD-GARDEN_CAFE-00171,1,Seasonal Salad,2,13800.00,27600.00,Standard,,"{""demoLine"": true}"
GARDEN_CAFE,ORD-GARDEN_CAFE-00171,2,Mint Lime Spritz,1,14700.00,14700.00,Standard,,"{""demoLine"": true}"
GARDEN_CAFE,ORD-GARDEN_CAFE-00172,1,Mint Lime Spritz,2,14700.00,29400.00,Standard,,"{""demoLine"": true}"
GARDEN_CAFE,ORD-GARDEN_CAFE-00172,2,Garden Breakfast Plate,2,24000.00,48000.00,Standard,,"{""demoLine"": true}"
GARDEN_CAFE,ORD-GARDEN_CAFE-00172,3,Ginger Hibiscus Cooler,2,15600.00,31200.00,Standard,,"{""demoLine"": true}"
GARDEN_CAFE,ORD-GARDEN_CAFE-00172,4,Banana Oat Pancakes,2,20000.00,40000.00,Standard,,"{""demoLine"": true}"
GARDEN_CAFE,ORD-GARDEN_CAFE-00173,1,Spiced Chai,3,10100.00,30300.00,Standard,,"{""demoLine"": true}"
GARDEN_CAFE,ORD-GARDEN_CAFE-00173,2,Halloumi Bites,1,23900.00,23900.00,Standard,,"{""demoLine"": true}"
GARDEN_CAFE,ORD-GARDEN_CAFE-00173,3,Passion Fruit Cheesecake,1,19300.00,19300.00,Standard,,"{""demoLine"": true}"
GARDEN_CAFE,ORD-GARDEN_CAFE-00174,1,Crispy Plantain Cups,2,16600.00,33200.00,Standard,,"{""demoLine"": true}"
GARDEN_CAFE,ORD-GARDEN_CAFE-00174,2,Cafe Latte,2,11000.00,22000.00,Standard,,"{""demoLine"": true}"
GARDEN_CAFE,ORD-GARDEN_CAFE-00174,3,Passion Fruit Cheesecake,3,19300.00,57900.00,Standard,,"{""demoLine"": true}"
GARDEN_CAFE,ORD-GARDEN_CAFE-00174,4,Mint Lime Spritz,1,14700.00,14700.00,Standard,,"{""demoLine"": true}"
GARDEN_CAFE,ORD-GARDEN_CAFE-00175,1,Crispy Plantain Cups,2,16600.00,33200.00,Standard,,"{""demoLine"": true}"
EVENTS_KITCHEN,ORD-EVENTS_KITCHEN-00176,1,Banquet Chicken Tray,2,24000.00,48000.00,Standard,,"{""demoLine"": true}"
EVENTS_KITCHEN,ORD-EVENTS_KITCHEN-00176,2,Garlic Flatbread,1,11800.00,11800.00,Standard,,"{""demoLine"": true}"
EVENTS_KITCHEN,ORD-EVENTS_KITCHEN-00177,1,Conference Tea Service,3,40000.00,120000.00,Standard,,"{""demoLine"": true}"
EVENTS_KITCHEN,ORD-EVENTS_KITCHEN-00177,2,Mini Dessert Flight,3,36000.00,108000.00,Standard,,"{""demoLine"": true}"
EVENTS_KITCHEN,ORD-EVENTS_KITCHEN-00177,3,Banquet Mezze Platter,1,112100.00,112100.00,Standard,,"{""demoLine"": true}"
EVENTS_KITCHEN,ORD-EVENTS_KITCHEN-00178,1,Vegetable Lasagna Pan,3,32000.00,96000.00,Standard,,"{""demoLine"": true}"
EVENTS_KITCHEN,ORD-EVENTS_KITCHEN-00179,1,Tilapia Lemon Herb,3,56600.00,169800.00,Standard,,"{""demoLine"": true}"
EVENTS_KITCHEN,ORD-EVENTS_KITCHEN-00180,1,Herb Fries,1,14200.00,14200.00,Standard,,"{""demoLine"": true}"
TAPAS_DOWNTOWN,ORD-TAPAS_DOWNTOWN-00181,1,Matoke Croquettes,1,32000.00,32000.00,Standard,,"{""demoLine"": true}"
TAPAS_DOWNTOWN,ORD-TAPAS_DOWNTOWN-00181,2,Smoked Eggplant Dip,2,16000.00,32000.00,Standard,,"{""demoLine"": true}"
TAPAS_DOWNTOWN,ORD-TAPAS_DOWNTOWN-00181,3,Beef Fillet Plate,3,56000.00,168000.00,Standard,,"{""demoLine"": true}"
TAPAS_DOWNTOWN,ORD-TAPAS_DOWNTOWN-00181,4,Grilled Chicken Bowl,1,42000.00,42000.00,Standard,,"{""demoLine"": true}"
ROOFTOP_BAR,ORD-ROOFTOP_BAR-00182,1,Spiced Chai,3,12300.00,36900.00,Standard,,"{""demoLine"": true}"
ROOFTOP_BAR,ORD-ROOFTOP_BAR-00182,2,Tilapia Lemon Herb,2,53800.00,107600.00,Standard,,"{""demoLine"": true}"
ROOFTOP_BAR,ORD-ROOFTOP_BAR-00182,3,Ginger Hibiscus Rooftop Cooler,3,19000.00,57000.00,Standard,,"{""demoLine"": true}"
GARDEN_CAFE,ORD-GARDEN_CAFE-00183,1,Garlic Flatbread,2,9200.00,18400.00,Standard,,"{""demoLine"": true}"
EVENTS_KITCHEN,ORD-EVENTS_KITCHEN-00184,1,Corporate Snack Board,3,92000.00,276000.00,Standard,,"{""demoLine"": true}"
EVENTS_KITCHEN,ORD-EVENTS_KITCHEN-00184,2,Executive Lunch Box,2,28000.00,56000.00,Standard,,"{""demoLine"": true}"
EVENTS_KITCHEN,ORD-EVENTS_KITCHEN-00184,3,Garden Vegetable Pasta,3,42500.00,127500.00,Standard,,"{""demoLine"": true}"
TAPAS_DOWNTOWN,ORD-TAPAS_DOWNTOWN-00185,1,Smoked Eggplant Dip,1,16000.00,16000.00,Standard,,"{""demoLine"": true}"
TAPAS_DOWNTOWN,ORD-TAPAS_DOWNTOWN-00185,2,Garden Vegetable Pasta,3,36000.00,108000.00,Standard,,"{""demoLine"": true}"
TAPAS_DOWNTOWN,ORD-TAPAS_DOWNTOWN-00185,3,Spiced Chai,3,11000.00,33000.00,Standard,,"{""demoLine"": true}"
TAPAS_DOWNTOWN,ORD-TAPAS_DOWNTOWN-00185,4,Tilapia Lemon Herb,2,48000.00,96000.00,Standard,,"{""demoLine"": true}"
TAPAS_DOWNTOWN,ORD-TAPAS_DOWNTOWN-00186,1,Beef Fillet Plate,3,56000.00,168000.00,Standard,,"{""demoLine"": true}"
TAPAS_DOWNTOWN,ORD-TAPAS_DOWNTOWN-00186,2,Tomato Bruschetta,1,22000.00,22000.00,Standard,,"{""demoLine"": true}"
ROOFTOP_BAR,ORD-ROOFTOP_BAR-00187,1,Herb Fries,3,13400.00,40200.00,Standard,,"{""demoLine"": true}"
ROOFTOP_BAR,ORD-ROOFTOP_BAR-00187,2,Ginger Hibiscus Rooftop Cooler,3,19000.00,57000.00,Standard,,"{""demoLine"": true}"
ROOFTOP_BAR,ORD-ROOFTOP_BAR-00187,3,Halloumi Bites,2,29100.00,58200.00,Standard,,"{""demoLine"": true}"
ROOFTOP_BAR,ORD-ROOFTOP_BAR-00188,1,Rosemary Tonic Highball,2,24000.00,48000.00,Standard,,"{""demoLine"": true}"
ROOFTOP_BAR,ORD-ROOFTOP_BAR-00188,2,Seasonal Salad,3,16800.00,50400.00,Standard,,"{""demoLine"": true}"
GARDEN_CAFE,ORD-GARDEN_CAFE-00189,1,Berry Yoghurt Bowl,3,32000.00,96000.00,Standard,,"{""demoLine"": true}"
GARDEN_CAFE,ORD-GARDEN_CAFE-00189,2,Garden Vegetable Pasta,3,33100.00,99300.00,Standard,,"{""demoLine"": true}"
GARDEN_CAFE,ORD-GARDEN_CAFE-00189,3,Garden Breakfast Plate,1,24000.00,24000.00,Standard,,"{""demoLine"": true}"
GARDEN_CAFE,ORD-GARDEN_CAFE-00190,1,Halloumi Bites,1,23900.00,23900.00,Standard,,"{""demoLine"": true}"
GARDEN_CAFE,ORD-GARDEN_CAFE-00190,2,Garden Vegetable Pasta,2,33100.00,66200.00,Standard,,"{""demoLine"": true}"
EVENTS_KITCHEN,ORD-EVENTS_KITCHEN-00191,1,Passion Fruit Cheesecake,1,24800.00,24800.00,Standard,,"{""demoLine"": true}"
EVENTS_KITCHEN,ORD-EVENTS_KITCHEN-00192,1,Beef Fillet Plate,1,66100.00,66100.00,Standard,,"{""demoLine"": true}"
EVENTS_KITCHEN,ORD-EVENTS_KITCHEN-00192,2,Grilled Chicken Bowl,1,49600.00,49600.00,Standard,,"{""demoLine"": true}"
EVENTS_KITCHEN,ORD-EVENTS_KITCHEN-00192,3,Herb Fries,3,14200.00,42600.00,Standard,,"{""demoLine"": true}"
TAPAS_DOWNTOWN,ORD-TAPAS_DOWNTOWN-00193,1,Sesame Chicken Skewers,1,28000.00,28000.00,Standard,,"{""demoLine"": true}"
TAPAS_DOWNTOWN,ORD-TAPAS_DOWNTOWN-00194,1,Chicken Empanada Trio,2,24000.00,48000.00,Standard,,"{""demoLine"": true}"
TAPAS_DOWNTOWN,ORD-TAPAS_DOWNTOWN-00195,1,Tomato Bruschetta,2,22000.00,44000.00,Standard,,"{""demoLine"": true}"
TAPAS_DOWNTOWN,ORD-TAPAS_DOWNTOWN-00195,2,Charred Octopus Style Mushroom,3,20000.00,60000.00,Standard,,"{""demoLine"": true}"
ROOFTOP_BAR,ORD-ROOFTOP_BAR-00196,1,Sesame Chicken Skewers,3,31400.00,94200.00,Standard,,"{""demoLine"": true}"
ROOFTOP_BAR,ORD-ROOFTOP_BAR-00196,2,Ginger Hibiscus Rooftop Cooler,3,19000.00,57000.00,Standard,,"{""demoLine"": true}"
ROOFTOP_BAR,ORD-ROOFTOP_BAR-00197,1,Spiced Chai,1,12300.00,12300.00,Standard,,"{""demoLine"": true}"
ROOFTOP_BAR,ORD-ROOFTOP_BAR-00198,1,Sesame Chicken Skewers,1,31400.00,31400.00,Standard,,"{""demoLine"": true}"
ROOFTOP_BAR,ORD-ROOFTOP_BAR-00198,2,Skyline Mezze Cups,2,16000.00,32000.00,Standard,,"{""demoLine"": true}"
ROOFTOP_BAR,ORD-ROOFTOP_BAR-00198,3,Ginger Hibiscus Rooftop Cooler,1,19000.00,19000.00,Standard,,"{""demoLine"": true}"
GARDEN_CAFE,ORD-GARDEN_CAFE-00199,1,Herb Fries,1,11000.00,11000.00,Standard,,"{""demoLine"": true}"
GARDEN_CAFE,ORD-GARDEN_CAFE-00199,2,Garlic Flatbread,2,9200.00,18400.00,Standard,,"{""demoLine"": true}"
GARDEN_CAFE,ORD-GARDEN_CAFE-00199,3,Iced Vanilla Coffee,3,28000.00,84000.00,Standard,,"{""demoLine"": true}"
GARDEN_CAFE,ORD-GARDEN_CAFE-00200,1,Mint Lime Spritz,1,14700.00,14700.00,Standard,,"{""demoLine"": true}"
GARDEN_CAFE,ORD-GARDEN_CAFE-00201,1,Herb Fries,3,11000.00,33000.00,Standard,,"{""demoLine"": true}"
GARDEN_CAFE,ORD-GARDEN_CAFE-00201,2,Banana Oat Pancakes,1,20000.00,20000.00,Standard,,"{""demoLine"": true}"
GARDEN_CAFE,ORD-GARDEN_CAFE-00201,3,Garden Breakfast Plate,1,24000.00,24000.00,Standard,,"{""demoLine"": true}"
EVENTS_KITCHEN,ORD-EVENTS_KITCHEN-00202,1,Executive Lunch Box,1,28000.00,28000.00,Standard,,"{""demoLine"": true}"
EVENTS_KITCHEN,ORD-EVENTS_KITCHEN-00203,1,Mushroom Risotto,1,44800.00,44800.00,Standard,,"{""demoLine"": true}"
EVENTS_KITCHEN,ORD-EVENTS_KITCHEN-00203,2,Banquet Mezze Platter,2,112100.00,224200.00,Standard,,"{""demoLine"": true}"
EVENTS_KITCHEN,ORD-EVENTS_KITCHEN-00204,1,Crispy Plantain Cups,2,21200.00,42400.00,Standard,,"{""demoLine"": true}"
EVENTS_KITCHEN,ORD-EVENTS_KITCHEN-00204,2,Herb Fries,1,14200.00,14200.00,Standard,,"{""demoLine"": true}"
EVENTS_KITCHEN,ORD-EVENTS_KITCHEN-00204,3,Americano,3,10600.00,31800.00,Standard,,"{""demoLine"": true}"
TAPAS_DOWNTOWN,ORD-TAPAS_DOWNTOWN-00205,1,Seasonal Salad,3,15000.00,45000.00,Standard,,"{""demoLine"": true}"
TAPAS_DOWNTOWN,ORD-TAPAS_DOWNTOWN-00205,2,Americano,1,9000.00,9000.00,Standard,,"{""demoLine"": true}"
TAPAS_DOWNTOWN,ORD-TAPAS_DOWNTOWN-00205,3,Chocolate Date Tart,3,24000.00,72000.00,Standard,,"{""demoLine"": true}"
TAPAS_DOWNTOWN,ORD-TAPAS_DOWNTOWN-00205,4,Citrus Greens Bowl,2,28000.00,56000.00,Standard,,"{""demoLine"": true}"
TAPAS_DOWNTOWN,ORD-TAPAS_DOWNTOWN-00206,1,Mint Lime Spritz,2,16000.00,32000.00,Standard,,"{""demoLine"": true}"
TAPAS_DOWNTOWN,ORD-TAPAS_DOWNTOWN-00206,2,Chicken Empanada Trio,3,24000.00,72000.00,Standard,,"{""demoLine"": true}"
TAPAS_DOWNTOWN,ORD-TAPAS_DOWNTOWN-00206,3,Herb Fries,2,12000.00,24000.00,Standard,,"{""demoLine"": true}"
TAPAS_DOWNTOWN,ORD-TAPAS_DOWNTOWN-00206,4,Ginger Hibiscus Cooler,2,17000.00,34000.00,Standard,,"{""demoLine"": true}"
TAPAS_DOWNTOWN,ORD-TAPAS_DOWNTOWN-00207,1,Beef Fillet Plate,1,56000.00,56000.00,Standard,,"{""demoLine"": true}"
TAPAS_DOWNTOWN,ORD-TAPAS_DOWNTOWN-00207,2,Charred Octopus Style Mushroom,1,20000.00,20000.00,Standard,,"{""demoLine"": true}"
TAPAS_DOWNTOWN,ORD-TAPAS_DOWNTOWN-00208,1,Mint Lime Spritz,1,16000.00,16000.00,Standard,,"{""demoLine"": true}"
TAPAS_DOWNTOWN,ORD-TAPAS_DOWNTOWN-00208,2,Ginger Hibiscus Cooler,1,17000.00,17000.00,Standard,,"{""demoLine"": true}"
TAPAS_DOWNTOWN,ORD-TAPAS_DOWNTOWN-00208,3,Grilled Chicken Bowl,2,42000.00,84000.00,Standard,,"{""demoLine"": true}"
TAPAS_DOWNTOWN,ORD-TAPAS_DOWNTOWN-00208,4,Passion Fruit Cheesecake,2,21000.00,42000.00,Standard,,"{""demoLine"": true}"
ROOFTOP_BAR,ORD-ROOFTOP_BAR-00209,1,Tomato Bruschetta,3,24600.00,73800.00,Standard,,"{""demoLine"": true}"
ROOFTOP_BAR,ORD-ROOFTOP_BAR-00209,2,Garden Vegetable Pasta,2,40300.00,80600.00,Standard,,"{""demoLine"": true}"
ROOFTOP_BAR,ORD-ROOFTOP_BAR-00209,3,Rosemary Tonic Highball,1,24000.00,24000.00,Standard,,"{""demoLine"": true}"
ROOFTOP_BAR,ORD-ROOFTOP_BAR-00209,4,Halloumi Bites,2,29100.00,58200.00,Standard,,"{""demoLine"": true}"
ROOFTOP_BAR,ORD-ROOFTOP_BAR-00210,1,Mint Lime Sky Spritz,3,17900.00,53700.00,Standard,,"{""demoLine"": true}"
ROOFTOP_BAR,ORD-ROOFTOP_BAR-00210,2,Cranberry Lime Nojito,2,28000.00,56000.00,Standard,,"{""demoLine"": true}"
ROOFTOP_BAR,ORD-ROOFTOP_BAR-00211,1,Ginger Hibiscus Rooftop Cooler,3,19000.00,57000.00,Standard,,"{""demoLine"": true}"
ROOFTOP_BAR,ORD-ROOFTOP_BAR-00211,2,Cucumber Basil Fizz,1,20000.00,20000.00,Standard,,"{""demoLine"": true}"
ROOFTOP_BAR,ORD-ROOFTOP_BAR-00211,3,Mint Lime Sky Spritz,3,17900.00,53700.00,Standard,,"{""demoLine"": true}"
ROOFTOP_BAR,ORD-ROOFTOP_BAR-00211,4,Spiced Chai,2,12300.00,24600.00,Standard,,"{""demoLine"": true}"
ROOFTOP_BAR,ORD-ROOFTOP_BAR-00212,1,Herb Fries,1,13400.00,13400.00,Standard,,"{""demoLine"": true}"
ROOFTOP_BAR,ORD-ROOFTOP_BAR-00212,2,Cranberry Lime Nojito,3,28000.00,84000.00,Standard,,"{""demoLine"": true}"
GARDEN_CAFE,ORD-GARDEN_CAFE-00213,1,Mushroom Risotto,3,35000.00,105000.00,Standard,,"{""demoLine"": true}"
GARDEN_CAFE,ORD-GARDEN_CAFE-00213,2,Halloumi Bites,1,23900.00,23900.00,Standard,,"{""demoLine"": true}"
GARDEN_CAFE,ORD-GARDEN_CAFE-00213,3,Seasonal Salad,2,13800.00,27600.00,Standard,,"{""demoLine"": true}"
GARDEN_CAFE,ORD-GARDEN_CAFE-00214,1,Tomato Bruschetta,2,20200.00,40400.00,Standard,,"{""demoLine"": true}"
GARDEN_CAFE,ORD-GARDEN_CAFE-00214,2,Avocado Toast Stack,3,16000.00,48000.00,Standard,,"{""demoLine"": true}"
GARDEN_CAFE,ORD-GARDEN_CAFE-00214,3,Sesame Chicken Skewers,1,25800.00,25800.00,Standard,,"{""demoLine"": true}"
GARDEN_CAFE,ORD-GARDEN_CAFE-00215,1,Tomato Bruschetta,1,20200.00,20200.00,Standard,,"{""demoLine"": true}"
GARDEN_CAFE,ORD-GARDEN_CAFE-00215,2,Banana Oat Pancakes,1,20000.00,20000.00,Standard,,"{""demoLine"": true}"
GARDEN_CAFE,ORD-GARDEN_CAFE-00215,3,Tilapia Lemon Herb,3,44200.00,132600.00,Standard,,"{""demoLine"": true}"
GARDEN_CAFE,ORD-GARDEN_CAFE-00215,4,Iced Vanilla Coffee,2,28000.00,56000.00,Standard,,"{""demoLine"": true}"
GARDEN_CAFE,ORD-GARDEN_CAFE-00216,1,Iced Vanilla Coffee,1,28000.00,28000.00,Standard,,"{""demoLine"": true}"
GARDEN_CAFE,ORD-GARDEN_CAFE-00216,2,Cafe Latte,1,11000.00,11000.00,Standard,,"{""demoLine"": true}"
GARDEN_CAFE,ORD-GARDEN_CAFE-00216,3,Garden Breakfast Plate,3,24000.00,72000.00,Standard,,"{""demoLine"": true}"
GARDEN_CAFE,ORD-GARDEN_CAFE-00216,4,Garlic Flatbread,1,9200.00,9200.00,Standard,,"{""demoLine"": true}"
EVENTS_KITCHEN,ORD-EVENTS_KITCHEN-00217,1,Herb Fries,2,14200.00,28400.00,Standard,,"{""demoLine"": true}"
EVENTS_KITCHEN,ORD-EVENTS_KITCHEN-00218,1,Conference Tea Service,3,40000.00,120000.00,Standard,,"{""demoLine"": true}"
EVENTS_KITCHEN,ORD-EVENTS_KITCHEN-00218,2,Herb Fries,3,14200.00,42600.00,Standard,,"{""demoLine"": true}"
EVENTS_KITCHEN,ORD-EVENTS_KITCHEN-00218,3,Mushroom Risotto,2,44800.00,89600.00,Standard,,"{""demoLine"": true}"
EVENTS_KITCHEN,ORD-EVENTS_KITCHEN-00219,1,Cafe Latte,3,14200.00,42600.00,Standard,,"{""demoLine"": true}"
EVENTS_KITCHEN,ORD-EVENTS_KITCHEN-00219,2,Banquet Mezze Platter,3,112100.00,336300.00,Standard,,"{""demoLine"": true}"
EVENTS_KITCHEN,ORD-EVENTS_KITCHEN-00219,3,Passion Fruit Cheesecake,2,24800.00,49600.00,Standard,,"{""demoLine"": true}"
EVENTS_KITCHEN,ORD-EVENTS_KITCHEN-00219,4,Beef Fillet Plate,1,66100.00,66100.00,Standard,,"{""demoLine"": true}"
EVENTS_KITCHEN,ORD-EVENTS_KITCHEN-00220,1,Executive Lunch Box,1,28000.00,28000.00,Standard,,"{""demoLine"": true}"
EVENTS_KITCHEN,ORD-EVENTS_KITCHEN-00220,2,Conference Tea Service,1,40000.00,40000.00,Standard,,"{""demoLine"": true}"
TAPAS_DOWNTOWN,ORD-TAPAS_DOWNTOWN-00221,1,Mint Lime Spritz,3,16000.00,48000.00,Standard,,"{""demoLine"": true}"
TAPAS_DOWNTOWN,ORD-TAPAS_DOWNTOWN-00222,1,Mint Lime Spritz,2,16000.00,32000.00,Standard,,"{""demoLine"": true}"
TAPAS_DOWNTOWN,ORD-TAPAS_DOWNTOWN-00223,1,Mushroom Risotto,3,38000.00,114000.00,Standard,,"{""demoLine"": true}"
TAPAS_DOWNTOWN,ORD-TAPAS_DOWNTOWN-00223,2,Grilled Chicken Bowl,3,42000.00,126000.00,Standard,,"{""demoLine"": true}"
TAPAS_DOWNTOWN,ORD-TAPAS_DOWNTOWN-00224,1,Grilled Chicken Bowl,2,42000.00,84000.00,Standard,,"{""demoLine"": true}"
TAPAS_DOWNTOWN,ORD-TAPAS_DOWNTOWN-00225,1,Seasonal Salad,1,15000.00,15000.00,Standard,,"{""demoLine"": true}"
TAPAS_DOWNTOWN,ORD-TAPAS_DOWNTOWN-00225,2,Beef Fillet Plate,2,56000.00,112000.00,Standard,,"{""demoLine"": true}"
ROOFTOP_BAR,ORD-ROOFTOP_BAR-00226,1,Tilapia Lemon Herb,2,53800.00,107600.00,Standard,,"{""demoLine"": true}"
ROOFTOP_BAR,ORD-ROOFTOP_BAR-00226,2,Seasonal Salad,1,16800.00,16800.00,Standard,,"{""demoLine"": true}"
ROOFTOP_BAR,ORD-ROOFTOP_BAR-00226,3,Skyline Mezze Cups,3,16000.00,48000.00,Standard,,"{""demoLine"": true}"
ROOFTOP_BAR,ORD-ROOFTOP_BAR-00227,1,Mint Lime Sky Spritz,3,17900.00,53700.00,Standard,,"{""demoLine"": true}"
ROOFTOP_BAR,ORD-ROOFTOP_BAR-00227,2,Sesame Chicken Skewers,1,31400.00,31400.00,Standard,,"{""demoLine"": true}"
ROOFTOP_BAR,ORD-ROOFTOP_BAR-00227,3,Garden Vegetable Pasta,1,40300.00,40300.00,Standard,,"{""demoLine"": true}"
ROOFTOP_BAR,ORD-ROOFTOP_BAR-00227,4,Rosemary Tonic Highball,3,24000.00,72000.00,Standard,,"{""demoLine"": true}"
ROOFTOP_BAR,ORD-ROOFTOP_BAR-00228,1,Night Market Fries,1,32000.00,32000.00,Standard,,"{""demoLine"": true}"
ROOFTOP_BAR,ORD-ROOFTOP_BAR-00229,1,Passion Fruit Cheesecake,1,23500.00,23500.00,Standard,,"{""demoLine"": true}"
ROOFTOP_BAR,ORD-ROOFTOP_BAR-00230,1,Rosemary Tonic Highball,3,24000.00,72000.00,Standard,,"{""demoLine"": true}"
GARDEN_CAFE,ORD-GARDEN_CAFE-00231,1,Herb Fries,1,11000.00,11000.00,Standard,,"{""demoLine"": true}"
GARDEN_CAFE,ORD-GARDEN_CAFE-00232,1,Grilled Chicken Bowl,1,38600.00,38600.00,Standard,,"{""demoLine"": true}"
GARDEN_CAFE,ORD-GARDEN_CAFE-00232,2,Iced Vanilla Coffee,2,28000.00,56000.00,Standard,,"{""demoLine"": true}"
GARDEN_CAFE,ORD-GARDEN_CAFE-00232,3,Chocolate Date Tart,1,22100.00,22100.00,Standard,,"{""demoLine"": true}"
GARDEN_CAFE,ORD-GARDEN_CAFE-00232,4,Herb Fries,3,11000.00,33000.00,Standard,,"{""demoLine"": true}"
GARDEN_CAFE,ORD-GARDEN_CAFE-00233,1,Americano,3,8300.00,24900.00,Standard,,"{""demoLine"": true}"
GARDEN_CAFE,ORD-GARDEN_CAFE-00234,1,Tilapia Lemon Herb,1,44200.00,44200.00,Standard,,"{""demoLine"": true}"
GARDEN_CAFE,ORD-GARDEN_CAFE-00234,2,Ginger Hibiscus Cooler,2,15600.00,31200.00,Standard,,"{""demoLine"": true}"
GARDEN_CAFE,ORD-GARDEN_CAFE-00234,3,Garden Breakfast Plate,2,24000.00,48000.00,Standard,,"{""demoLine"": true}"
GARDEN_CAFE,ORD-GARDEN_CAFE-00235,1,Grilled Chicken Bowl,3,38600.00,115800.00,Standard,,"{""demoLine"": true}"
GARDEN_CAFE,ORD-GARDEN_CAFE-00235,2,Chocolate Date Tart,3,22100.00,66300.00,Standard,,"{""demoLine"": true}"
GARDEN_CAFE,ORD-GARDEN_CAFE-00235,3,Herb Fries,1,11000.00,11000.00,Standard,,"{""demoLine"": true}"
GARDEN_CAFE,ORD-GARDEN_CAFE-00235,4,Garden Breakfast Plate,1,24000.00,24000.00,Standard,,"{""demoLine"": true}"
EVENTS_KITCHEN,ORD-EVENTS_KITCHEN-00236,1,Spiced Chai,3,13000.00,39000.00,Standard,,"{""demoLine"": true}"
EVENTS_KITCHEN,ORD-EVENTS_KITCHEN-00236,2,Grilled Chicken Bowl,3,49600.00,148800.00,Standard,,"{""demoLine"": true}"
EVENTS_KITCHEN,ORD-EVENTS_KITCHEN-00236,3,Garden Vegetable Pasta,1,42500.00,42500.00,Standard,,"{""demoLine"": true}"
EVENTS_KITCHEN,ORD-EVENTS_KITCHEN-00237,1,Halloumi Bites,2,30700.00,61400.00,Standard,,"{""demoLine"": true}"
EVENTS_KITCHEN,ORD-EVENTS_KITCHEN-00237,2,Seasonal Salad,1,17700.00,17700.00,Standard,,"{""demoLine"": true}"
EVENTS_KITCHEN,ORD-EVENTS_KITCHEN-00237,3,Banquet Chicken Tray,1,24000.00,24000.00,Standard,,"{""demoLine"": true}"
EVENTS_KITCHEN,ORD-EVENTS_KITCHEN-00237,4,Herb Fries,3,14200.00,42600.00,Standard,,"{""demoLine"": true}"
EVENTS_KITCHEN,ORD-EVENTS_KITCHEN-00238,1,Cafe Latte,3,14200.00,42600.00,Standard,,"{""demoLine"": true}"
EVENTS_KITCHEN,ORD-EVENTS_KITCHEN-00238,2,Corporate Snack Board,3,92000.00,276000.00,Standard,,"{""demoLine"": true}"
EVENTS_KITCHEN,ORD-EVENTS_KITCHEN-00238,3,Chocolate Date Tart,1,28300.00,28300.00,Standard,,"{""demoLine"": true}"
EVENTS_KITCHEN,ORD-EVENTS_KITCHEN-00239,1,Conference Tea Service,1,40000.00,40000.00,Standard,,"{""demoLine"": true}"
EVENTS_KITCHEN,ORD-EVENTS_KITCHEN-00239,2,Chocolate Date Tart,3,28300.00,84900.00,Standard,,"{""demoLine"": true}"
EVENTS_KITCHEN,ORD-EVENTS_KITCHEN-00240,1,Passion Fruit Cheesecake,3,24800.00,74400.00,Standard,,"{""demoLine"": true}"
EVENTS_KITCHEN,ORD-EVENTS_KITCHEN-00240,2,Chocolate Date Tart,3,28300.00,84900.00,Standard,,"{""demoLine"": true}"
TAPAS_DOWNTOWN,ORD-TAPAS_DOWNTOWN-00241,1,Tilapia Lemon Herb,3,48000.00,144000.00,Standard,,"{""demoLine"": true}"
TAPAS_DOWNTOWN,ORD-TAPAS_DOWNTOWN-00241,2,Citrus Greens Bowl,3,28000.00,84000.00,Standard,,"{""demoLine"": true}"
TAPAS_DOWNTOWN,ORD-TAPAS_DOWNTOWN-00241,3,Chicken Empanada Trio,2,24000.00,48000.00,Standard,,"{""demoLine"": true}"
TAPAS_DOWNTOWN,ORD-TAPAS_DOWNTOWN-00241,4,Cafe Latte,2,12000.00,24000.00,Standard,,"{""demoLine"": true}"
ROOFTOP_BAR,ORD-ROOFTOP_BAR-00242,1,Garlic Flatbread,3,11200.00,33600.00,Standard,,"{""demoLine"": true}"
ROOFTOP_BAR,ORD-ROOFTOP_BAR-00242,2,Cafe Latte,1,13400.00,13400.00,Standard,,"{""demoLine"": true}"
ROOFTOP_BAR,ORD-ROOFTOP_BAR-00242,3,Skyline Mezze Cups,1,16000.00,16000.00,Standard,,"{""demoLine"": true}"
ROOFTOP_BAR,ORD-ROOFTOP_BAR-00242,4,Chocolate Date Tart,2,26900.00,53800.00,Standard,,"{""demoLine"": true}"
GARDEN_CAFE,ORD-GARDEN_CAFE-00243,1,Avocado Toast Stack,2,16000.00,32000.00,Standard,,"{""demoLine"": true}"
GARDEN_CAFE,ORD-GARDEN_CAFE-00243,2,Herb Fries,3,11000.00,33000.00,Standard,,"{""demoLine"": true}"
EVENTS_KITCHEN,ORD-EVENTS_KITCHEN-00244,1,Crispy Plantain Cups,1,21200.00,21200.00,Standard,,"{""demoLine"": true}"
EVENTS_KITCHEN,ORD-EVENTS_KITCHEN-00244,2,Mushroom Risotto,3,44800.00,134400.00,Standard,,"{""demoLine"": true}"
EVENTS_KITCHEN,ORD-EVENTS_KITCHEN-00244,3,Passion Fruit Cheesecake,1,24800.00,24800.00,Standard,,"{""demoLine"": true}"
TAPAS_DOWNTOWN,ORD-TAPAS_DOWNTOWN-00245,1,Tomato Bruschetta,3,22000.00,66000.00,Standard,,"{""demoLine"": true}"
TAPAS_DOWNTOWN,ORD-TAPAS_DOWNTOWN-00245,2,Garlic Flatbread,2,10000.00,20000.00,Standard,,"{""demoLine"": true}"
TAPAS_DOWNTOWN,ORD-TAPAS_DOWNTOWN-00245,3,Seasonal Salad,2,15000.00,30000.00,Standard,,"{""demoLine"": true}"
TAPAS_DOWNTOWN,ORD-TAPAS_DOWNTOWN-00246,1,Ginger Hibiscus Cooler,2,17000.00,34000.00,Standard,,"{""demoLine"": true}"
TAPAS_DOWNTOWN,ORD-TAPAS_DOWNTOWN-00246,2,Chicken Empanada Trio,2,24000.00,48000.00,Standard,,"{""demoLine"": true}"
TAPAS_DOWNTOWN,ORD-TAPAS_DOWNTOWN-00246,3,Passion Fruit Cheesecake,3,21000.00,63000.00,Standard,,"{""demoLine"": true}"
TAPAS_DOWNTOWN,ORD-TAPAS_DOWNTOWN-00246,4,Crispy Plantain Cups,3,18000.00,54000.00,Standard,,"{""demoLine"": true}"
ROOFTOP_BAR,ORD-ROOFTOP_BAR-00247,1,Cucumber Basil Fizz,3,20000.00,60000.00,Standard,,"{""demoLine"": true}"
ROOFTOP_BAR,ORD-ROOFTOP_BAR-00247,2,Seasonal Salad,2,16800.00,33600.00,Standard,,"{""demoLine"": true}"
ROOFTOP_BAR,ORD-ROOFTOP_BAR-00247,3,Cafe Latte,3,13400.00,40200.00,Standard,,"{""demoLine"": true}"
ROOFTOP_BAR,ORD-ROOFTOP_BAR-00247,4,Americano,1,10100.00,10100.00,Standard,,"{""demoLine"": true}"
ROOFTOP_BAR,ORD-ROOFTOP_BAR-00248,1,Skyline Mezze Cups,1,16000.00,16000.00,Standard,,"{""demoLine"": true}"
GARDEN_CAFE,ORD-GARDEN_CAFE-00249,1,Cafe Latte,1,11000.00,11000.00,Standard,,"{""demoLine"": true}"
GARDEN_CAFE,ORD-GARDEN_CAFE-00249,2,Tomato Bruschetta,1,20200.00,20200.00,Standard,,"{""demoLine"": true}"
GARDEN_CAFE,ORD-GARDEN_CAFE-00249,3,Grilled Chicken Bowl,3,38600.00,115800.00,Standard,,"{""demoLine"": true}"
GARDEN_CAFE,ORD-GARDEN_CAFE-00250,1,Cafe Latte,2,11000.00,22000.00,Standard,,"{""demoLine"": true}"
EVENTS_KITCHEN,ORD-EVENTS_KITCHEN-00251,1,Mango Passion Juice,1,16500.00,16500.00,Standard,,"{""demoLine"": true}"
EVENTS_KITCHEN,ORD-EVENTS_KITCHEN-00252,1,Passion Fruit Cheesecake,3,24800.00,74400.00,Standard,,"{""demoLine"": true}"
TAPAS_DOWNTOWN,ORD-TAPAS_DOWNTOWN-00253,1,Ginger Hibiscus Cooler,1,17000.00,17000.00,Standard,,"{""demoLine"": true}"
TAPAS_DOWNTOWN,ORD-TAPAS_DOWNTOWN-00253,2,Halloumi Bites,2,26000.00,52000.00,Standard,,"{""demoLine"": true}"
TAPAS_DOWNTOWN,ORD-TAPAS_DOWNTOWN-00254,1,Spiced Chai,3,11000.00,33000.00,Standard,,"{""demoLine"": true}"
TAPAS_DOWNTOWN,ORD-TAPAS_DOWNTOWN-00254,2,Mushroom Risotto,1,38000.00,38000.00,Standard,,"{""demoLine"": true}"
TAPAS_DOWNTOWN,ORD-TAPAS_DOWNTOWN-00255,1,Mint Lime Spritz,3,16000.00,48000.00,Standard,,"{""demoLine"": true}"
TAPAS_DOWNTOWN,ORD-TAPAS_DOWNTOWN-00255,2,Chocolate Date Tart,1,24000.00,24000.00,Standard,,"{""demoLine"": true}"
ROOFTOP_BAR,ORD-ROOFTOP_BAR-00256,1,Night Market Fries,1,32000.00,32000.00,Standard,,"{""demoLine"": true}"
ROOFTOP_BAR,ORD-ROOFTOP_BAR-00256,2,Spiced Chai,3,12300.00,36900.00,Standard,,"{""demoLine"": true}"
ROOFTOP_BAR,ORD-ROOFTOP_BAR-00256,3,Ginger Hibiscus Rooftop Cooler,3,19000.00,57000.00,Standard,,"{""demoLine"": true}"
ROOFTOP_BAR,ORD-ROOFTOP_BAR-00257,1,Tilapia Lemon Herb,2,53800.00,107600.00,Standard,,"{""demoLine"": true}"
ROOFTOP_BAR,ORD-ROOFTOP_BAR-00257,2,Spiced Chai,1,12300.00,12300.00,Standard,,"{""demoLine"": true}"
ROOFTOP_BAR,ORD-ROOFTOP_BAR-00257,3,Seasonal Salad,1,16800.00,16800.00,Standard,,"{""demoLine"": true}"
ROOFTOP_BAR,ORD-ROOFTOP_BAR-00258,1,Sesame Chicken Skewers,1,31400.00,31400.00,Standard,,"{""demoLine"": true}"
GARDEN_CAFE,ORD-GARDEN_CAFE-00259,1,Chocolate Date Tart,3,22100.00,66300.00,Standard,,"{""demoLine"": true}"
GARDEN_CAFE,ORD-GARDEN_CAFE-00259,2,Garden Vegetable Pasta,1,33100.00,33100.00,Standard,,"{""demoLine"": true}"
GARDEN_CAFE,ORD-GARDEN_CAFE-00260,1,Beef Fillet Plate,1,51500.00,51500.00,Standard,,"{""demoLine"": true}"
GARDEN_CAFE,ORD-GARDEN_CAFE-00260,2,Mushroom Risotto,3,35000.00,105000.00,Standard,,"{""demoLine"": true}"
GARDEN_CAFE,ORD-GARDEN_CAFE-00260,3,Garden Breakfast Plate,1,24000.00,24000.00,Standard,,"{""demoLine"": true}"
GARDEN_CAFE,ORD-GARDEN_CAFE-00261,1,Berry Yoghurt Bowl,1,32000.00,32000.00,Standard,,"{""demoLine"": true}"
EVENTS_KITCHEN,ORD-EVENTS_KITCHEN-00262,1,Mango Passion Juice,2,16500.00,33000.00,Standard,,"{""demoLine"": true}"
EVENTS_KITCHEN,ORD-EVENTS_KITCHEN-00262,2,Seasonal Salad,3,17700.00,53100.00,Standard,,"{""demoLine"": true}"
EVENTS_KITCHEN,ORD-EVENTS_KITCHEN-00262,3,Garlic Flatbread,1,11800.00,11800.00,Standard,,"{""demoLine"": true}"
EVENTS_KITCHEN,ORD-EVENTS_KITCHEN-00263,1,Seasonal Salad,2,17700.00,35400.00,Standard,,"{""demoLine"": true}"
EVENTS_KITCHEN,ORD-EVENTS_KITCHEN-00264,1,Chocolate Date Tart,3,28300.00,84900.00,Standard,,"{""demoLine"": true}"
EVENTS_KITCHEN,ORD-EVENTS_KITCHEN-00264,2,Grilled Chicken Bowl,3,49600.00,148800.00,Standard,,"{""demoLine"": true}"
TAPAS_DOWNTOWN,ORD-TAPAS_DOWNTOWN-00265,1,Beef Fillet Plate,3,56000.00,168000.00,Standard,,"{""demoLine"": true}"
TAPAS_DOWNTOWN,ORD-TAPAS_DOWNTOWN-00265,2,Chicken Empanada Trio,1,24000.00,24000.00,Standard,,"{""demoLine"": true}"
TAPAS_DOWNTOWN,ORD-TAPAS_DOWNTOWN-00265,3,Seasonal Salad,2,15000.00,30000.00,Standard,,"{""demoLine"": true}"
TAPAS_DOWNTOWN,ORD-TAPAS_DOWNTOWN-00265,4,Chocolate Date Tart,2,24000.00,48000.00,Standard,,"{""demoLine"": true}"
TAPAS_DOWNTOWN,ORD-TAPAS_DOWNTOWN-00266,1,Garlic Flatbread,2,10000.00,20000.00,Standard,,"{""demoLine"": true}"
TAPAS_DOWNTOWN,ORD-TAPAS_DOWNTOWN-00266,2,Citrus Greens Bowl,3,28000.00,84000.00,Standard,,"{""demoLine"": true}"
TAPAS_DOWNTOWN,ORD-TAPAS_DOWNTOWN-00266,3,Tilapia Lemon Herb,3,48000.00,144000.00,Standard,,"{""demoLine"": true}"
TAPAS_DOWNTOWN,ORD-TAPAS_DOWNTOWN-00267,1,Cafe Latte,3,12000.00,36000.00,Standard,,"{""demoLine"": true}"
TAPAS_DOWNTOWN,ORD-TAPAS_DOWNTOWN-00267,2,Garden Vegetable Pasta,1,36000.00,36000.00,Standard,,"{""demoLine"": true}"
TAPAS_DOWNTOWN,ORD-TAPAS_DOWNTOWN-00267,3,Americano,3,9000.00,27000.00,Standard,,"{""demoLine"": true}"
TAPAS_DOWNTOWN,ORD-TAPAS_DOWNTOWN-00267,4,Citrus Greens Bowl,2,28000.00,56000.00,Standard,,"{""demoLine"": true}"
TAPAS_DOWNTOWN,ORD-TAPAS_DOWNTOWN-00268,1,Halloumi Bites,2,26000.00,52000.00,Standard,,"{""demoLine"": true}"
TAPAS_DOWNTOWN,ORD-TAPAS_DOWNTOWN-00268,2,Herb Fries,1,12000.00,12000.00,Standard,,"{""demoLine"": true}"
ROOFTOP_BAR,ORD-ROOFTOP_BAR-00269,1,Sesame Chicken Skewers,3,31400.00,94200.00,Standard,,"{""demoLine"": true}"
ROOFTOP_BAR,ORD-ROOFTOP_BAR-00269,2,Garden Vegetable Pasta,3,40300.00,120900.00,Standard,,"{""demoLine"": true}"
ROOFTOP_BAR,ORD-ROOFTOP_BAR-00270,1,Passion Fruit Cheesecake,2,23500.00,47000.00,Standard,,"{""demoLine"": true}"
ROOFTOP_BAR,ORD-ROOFTOP_BAR-00271,1,Garlic Flatbread,3,11200.00,33600.00,Standard,,"{""demoLine"": true}"
ROOFTOP_BAR,ORD-ROOFTOP_BAR-00271,2,Passion Fruit Cheesecake,3,23500.00,70500.00,Standard,,"{""demoLine"": true}"
ROOFTOP_BAR,ORD-ROOFTOP_BAR-00271,3,Seasonal Salad,3,16800.00,50400.00,Standard,,"{""demoLine"": true}"
ROOFTOP_BAR,ORD-ROOFTOP_BAR-00272,1,Passion Fruit Cheesecake,2,23500.00,47000.00,Standard,,"{""demoLine"": true}"
GARDEN_CAFE,ORD-GARDEN_CAFE-00273,1,Chocolate Date Tart,3,22100.00,66300.00,Standard,,"{""demoLine"": true}"
GARDEN_CAFE,ORD-GARDEN_CAFE-00273,2,Garden Breakfast Plate,2,24000.00,48000.00,Standard,,"{""demoLine"": true}"
GARDEN_CAFE,ORD-GARDEN_CAFE-00274,1,Tomato Bruschetta,2,20200.00,40400.00,Standard,,"{""demoLine"": true}"
GARDEN_CAFE,ORD-GARDEN_CAFE-00275,1,Spiced Chai,1,10100.00,10100.00,Standard,,"{""demoLine"": true}"
GARDEN_CAFE,ORD-GARDEN_CAFE-00276,1,Tomato Bruschetta,1,20200.00,20200.00,Standard,,"{""demoLine"": true}"
EVENTS_KITCHEN,ORD-EVENTS_KITCHEN-00277,1,Banquet Mezze Platter,2,112100.00,224200.00,Standard,,"{""demoLine"": true}"
EVENTS_KITCHEN,ORD-EVENTS_KITCHEN-00277,2,Ginger Hibiscus Cooler,2,20100.00,40200.00,Standard,,"{""demoLine"": true}"
EVENTS_KITCHEN,ORD-EVENTS_KITCHEN-00277,3,Mango Passion Juice,1,16500.00,16500.00,Standard,,"{""demoLine"": true}"
EVENTS_KITCHEN,ORD-EVENTS_KITCHEN-00277,4,Tomato Bruschetta,2,26000.00,52000.00,Standard,,"{""demoLine"": true}"
EVENTS_KITCHEN,ORD-EVENTS_KITCHEN-00278,1,Crispy Plantain Cups,3,21200.00,63600.00,Standard,,"{""demoLine"": true}"
EVENTS_KITCHEN,ORD-EVENTS_KITCHEN-00278,2,Vegetable Lasagna Pan,1,32000.00,32000.00,Standard,,"{""demoLine"": true}"
EVENTS_KITCHEN,ORD-EVENTS_KITCHEN-00278,3,Halloumi Bites,2,30700.00,61400.00,Standard,,"{""demoLine"": true}"
EVENTS_KITCHEN,ORD-EVENTS_KITCHEN-00278,4,Seasonal Salad,2,17700.00,35400.00,Standard,,"{""demoLine"": true}"
EVENTS_KITCHEN,ORD-EVENTS_KITCHEN-00279,1,Chocolate Date Tart,2,28300.00,56600.00,Standard,,"{""demoLine"": true}"
EVENTS_KITCHEN,ORD-EVENTS_KITCHEN-00279,2,Tomato Bruschetta,3,26000.00,78000.00,Standard,,"{""demoLine"": true}"
EVENTS_KITCHEN,ORD-EVENTS_KITCHEN-00279,3,Halloumi Bites,1,30700.00,30700.00,Standard,,"{""demoLine"": true}"
EVENTS_KITCHEN,ORD-EVENTS_KITCHEN-00279,4,Executive Lunch Box,2,28000.00,56000.00,Standard,,"{""demoLine"": true}"
EVENTS_KITCHEN,ORD-EVENTS_KITCHEN-00280,1,Banquet Mezze Platter,3,112100.00,336300.00,Standard,,"{""demoLine"": true}"
TAPAS_DOWNTOWN,ORD-TAPAS_DOWNTOWN-00281,1,Grilled Chicken Bowl,3,42000.00,126000.00,Standard,,"{""demoLine"": true}"
TAPAS_DOWNTOWN,ORD-TAPAS_DOWNTOWN-00281,2,Ginger Hibiscus Cooler,3,17000.00,51000.00,Standard,,"{""demoLine"": true}"
TAPAS_DOWNTOWN,ORD-TAPAS_DOWNTOWN-00281,3,Americano,3,9000.00,27000.00,Standard,,"{""demoLine"": true}"
TAPAS_DOWNTOWN,ORD-TAPAS_DOWNTOWN-00282,1,Seasonal Salad,2,15000.00,30000.00,Standard,,"{""demoLine"": true}"
TAPAS_DOWNTOWN,ORD-TAPAS_DOWNTOWN-00282,2,Chicken Empanada Trio,2,24000.00,48000.00,Standard,,"{""demoLine"": true}"
TAPAS_DOWNTOWN,ORD-TAPAS_DOWNTOWN-00282,3,Sesame Chicken Skewers,3,28000.00,84000.00,Standard,,"{""demoLine"": true}"
TAPAS_DOWNTOWN,ORD-TAPAS_DOWNTOWN-00283,1,Smoked Eggplant Dip,3,16000.00,48000.00,Standard,,"{""demoLine"": true}"
TAPAS_DOWNTOWN,ORD-TAPAS_DOWNTOWN-00283,2,Crispy Plantain Cups,3,18000.00,54000.00,Standard,,"{""demoLine"": true}"
TAPAS_DOWNTOWN,ORD-TAPAS_DOWNTOWN-00284,1,Garlic Flatbread,3,10000.00,30000.00,Standard,,"{""demoLine"": true}"
TAPAS_DOWNTOWN,ORD-TAPAS_DOWNTOWN-00284,2,Beef Fillet Plate,2,56000.00,112000.00,Standard,,"{""demoLine"": true}"
TAPAS_DOWNTOWN,ORD-TAPAS_DOWNTOWN-00285,1,Smoked Eggplant Dip,3,16000.00,48000.00,Standard,,"{""demoLine"": true}"
TAPAS_DOWNTOWN,ORD-TAPAS_DOWNTOWN-00285,2,Crispy Plantain Cups,1,18000.00,18000.00,Standard,,"{""demoLine"": true}"
TAPAS_DOWNTOWN,ORD-TAPAS_DOWNTOWN-00285,3,Charred Octopus Style Mushroom,3,20000.00,60000.00,Standard,,"{""demoLine"": true}"
ROOFTOP_BAR,ORD-ROOFTOP_BAR-00286,1,Cranberry Lime Nojito,1,28000.00,28000.00,Standard,,"{""demoLine"": true}"
ROOFTOP_BAR,ORD-ROOFTOP_BAR-00286,2,Herb Fries,1,13400.00,13400.00,Standard,,"{""demoLine"": true}"
ROOFTOP_BAR,ORD-ROOFTOP_BAR-00286,3,Garden Vegetable Pasta,2,40300.00,80600.00,Standard,,"{""demoLine"": true}"
ROOFTOP_BAR,ORD-ROOFTOP_BAR-00286,4,Passion Fruit Cheesecake,3,23500.00,70500.00,Standard,,"{""demoLine"": true}"
ROOFTOP_BAR,ORD-ROOFTOP_BAR-00287,1,Tomato Bruschetta,1,24600.00,24600.00,Standard,,"{""demoLine"": true}"
ROOFTOP_BAR,ORD-ROOFTOP_BAR-00287,2,Passion Fruit Cheesecake,2,23500.00,47000.00,Standard,,"{""demoLine"": true}"
ROOFTOP_BAR,ORD-ROOFTOP_BAR-00287,3,Mango Passion Juice,1,15700.00,15700.00,Standard,,"{""demoLine"": true}"
ROOFTOP_BAR,ORD-ROOFTOP_BAR-00288,1,Seasonal Salad,2,16800.00,33600.00,Standard,,"{""demoLine"": true}"
ROOFTOP_BAR,ORD-ROOFTOP_BAR-00288,2,Skyline Mezze Cups,1,16000.00,16000.00,Standard,,"{""demoLine"": true}"
ROOFTOP_BAR,ORD-ROOFTOP_BAR-00288,3,Americano,1,10100.00,10100.00,Standard,,"{""demoLine"": true}"
ROOFTOP_BAR,ORD-ROOFTOP_BAR-00288,4,Rosemary Tonic Highball,1,24000.00,24000.00,Standard,,"{""demoLine"": true}"
ROOFTOP_BAR,ORD-ROOFTOP_BAR-00289,1,Passion Fruit Cheesecake,3,23500.00,70500.00,Standard,,"{""demoLine"": true}"
ROOFTOP_BAR,ORD-ROOFTOP_BAR-00289,2,Seasonal Salad,1,16800.00,16800.00,Standard,,"{""demoLine"": true}"
ROOFTOP_BAR,ORD-ROOFTOP_BAR-00289,3,Herb Fries,2,13400.00,26800.00,Standard,,"{""demoLine"": true}"
ROOFTOP_BAR,ORD-ROOFTOP_BAR-00290,1,Garden Vegetable Pasta,2,40300.00,80600.00,Standard,,"{""demoLine"": true}"
ROOFTOP_BAR,ORD-ROOFTOP_BAR-00290,2,Mango Passion Juice,1,15700.00,15700.00,Standard,,"{""demoLine"": true}"
ROOFTOP_BAR,ORD-ROOFTOP_BAR-00290,3,Skyline Mezze Cups,2,16000.00,32000.00,Standard,,"{""demoLine"": true}"
ROOFTOP_BAR,ORD-ROOFTOP_BAR-00290,4,Sesame Chicken Skewers,2,31400.00,62800.00,Standard,,"{""demoLine"": true}"
GARDEN_CAFE,ORD-GARDEN_CAFE-00291,1,Crispy Plantain Cups,3,16600.00,49800.00,Standard,,"{""demoLine"": true}"
GARDEN_CAFE,ORD-GARDEN_CAFE-00291,2,Chocolate Date Tart,2,22100.00,44200.00,Standard,,"{""demoLine"": true}"
GARDEN_CAFE,ORD-GARDEN_CAFE-00291,3,Iced Vanilla Coffee,2,28000.00,56000.00,Standard,,"{""demoLine"": true}"
GARDEN_CAFE,ORD-GARDEN_CAFE-00291,4,Tilapia Lemon Herb,1,44200.00,44200.00,Standard,,"{""demoLine"": true}"
GARDEN_CAFE,ORD-GARDEN_CAFE-00292,1,Ginger Hibiscus Cooler,2,15600.00,31200.00,Standard,,"{""demoLine"": true}"
GARDEN_CAFE,ORD-GARDEN_CAFE-00292,2,Beef Fillet Plate,2,51500.00,103000.00,Standard,,"{""demoLine"": true}"
GARDEN_CAFE,ORD-GARDEN_CAFE-00293,1,Herb Fries,1,11000.00,11000.00,Standard,,"{""demoLine"": true}"
GARDEN_CAFE,ORD-GARDEN_CAFE-00293,2,Americano,3,8300.00,24900.00,Standard,,"{""demoLine"": true}"
GARDEN_CAFE,ORD-GARDEN_CAFE-00293,3,Garden Vegetable Pasta,3,33100.00,99300.00,Standard,,"{""demoLine"": true}"
GARDEN_CAFE,ORD-GARDEN_CAFE-00294,1,Crispy Plantain Cups,2,16600.00,33200.00,Standard,,"{""demoLine"": true}"
GARDEN_CAFE,ORD-GARDEN_CAFE-00295,1,Tilapia Lemon Herb,1,44200.00,44200.00,Standard,,"{""demoLine"": true}"
GARDEN_CAFE,ORD-GARDEN_CAFE-00295,2,Seasonal Salad,3,13800.00,41400.00,Standard,,"{""demoLine"": true}"
GARDEN_CAFE,ORD-GARDEN_CAFE-00295,3,Grilled Chicken Bowl,1,38600.00,38600.00,Standard,,"{""demoLine"": true}"
GARDEN_CAFE,ORD-GARDEN_CAFE-00295,4,Beef Fillet Plate,1,51500.00,51500.00,Standard,,"{""demoLine"": true}"
EVENTS_KITCHEN,ORD-EVENTS_KITCHEN-00296,1,Passion Fruit Cheesecake,2,24800.00,49600.00,Standard,,"{""demoLine"": true}"
EVENTS_KITCHEN,ORD-EVENTS_KITCHEN-00296,2,Vegetable Lasagna Pan,1,32000.00,32000.00,Standard,,"{""demoLine"": true}"
EVENTS_KITCHEN,ORD-EVENTS_KITCHEN-00297,1,Sesame Chicken Skewers,1,33000.00,33000.00,Standard,,"{""demoLine"": true}"
EVENTS_KITCHEN,ORD-EVENTS_KITCHEN-00297,2,Mint Lime Spritz,3,18900.00,56700.00,Standard,,"{""demoLine"": true}"
EVENTS_KITCHEN,ORD-EVENTS_KITCHEN-00298,1,Mint Lime Spritz,3,18900.00,56700.00,Standard,,"{""demoLine"": true}"
EVENTS_KITCHEN,ORD-EVENTS_KITCHEN-00299,1,Spiced Chai,3,13000.00,39000.00,Standard,,"{""demoLine"": true}"
EVENTS_KITCHEN,ORD-EVENTS_KITCHEN-00299,2,Banquet Chicken Tray,2,24000.00,48000.00,Standard,,"{""demoLine"": true}"
EVENTS_KITCHEN,ORD-EVENTS_KITCHEN-00299,3,Herb Fries,1,14200.00,14200.00,Standard,,"{""demoLine"": true}"
EVENTS_KITCHEN,ORD-EVENTS_KITCHEN-00300,1,Garlic Flatbread,2,11800.00,23600.00,Standard,,"{""demoLine"": true}"
EVENTS_KITCHEN,ORD-EVENTS_KITCHEN-00300,2,Mini Dessert Flight,2,36000.00,72000.00,Standard,,"{""demoLine"": true}"
EVENTS_KITCHEN,ORD-EVENTS_KITCHEN-00300,3,Americano,2,10600.00,21200.00,Standard,,"{""demoLine"": true}"
TAPAS_DOWNTOWN,ORD-TAPAS_DOWNTOWN-00301,1,Chicken Empanada Trio,3,24000.00,72000.00,Standard,,"{""demoLine"": true}"
TAPAS_DOWNTOWN,ORD-TAPAS_DOWNTOWN-00301,2,Garlic Flatbread,1,10000.00,10000.00,Standard,,"{""demoLine"": true}"
TAPAS_DOWNTOWN,ORD-TAPAS_DOWNTOWN-00301,3,Grilled Chicken Bowl,3,42000.00,126000.00,Standard,,"{""demoLine"": true}"
TAPAS_DOWNTOWN,ORD-TAPAS_DOWNTOWN-00301,4,Mango Passion Juice,3,14000.00,42000.00,Standard,,"{""demoLine"": true}"
ROOFTOP_BAR,ORD-ROOFTOP_BAR-00302,1,Mango Passion Juice,3,15700.00,47100.00,Standard,,"{""demoLine"": true}"
ROOFTOP_BAR,ORD-ROOFTOP_BAR-00302,2,Skyline Mezze Cups,3,16000.00,48000.00,Standard,,"{""demoLine"": true}"
GARDEN_CAFE,ORD-GARDEN_CAFE-00303,1,Ginger Hibiscus Cooler,3,15600.00,46800.00,Standard,,"{""demoLine"": true}"
GARDEN_CAFE,ORD-GARDEN_CAFE-00303,2,Tilapia Lemon Herb,2,44200.00,88400.00,Standard,,"{""demoLine"": true}"
EVENTS_KITCHEN,ORD-EVENTS_KITCHEN-00304,1,Seasonal Salad,3,17700.00,53100.00,Standard,,"{""demoLine"": true}"
EVENTS_KITCHEN,ORD-EVENTS_KITCHEN-00304,2,Herb Fries,2,14200.00,28400.00,Standard,,"{""demoLine"": true}"
EVENTS_KITCHEN,ORD-EVENTS_KITCHEN-00304,3,Americano,2,10600.00,21200.00,Standard,,"{""demoLine"": true}"
TAPAS_DOWNTOWN,ORD-TAPAS_DOWNTOWN-00305,1,Sesame Chicken Skewers,3,28000.00,84000.00,Standard,,"{""demoLine"": true}"
TAPAS_DOWNTOWN,ORD-TAPAS_DOWNTOWN-00306,1,Smoked Eggplant Dip,3,16000.00,48000.00,Standard,,"{""demoLine"": true}"
ROOFTOP_BAR,ORD-ROOFTOP_BAR-00307,1,Cucumber Basil Fizz,3,20000.00,60000.00,Standard,,"{""demoLine"": true}"
ROOFTOP_BAR,ORD-ROOFTOP_BAR-00307,2,Americano,3,10100.00,30300.00,Standard,,"{""demoLine"": true}"
ROOFTOP_BAR,ORD-ROOFTOP_BAR-00307,3,Herb Fries,2,13400.00,26800.00,Standard,,"{""demoLine"": true}"
ROOFTOP_BAR,ORD-ROOFTOP_BAR-00308,1,Tilapia Lemon Herb,1,53800.00,53800.00,Standard,,"{""demoLine"": true}"
GARDEN_CAFE,ORD-GARDEN_CAFE-00309,1,Tilapia Lemon Herb,1,44200.00,44200.00,Standard,,"{""demoLine"": true}"
GARDEN_CAFE,ORD-GARDEN_CAFE-00309,2,Cafe Latte,3,11000.00,33000.00,Standard,,"{""demoLine"": true}"
GARDEN_CAFE,ORD-GARDEN_CAFE-00309,3,Banana Oat Pancakes,2,20000.00,40000.00,Standard,,"{""demoLine"": true}"
GARDEN_CAFE,ORD-GARDEN_CAFE-00309,4,Crispy Plantain Cups,1,16600.00,16600.00,Standard,,"{""demoLine"": true}"
GARDEN_CAFE,ORD-GARDEN_CAFE-00310,1,Mushroom Risotto,1,35000.00,35000.00,Standard,,"{""demoLine"": true}"
GARDEN_CAFE,ORD-GARDEN_CAFE-00310,2,Sesame Chicken Skewers,3,25800.00,77400.00,Standard,,"{""demoLine"": true}"
GARDEN_CAFE,ORD-GARDEN_CAFE-00310,3,Banana Oat Pancakes,3,20000.00,60000.00,Standard,,"{""demoLine"": true}"
GARDEN_CAFE,ORD-GARDEN_CAFE-00310,4,Mint Lime Spritz,2,14700.00,29400.00,Standard,,"{""demoLine"": true}"
EVENTS_KITCHEN,ORD-EVENTS_KITCHEN-00311,1,Corporate Snack Board,3,92000.00,276000.00,Standard,,"{""demoLine"": true}"
EVENTS_KITCHEN,ORD-EVENTS_KITCHEN-00311,2,Executive Lunch Box,2,28000.00,56000.00,Standard,,"{""demoLine"": true}"
EVENTS_KITCHEN,ORD-EVENTS_KITCHEN-00311,3,Grilled Chicken Bowl,1,49600.00,49600.00,Standard,,"{""demoLine"": true}"
EVENTS_KITCHEN,ORD-EVENTS_KITCHEN-00312,1,Crispy Plantain Cups,1,21200.00,21200.00,Standard,,"{""demoLine"": true}"
EVENTS_KITCHEN,ORD-EVENTS_KITCHEN-00312,2,Corporate Snack Board,1,92000.00,92000.00,Standard,,"{""demoLine"": true}"
EVENTS_KITCHEN,ORD-EVENTS_KITCHEN-00312,3,Seasonal Salad,3,17700.00,53100.00,Standard,,"{""demoLine"": true}"
EVENTS_KITCHEN,ORD-EVENTS_KITCHEN-00312,4,Tomato Bruschetta,3,26000.00,78000.00,Standard,,"{""demoLine"": true}"
TAPAS_DOWNTOWN,ORD-TAPAS_DOWNTOWN-00313,1,Mango Passion Juice,2,14000.00,28000.00,Standard,,"{""demoLine"": true}"
TAPAS_DOWNTOWN,ORD-TAPAS_DOWNTOWN-00314,1,Matoke Croquettes,2,32000.00,64000.00,Standard,,"{""demoLine"": true}"
TAPAS_DOWNTOWN,ORD-TAPAS_DOWNTOWN-00314,2,Crispy Plantain Cups,3,18000.00,54000.00,Standard,,"{""demoLine"": true}"
TAPAS_DOWNTOWN,ORD-TAPAS_DOWNTOWN-00314,3,Grilled Chicken Bowl,2,42000.00,84000.00,Standard,,"{""demoLine"": true}"
TAPAS_DOWNTOWN,ORD-TAPAS_DOWNTOWN-00314,4,Passion Fruit Cheesecake,1,21000.00,21000.00,Standard,,"{""demoLine"": true}"
TAPAS_DOWNTOWN,ORD-TAPAS_DOWNTOWN-00315,1,Grilled Chicken Bowl,1,42000.00,42000.00,Standard,,"{""demoLine"": true}"
TAPAS_DOWNTOWN,ORD-TAPAS_DOWNTOWN-00315,2,Halloumi Bites,3,26000.00,78000.00,Standard,,"{""demoLine"": true}"
TAPAS_DOWNTOWN,ORD-TAPAS_DOWNTOWN-00315,3,Herb Fries,2,12000.00,24000.00,Standard,,"{""demoLine"": true}"
ROOFTOP_BAR,ORD-ROOFTOP_BAR-00316,1,Americano,3,10100.00,30300.00,Standard,,"{""demoLine"": true}"
ROOFTOP_BAR,ORD-ROOFTOP_BAR-00316,2,Garlic Flatbread,1,11200.00,11200.00,Standard,,"{""demoLine"": true}"
ROOFTOP_BAR,ORD-ROOFTOP_BAR-00317,1,Rosemary Tonic Highball,1,24000.00,24000.00,Standard,,"{""demoLine"": true}"
ROOFTOP_BAR,ORD-ROOFTOP_BAR-00317,2,Halloumi Bites,2,29100.00,58200.00,Standard,,"{""demoLine"": true}"
ROOFTOP_BAR,ORD-ROOFTOP_BAR-00318,1,Seasonal Salad,1,16800.00,16800.00,Standard,,"{""demoLine"": true}"
ROOFTOP_BAR,ORD-ROOFTOP_BAR-00318,2,Halloumi Bites,1,29100.00,29100.00,Standard,,"{""demoLine"": true}"
GARDEN_CAFE,ORD-GARDEN_CAFE-00319,1,Ginger Hibiscus Cooler,3,15600.00,46800.00,Standard,,"{""demoLine"": true}"
GARDEN_CAFE,ORD-GARDEN_CAFE-00319,2,Tilapia Lemon Herb,3,44200.00,132600.00,Standard,,"{""demoLine"": true}"
GARDEN_CAFE,ORD-GARDEN_CAFE-00319,3,Spiced Chai,1,10100.00,10100.00,Standard,,"{""demoLine"": true}"
GARDEN_CAFE,ORD-GARDEN_CAFE-00320,1,Americano,2,8300.00,16600.00,Standard,,"{""demoLine"": true}"
GARDEN_CAFE,ORD-GARDEN_CAFE-00321,1,Iced Vanilla Coffee,1,28000.00,28000.00,Standard,,"{""demoLine"": true}"
EVENTS_KITCHEN,ORD-EVENTS_KITCHEN-00322,1,Mint Lime Spritz,2,18900.00,37800.00,Standard,,"{""demoLine"": true}"
EVENTS_KITCHEN,ORD-EVENTS_KITCHEN-00323,1,Chocolate Date Tart,2,28300.00,56600.00,Standard,,"{""demoLine"": true}"
EVENTS_KITCHEN,ORD-EVENTS_KITCHEN-00323,2,Tilapia Lemon Herb,3,56600.00,169800.00,Standard,,"{""demoLine"": true}"
EVENTS_KITCHEN,ORD-EVENTS_KITCHEN-00323,3,Passion Fruit Cheesecake,3,24800.00,74400.00,Standard,,"{""demoLine"": true}"
EVENTS_KITCHEN,ORD-EVENTS_KITCHEN-00324,1,Crispy Plantain Cups,2,21200.00,42400.00,Standard,,"{""demoLine"": true}"
EVENTS_KITCHEN,ORD-EVENTS_KITCHEN-00324,2,Beef Fillet Plate,1,66100.00,66100.00,Standard,,"{""demoLine"": true}"
EVENTS_KITCHEN,ORD-EVENTS_KITCHEN-00324,3,Halloumi Bites,1,30700.00,30700.00,Standard,,"{""demoLine"": true}"
TAPAS_DOWNTOWN,ORD-TAPAS_DOWNTOWN-00325,1,Mint Lime Spritz,3,16000.00,48000.00,Standard,,"{""demoLine"": true}"
TAPAS_DOWNTOWN,ORD-TAPAS_DOWNTOWN-00325,2,Herb Fries,2,12000.00,24000.00,Standard,,"{""demoLine"": true}"
TAPAS_DOWNTOWN,ORD-TAPAS_DOWNTOWN-00325,3,Ginger Hibiscus Cooler,3,17000.00,51000.00,Standard,,"{""demoLine"": true}"
TAPAS_DOWNTOWN,ORD-TAPAS_DOWNTOWN-00325,4,Garlic Flatbread,1,10000.00,10000.00,Standard,,"{""demoLine"": true}"
TAPAS_DOWNTOWN,ORD-TAPAS_DOWNTOWN-00326,1,Citrus Greens Bowl,3,28000.00,84000.00,Standard,,"{""demoLine"": true}"
TAPAS_DOWNTOWN,ORD-TAPAS_DOWNTOWN-00326,2,Halloumi Bites,1,26000.00,26000.00,Standard,,"{""demoLine"": true}"
TAPAS_DOWNTOWN,ORD-TAPAS_DOWNTOWN-00327,1,Smoked Eggplant Dip,2,16000.00,32000.00,Standard,,"{""demoLine"": true}"
TAPAS_DOWNTOWN,ORD-TAPAS_DOWNTOWN-00327,2,Garden Vegetable Pasta,1,36000.00,36000.00,Standard,,"{""demoLine"": true}"
TAPAS_DOWNTOWN,ORD-TAPAS_DOWNTOWN-00327,3,Garlic Flatbread,2,10000.00,20000.00,Standard,,"{""demoLine"": true}"
TAPAS_DOWNTOWN,ORD-TAPAS_DOWNTOWN-00327,4,Herb Fries,3,12000.00,36000.00,Standard,,"{""demoLine"": true}"
TAPAS_DOWNTOWN,ORD-TAPAS_DOWNTOWN-00328,1,Tomato Bruschetta,3,22000.00,66000.00,Standard,,"{""demoLine"": true}"
ROOFTOP_BAR,ORD-ROOFTOP_BAR-00329,1,Cucumber Basil Fizz,3,20000.00,60000.00,Standard,,"{""demoLine"": true}"
ROOFTOP_BAR,ORD-ROOFTOP_BAR-00329,2,Halloumi Bites,1,29100.00,29100.00,Standard,,"{""demoLine"": true}"
ROOFTOP_BAR,ORD-ROOFTOP_BAR-00329,3,Ginger Hibiscus Rooftop Cooler,1,19000.00,19000.00,Standard,,"{""demoLine"": true}"
ROOFTOP_BAR,ORD-ROOFTOP_BAR-00330,1,Mango Passion Juice,1,15700.00,15700.00,Standard,,"{""demoLine"": true}"
ROOFTOP_BAR,ORD-ROOFTOP_BAR-00330,2,Garden Vegetable Pasta,3,40300.00,120900.00,Standard,,"{""demoLine"": true}"
ROOFTOP_BAR,ORD-ROOFTOP_BAR-00331,1,Herb Fries,2,13400.00,26800.00,Standard,,"{""demoLine"": true}"
ROOFTOP_BAR,ORD-ROOFTOP_BAR-00332,1,Crispy Plantain Cups,3,20200.00,60600.00,Standard,,"{""demoLine"": true}"
GARDEN_CAFE,ORD-GARDEN_CAFE-00333,1,Chocolate Date Tart,2,22100.00,44200.00,Standard,,"{""demoLine"": true}"
GARDEN_CAFE,ORD-GARDEN_CAFE-00333,2,Avocado Toast Stack,3,16000.00,48000.00,Standard,,"{""demoLine"": true}"
GARDEN_CAFE,ORD-GARDEN_CAFE-00333,3,Iced Vanilla Coffee,3,28000.00,84000.00,Standard,,"{""demoLine"": true}"
GARDEN_CAFE,ORD-GARDEN_CAFE-00333,4,Garden Vegetable Pasta,2,33100.00,66200.00,Standard,,"{""demoLine"": true}"
GARDEN_CAFE,ORD-GARDEN_CAFE-00334,1,Banana Oat Pancakes,2,20000.00,40000.00,Standard,,"{""demoLine"": true}"
GARDEN_CAFE,ORD-GARDEN_CAFE-00334,2,Avocado Toast Stack,1,16000.00,16000.00,Standard,,"{""demoLine"": true}"
GARDEN_CAFE,ORD-GARDEN_CAFE-00334,3,Mango Passion Juice,2,12900.00,25800.00,Standard,,"{""demoLine"": true}"
GARDEN_CAFE,ORD-GARDEN_CAFE-00334,4,Mint Lime Spritz,1,14700.00,14700.00,Standard,,"{""demoLine"": true}"
GARDEN_CAFE,ORD-GARDEN_CAFE-00335,1,Seasonal Salad,3,13800.00,41400.00,Standard,,"{""demoLine"": true}"
GARDEN_CAFE,ORD-GARDEN_CAFE-00335,2,Chocolate Date Tart,3,22100.00,66300.00,Standard,,"{""demoLine"": true}"
GARDEN_CAFE,ORD-GARDEN_CAFE-00335,3,Iced Vanilla Coffee,1,28000.00,28000.00,Standard,,"{""demoLine"": true}"
GARDEN_CAFE,ORD-GARDEN_CAFE-00336,1,Tilapia Lemon Herb,1,44200.00,44200.00,Standard,,"{""demoLine"": true}"
GARDEN_CAFE,ORD-GARDEN_CAFE-00336,2,Banana Oat Pancakes,1,20000.00,20000.00,Standard,,"{""demoLine"": true}"
GARDEN_CAFE,ORD-GARDEN_CAFE-00336,3,Mushroom Risotto,3,35000.00,105000.00,Standard,,"{""demoLine"": true}"
EVENTS_KITCHEN,ORD-EVENTS_KITCHEN-00337,1,Vegetable Lasagna Pan,3,32000.00,96000.00,Standard,,"{""demoLine"": true}"
EVENTS_KITCHEN,ORD-EVENTS_KITCHEN-00337,2,Executive Lunch Box,1,28000.00,28000.00,Standard,,"{""demoLine"": true}"
EVENTS_KITCHEN,ORD-EVENTS_KITCHEN-00337,3,Garlic Flatbread,3,11800.00,35400.00,Standard,,"{""demoLine"": true}"
EVENTS_KITCHEN,ORD-EVENTS_KITCHEN-00337,4,Passion Fruit Cheesecake,3,24800.00,74400.00,Standard,,"{""demoLine"": true}"
EVENTS_KITCHEN,ORD-EVENTS_KITCHEN-00338,1,Mini Dessert Flight,1,36000.00,36000.00,Standard,,"{""demoLine"": true}"
EVENTS_KITCHEN,ORD-EVENTS_KITCHEN-00338,2,Corporate Snack Board,1,92000.00,92000.00,Standard,,"{""demoLine"": true}"
EVENTS_KITCHEN,ORD-EVENTS_KITCHEN-00338,3,Beef Fillet Plate,2,66100.00,132200.00,Standard,,"{""demoLine"": true}"
EVENTS_KITCHEN,ORD-EVENTS_KITCHEN-00338,4,Tomato Bruschetta,2,26000.00,52000.00,Standard,,"{""demoLine"": true}"
EVENTS_KITCHEN,ORD-EVENTS_KITCHEN-00339,1,Mushroom Risotto,2,44800.00,89600.00,Standard,,"{""demoLine"": true}"
EVENTS_KITCHEN,ORD-EVENTS_KITCHEN-00339,2,Cafe Latte,1,14200.00,14200.00,Standard,,"{""demoLine"": true}"
EVENTS_KITCHEN,ORD-EVENTS_KITCHEN-00340,1,Halloumi Bites,2,30700.00,61400.00,Standard,,"{""demoLine"": true}"
EVENTS_KITCHEN,ORD-EVENTS_KITCHEN-00340,2,Passion Fruit Cheesecake,1,24800.00,24800.00,Standard,,"{""demoLine"": true}"
EVENTS_KITCHEN,ORD-EVENTS_KITCHEN-00340,3,Chocolate Date Tart,3,28300.00,84900.00,Standard,,"{""demoLine"": true}"
EVENTS_KITCHEN,ORD-EVENTS_KITCHEN-00340,4,Seasonal Salad,1,17700.00,17700.00,Standard,,"{""demoLine"": true}"
TAPAS_DOWNTOWN,ORD-TAPAS_DOWNTOWN-00341,1,Grilled Chicken Bowl,2,42000.00,84000.00,Standard,,"{""demoLine"": true}"
TAPAS_DOWNTOWN,ORD-TAPAS_DOWNTOWN-00341,2,Passion Fruit Cheesecake,2,21000.00,42000.00,Standard,,"{""demoLine"": true}"
TAPAS_DOWNTOWN,ORD-TAPAS_DOWNTOWN-00341,3,Americano,2,9000.00,18000.00,Standard,,"{""demoLine"": true}"
TAPAS_DOWNTOWN,ORD-TAPAS_DOWNTOWN-00342,1,Seasonal Salad,3,15000.00,45000.00,Standard,,"{""demoLine"": true}"
TAPAS_DOWNTOWN,ORD-TAPAS_DOWNTOWN-00342,2,Cafe Latte,2,12000.00,24000.00,Standard,,"{""demoLine"": true}"
TAPAS_DOWNTOWN,ORD-TAPAS_DOWNTOWN-00343,1,Mint Lime Spritz,2,16000.00,32000.00,Standard,,"{""demoLine"": true}"
TAPAS_DOWNTOWN,ORD-TAPAS_DOWNTOWN-00343,2,Herb Fries,1,12000.00,12000.00,Standard,,"{""demoLine"": true}"
TAPAS_DOWNTOWN,ORD-TAPAS_DOWNTOWN-00343,3,Ginger Hibiscus Cooler,2,17000.00,34000.00,Standard,,"{""demoLine"": true}"
TAPAS_DOWNTOWN,ORD-TAPAS_DOWNTOWN-00343,4,Smoked Eggplant Dip,1,16000.00,16000.00,Standard,,"{""demoLine"": true}"
TAPAS_DOWNTOWN,ORD-TAPAS_DOWNTOWN-00344,1,Charred Octopus Style Mushroom,1,20000.00,20000.00,Standard,,"{""demoLine"": true}"
TAPAS_DOWNTOWN,ORD-TAPAS_DOWNTOWN-00344,2,Grilled Chicken Bowl,3,42000.00,126000.00,Standard,,"{""demoLine"": true}"
TAPAS_DOWNTOWN,ORD-TAPAS_DOWNTOWN-00344,3,Mint Lime Spritz,3,16000.00,48000.00,Standard,,"{""demoLine"": true}"
TAPAS_DOWNTOWN,ORD-TAPAS_DOWNTOWN-00345,1,Tilapia Lemon Herb,3,48000.00,144000.00,Standard,,"{""demoLine"": true}"
TAPAS_DOWNTOWN,ORD-TAPAS_DOWNTOWN-00345,2,Chicken Empanada Trio,3,24000.00,72000.00,Standard,,"{""demoLine"": true}"
TAPAS_DOWNTOWN,ORD-TAPAS_DOWNTOWN-00345,3,Matoke Croquettes,1,32000.00,32000.00,Standard,,"{""demoLine"": true}"
ROOFTOP_BAR,ORD-ROOFTOP_BAR-00346,1,Mint Lime Sky Spritz,2,17900.00,35800.00,Standard,,"{""demoLine"": true}"
ROOFTOP_BAR,ORD-ROOFTOP_BAR-00346,2,Americano,1,10100.00,10100.00,Standard,,"{""demoLine"": true}"
ROOFTOP_BAR,ORD-ROOFTOP_BAR-00346,3,Tomato Bruschetta,3,24600.00,73800.00,Standard,,"{""demoLine"": true}"
ROOFTOP_BAR,ORD-ROOFTOP_BAR-00346,4,Cucumber Basil Fizz,2,20000.00,40000.00,Standard,,"{""demoLine"": true}"
ROOFTOP_BAR,ORD-ROOFTOP_BAR-00347,1,Cranberry Lime Nojito,1,28000.00,28000.00,Standard,,"{""demoLine"": true}"
ROOFTOP_BAR,ORD-ROOFTOP_BAR-00347,2,Seasonal Salad,1,16800.00,16800.00,Standard,,"{""demoLine"": true}"
ROOFTOP_BAR,ORD-ROOFTOP_BAR-00347,3,Cucumber Basil Fizz,3,20000.00,60000.00,Standard,,"{""demoLine"": true}"
ROOFTOP_BAR,ORD-ROOFTOP_BAR-00347,4,Night Market Fries,3,32000.00,96000.00,Standard,,"{""demoLine"": true}"
ROOFTOP_BAR,ORD-ROOFTOP_BAR-00348,1,Cucumber Basil Fizz,3,20000.00,60000.00,Standard,,"{""demoLine"": true}"
ROOFTOP_BAR,ORD-ROOFTOP_BAR-00348,2,Garlic Flatbread,2,11200.00,22400.00,Standard,,"{""demoLine"": true}"
ROOFTOP_BAR,ORD-ROOFTOP_BAR-00348,3,Cranberry Lime Nojito,3,28000.00,84000.00,Standard,,"{""demoLine"": true}"
ROOFTOP_BAR,ORD-ROOFTOP_BAR-00349,1,Night Market Fries,3,32000.00,96000.00,Standard,,"{""demoLine"": true}"
ROOFTOP_BAR,ORD-ROOFTOP_BAR-00350,1,Cafe Latte,1,13400.00,13400.00,Standard,,"{""demoLine"": true}"
ROOFTOP_BAR,ORD-ROOFTOP_BAR-00350,2,Skyline Mezze Cups,2,16000.00,32000.00,Standard,,"{""demoLine"": true}"
GARDEN_CAFE,ORD-GARDEN_CAFE-00351,1,Spiced Chai,3,10100.00,30300.00,Standard,,"{""demoLine"": true}"
GARDEN_CAFE,ORD-GARDEN_CAFE-00351,2,Passion Fruit Cheesecake,3,19300.00,57900.00,Standard,,"{""demoLine"": true}"
GARDEN_CAFE,ORD-GARDEN_CAFE-00351,3,Tilapia Lemon Herb,3,44200.00,132600.00,Standard,,"{""demoLine"": true}"
GARDEN_CAFE,ORD-GARDEN_CAFE-00351,4,Mushroom Risotto,2,35000.00,70000.00,Standard,,"{""demoLine"": true}"
GARDEN_CAFE,ORD-GARDEN_CAFE-00352,1,Cafe Latte,3,11000.00,33000.00,Standard,,"{""demoLine"": true}"
GARDEN_CAFE,ORD-GARDEN_CAFE-00353,1,Tomato Bruschetta,3,20200.00,60600.00,Standard,,"{""demoLine"": true}"
GARDEN_CAFE,ORD-GARDEN_CAFE-00354,1,Sesame Chicken Skewers,2,25800.00,51600.00,Standard,,"{""demoLine"": true}"
GARDEN_CAFE,ORD-GARDEN_CAFE-00354,2,Halloumi Bites,1,23900.00,23900.00,Standard,,"{""demoLine"": true}"
GARDEN_CAFE,ORD-GARDEN_CAFE-00354,3,Herb Fries,1,11000.00,11000.00,Standard,,"{""demoLine"": true}"
GARDEN_CAFE,ORD-GARDEN_CAFE-00354,4,Chocolate Date Tart,3,22100.00,66300.00,Standard,,"{""demoLine"": true}"
GARDEN_CAFE,ORD-GARDEN_CAFE-00355,1,Seasonal Salad,3,13800.00,41400.00,Standard,,"{""demoLine"": true}"
EVENTS_KITCHEN,ORD-EVENTS_KITCHEN-00356,1,Mushroom Risotto,3,44800.00,134400.00,Standard,,"{""demoLine"": true}"
EVENTS_KITCHEN,ORD-EVENTS_KITCHEN-00356,2,Vegetable Lasagna Pan,2,32000.00,64000.00,Standard,,"{""demoLine"": true}"
EVENTS_KITCHEN,ORD-EVENTS_KITCHEN-00356,3,Corporate Snack Board,2,92000.00,184000.00,Standard,,"{""demoLine"": true}"
EVENTS_KITCHEN,ORD-EVENTS_KITCHEN-00356,4,Herb Fries,1,14200.00,14200.00,Standard,,"{""demoLine"": true}"
EVENTS_KITCHEN,ORD-EVENTS_KITCHEN-00357,1,Executive Lunch Box,2,28000.00,56000.00,Standard,,"{""demoLine"": true}"
EVENTS_KITCHEN,ORD-EVENTS_KITCHEN-00357,2,Herb Fries,3,14200.00,42600.00,Standard,,"{""demoLine"": true}"
EVENTS_KITCHEN,ORD-EVENTS_KITCHEN-00358,1,Grilled Chicken Bowl,3,49600.00,148800.00,Standard,,"{""demoLine"": true}"
EVENTS_KITCHEN,ORD-EVENTS_KITCHEN-00358,2,Vegetable Lasagna Pan,2,32000.00,64000.00,Standard,,"{""demoLine"": true}"
EVENTS_KITCHEN,ORD-EVENTS_KITCHEN-00359,1,Vegetable Lasagna Pan,3,32000.00,96000.00,Standard,,"{""demoLine"": true}"
EVENTS_KITCHEN,ORD-EVENTS_KITCHEN-00359,2,Garden Vegetable Pasta,1,42500.00,42500.00,Standard,,"{""demoLine"": true}"
EVENTS_KITCHEN,ORD-EVENTS_KITCHEN-00359,3,Mini Dessert Flight,1,36000.00,36000.00,Standard,,"{""demoLine"": true}"
EVENTS_KITCHEN,ORD-EVENTS_KITCHEN-00359,4,Seasonal Salad,2,17700.00,35400.00,Standard,,"{""demoLine"": true}"
EVENTS_KITCHEN,ORD-EVENTS_KITCHEN-00360,1,Vegetable Lasagna Pan,3,32000.00,96000.00,Standard,,"{""demoLine"": true}"
EVENTS_KITCHEN,ORD-EVENTS_KITCHEN-00360,2,Herb Fries,2,14200.00,28400.00,Standard,,"{""demoLine"": true}"
TAPAS_DOWNTOWN,ORD-TAPAS_DOWNTOWN-00361,1,Garden Vegetable Pasta,2,36000.00,72000.00,Standard,,"{""demoLine"": true}"
TAPAS_DOWNTOWN,ORD-TAPAS_DOWNTOWN-00361,2,Chicken Empanada Trio,3,24000.00,72000.00,Standard,,"{""demoLine"": true}"
TAPAS_DOWNTOWN,ORD-TAPAS_DOWNTOWN-00361,3,Charred Octopus Style Mushroom,2,20000.00,40000.00,Standard,,"{""demoLine"": true}"
ROOFTOP_BAR,ORD-ROOFTOP_BAR-00362,1,Spiced Chai,3,12300.00,36900.00,Standard,,"{""demoLine"": true}"
ROOFTOP_BAR,ORD-ROOFTOP_BAR-00362,2,Americano,1,10100.00,10100.00,Standard,,"{""demoLine"": true}"
ROOFTOP_BAR,ORD-ROOFTOP_BAR-00362,3,Garlic Flatbread,1,11200.00,11200.00,Standard,,"{""demoLine"": true}"
GARDEN_CAFE,ORD-GARDEN_CAFE-00363,1,Seasonal Salad,1,13800.00,13800.00,Standard,,"{""demoLine"": true}"
GARDEN_CAFE,ORD-GARDEN_CAFE-00363,2,Sesame Chicken Skewers,1,25800.00,25800.00,Standard,,"{""demoLine"": true}"
EVENTS_KITCHEN,ORD-EVENTS_KITCHEN-00364,1,Ginger Hibiscus Cooler,2,20100.00,40200.00,Standard,,"{""demoLine"": true}"
EVENTS_KITCHEN,ORD-EVENTS_KITCHEN-00364,2,Banquet Mezze Platter,1,112100.00,112100.00,Standard,,"{""demoLine"": true}"
TAPAS_DOWNTOWN,ORD-TAPAS_DOWNTOWN-00365,1,Grilled Chicken Bowl,1,42000.00,42000.00,Standard,,"{""demoLine"": true}"
TAPAS_DOWNTOWN,ORD-TAPAS_DOWNTOWN-00365,2,Garden Vegetable Pasta,2,36000.00,72000.00,Standard,,"{""demoLine"": true}"
TAPAS_DOWNTOWN,ORD-TAPAS_DOWNTOWN-00365,3,Garlic Flatbread,1,10000.00,10000.00,Standard,,"{""demoLine"": true}"
TAPAS_DOWNTOWN,ORD-TAPAS_DOWNTOWN-00365,4,Chocolate Date Tart,3,24000.00,72000.00,Standard,,"{""demoLine"": true}"
TAPAS_DOWNTOWN,ORD-TAPAS_DOWNTOWN-00366,1,Chocolate Date Tart,2,24000.00,48000.00,Standard,,"{""demoLine"": true}"
TAPAS_DOWNTOWN,ORD-TAPAS_DOWNTOWN-00366,2,Chicken Empanada Trio,1,24000.00,24000.00,Standard,,"{""demoLine"": true}"
TAPAS_DOWNTOWN,ORD-TAPAS_DOWNTOWN-00366,3,Beef Fillet Plate,2,56000.00,112000.00,Standard,,"{""demoLine"": true}"
TAPAS_DOWNTOWN,ORD-TAPAS_DOWNTOWN-00366,4,Sesame Chicken Skewers,3,28000.00,84000.00,Standard,,"{""demoLine"": true}"
ROOFTOP_BAR,ORD-ROOFTOP_BAR-00367,1,Americano,1,10100.00,10100.00,Standard,,"{""demoLine"": true}"
ROOFTOP_BAR,ORD-ROOFTOP_BAR-00367,2,Cranberry Lime Nojito,1,28000.00,28000.00,Standard,,"{""demoLine"": true}"
ROOFTOP_BAR,ORD-ROOFTOP_BAR-00367,3,Garlic Flatbread,1,11200.00,11200.00,Standard,,"{""demoLine"": true}"
ROOFTOP_BAR,ORD-ROOFTOP_BAR-00368,1,Cranberry Lime Nojito,1,28000.00,28000.00,Standard,,"{""demoLine"": true}"
GARDEN_CAFE,ORD-GARDEN_CAFE-00369,1,Beef Fillet Plate,3,51500.00,154500.00,Standard,,"{""demoLine"": true}"
GARDEN_CAFE,ORD-GARDEN_CAFE-00369,2,Seasonal Salad,3,13800.00,41400.00,Standard,,"{""demoLine"": true}"
GARDEN_CAFE,ORD-GARDEN_CAFE-00370,1,Halloumi Bites,1,23900.00,23900.00,Standard,,"{""demoLine"": true}"
GARDEN_CAFE,ORD-GARDEN_CAFE-00370,2,Beef Fillet Plate,3,51500.00,154500.00,Standard,,"{""demoLine"": true}"
GARDEN_CAFE,ORD-GARDEN_CAFE-00370,3,Grilled Chicken Bowl,3,38600.00,115800.00,Standard,,"{""demoLine"": true}"
EVENTS_KITCHEN,ORD-EVENTS_KITCHEN-00371,1,Executive Lunch Box,3,28000.00,84000.00,Standard,,"{""demoLine"": true}"
EVENTS_KITCHEN,ORD-EVENTS_KITCHEN-00371,2,Herb Fries,3,14200.00,42600.00,Standard,,"{""demoLine"": true}"
EVENTS_KITCHEN,ORD-EVENTS_KITCHEN-00371,3,Mango Passion Juice,1,16500.00,16500.00,Standard,,"{""demoLine"": true}"
EVENTS_KITCHEN,ORD-EVENTS_KITCHEN-00371,4,Garlic Flatbread,3,11800.00,35400.00,Standard,,"{""demoLine"": true}"
EVENTS_KITCHEN,ORD-EVENTS_KITCHEN-00372,1,Herb Fries,2,14200.00,28400.00,Standard,,"{""demoLine"": true}"
EVENTS_KITCHEN,ORD-EVENTS_KITCHEN-00372,2,Seasonal Salad,1,17700.00,17700.00,Standard,,"{""demoLine"": true}"
TAPAS_DOWNTOWN,ORD-TAPAS_DOWNTOWN-00373,1,Beef Fillet Plate,1,56000.00,56000.00,Standard,,"{""demoLine"": true}"
TAPAS_DOWNTOWN,ORD-TAPAS_DOWNTOWN-00373,2,Charred Octopus Style Mushroom,3,20000.00,60000.00,Standard,,"{""demoLine"": true}"
TAPAS_DOWNTOWN,ORD-TAPAS_DOWNTOWN-00373,3,Tomato Bruschetta,2,22000.00,44000.00,Standard,,"{""demoLine"": true}"
TAPAS_DOWNTOWN,ORD-TAPAS_DOWNTOWN-00374,1,Citrus Greens Bowl,2,28000.00,56000.00,Standard,,"{""demoLine"": true}"
TAPAS_DOWNTOWN,ORD-TAPAS_DOWNTOWN-00374,2,Charred Octopus Style Mushroom,2,20000.00,40000.00,Standard,,"{""demoLine"": true}"
TAPAS_DOWNTOWN,ORD-TAPAS_DOWNTOWN-00375,1,Garden Vegetable Pasta,1,36000.00,36000.00,Standard,,"{""demoLine"": true}"
TAPAS_DOWNTOWN,ORD-TAPAS_DOWNTOWN-00375,2,Grilled Chicken Bowl,3,42000.00,126000.00,Standard,,"{""demoLine"": true}"
TAPAS_DOWNTOWN,ORD-TAPAS_DOWNTOWN-00375,3,Halloumi Bites,3,26000.00,78000.00,Standard,,"{""demoLine"": true}"
TAPAS_DOWNTOWN,ORD-TAPAS_DOWNTOWN-00375,4,Matoke Croquettes,1,32000.00,32000.00,Standard,,"{""demoLine"": true}"
ROOFTOP_BAR,ORD-ROOFTOP_BAR-00376,1,Garlic Flatbread,3,11200.00,33600.00,Standard,,"{""demoLine"": true}"
ROOFTOP_BAR,ORD-ROOFTOP_BAR-00376,2,Garden Vegetable Pasta,3,40300.00,120900.00,Standard,,"{""demoLine"": true}"
ROOFTOP_BAR,ORD-ROOFTOP_BAR-00377,1,Chocolate Date Tart,3,26900.00,80700.00,Standard,,"{""demoLine"": true}"
ROOFTOP_BAR,ORD-ROOFTOP_BAR-00378,1,Sesame Chicken Skewers,1,31400.00,31400.00,Standard,,"{""demoLine"": true}"
ROOFTOP_BAR,ORD-ROOFTOP_BAR-00378,2,Ginger Hibiscus Rooftop Cooler,2,19000.00,38000.00,Standard,,"{""demoLine"": true}"
GARDEN_CAFE,ORD-GARDEN_CAFE-00379,1,Sesame Chicken Skewers,1,25800.00,25800.00,Standard,,"{""demoLine"": true}"
GARDEN_CAFE,ORD-GARDEN_CAFE-00379,2,Mint Lime Spritz,1,14700.00,14700.00,Standard,,"{""demoLine"": true}"
GARDEN_CAFE,ORD-GARDEN_CAFE-00380,1,Sesame Chicken Skewers,1,25800.00,25800.00,Standard,,"{""demoLine"": true}"
GARDEN_CAFE,ORD-GARDEN_CAFE-00381,1,Ginger Hibiscus Cooler,2,15600.00,31200.00,Standard,,"{""demoLine"": true}"
GARDEN_CAFE,ORD-GARDEN_CAFE-00381,2,Seasonal Salad,2,13800.00,27600.00,Standard,,"{""demoLine"": true}"
GARDEN_CAFE,ORD-GARDEN_CAFE-00381,3,Sesame Chicken Skewers,3,25800.00,77400.00,Standard,,"{""demoLine"": true}"
GARDEN_CAFE,ORD-GARDEN_CAFE-00381,4,Tilapia Lemon Herb,2,44200.00,88400.00,Standard,,"{""demoLine"": true}"
EVENTS_KITCHEN,ORD-EVENTS_KITCHEN-00382,1,Garden Vegetable Pasta,2,42500.00,85000.00,Standard,,"{""demoLine"": true}"
EVENTS_KITCHEN,ORD-EVENTS_KITCHEN-00383,1,Grilled Chicken Bowl,3,49600.00,148800.00,Standard,,"{""demoLine"": true}"
EVENTS_KITCHEN,ORD-EVENTS_KITCHEN-00383,2,Executive Lunch Box,2,28000.00,56000.00,Standard,,"{""demoLine"": true}"
EVENTS_KITCHEN,ORD-EVENTS_KITCHEN-00383,3,Crispy Plantain Cups,1,21200.00,21200.00,Standard,,"{""demoLine"": true}"
EVENTS_KITCHEN,ORD-EVENTS_KITCHEN-00384,1,Seasonal Salad,1,17700.00,17700.00,Standard,,"{""demoLine"": true}"
EVENTS_KITCHEN,ORD-EVENTS_KITCHEN-00384,2,Ginger Hibiscus Cooler,3,20100.00,60300.00,Standard,,"{""demoLine"": true}"
EVENTS_KITCHEN,ORD-EVENTS_KITCHEN-00384,3,Garden Vegetable Pasta,1,42500.00,42500.00,Standard,,"{""demoLine"": true}"
TAPAS_DOWNTOWN,ORD-TAPAS_DOWNTOWN-00385,1,Mushroom Risotto,3,38000.00,114000.00,Standard,,"{""demoLine"": true}"
TAPAS_DOWNTOWN,ORD-TAPAS_DOWNTOWN-00386,1,Passion Fruit Cheesecake,1,21000.00,21000.00,Standard,,"{""demoLine"": true}"
TAPAS_DOWNTOWN,ORD-TAPAS_DOWNTOWN-00386,2,Halloumi Bites,1,26000.00,26000.00,Standard,,"{""demoLine"": true}"
TAPAS_DOWNTOWN,ORD-TAPAS_DOWNTOWN-00387,1,Cafe Latte,1,12000.00,12000.00,Standard,,"{""demoLine"": true}"
TAPAS_DOWNTOWN,ORD-TAPAS_DOWNTOWN-00387,2,Garlic Flatbread,3,10000.00,30000.00,Standard,,"{""demoLine"": true}"
TAPAS_DOWNTOWN,ORD-TAPAS_DOWNTOWN-00388,1,Smoked Eggplant Dip,2,16000.00,32000.00,Standard,,"{""demoLine"": true}"
TAPAS_DOWNTOWN,ORD-TAPAS_DOWNTOWN-00388,2,Herb Fries,2,12000.00,24000.00,Standard,,"{""demoLine"": true}"
ROOFTOP_BAR,ORD-ROOFTOP_BAR-00389,1,Herb Fries,2,13400.00,26800.00,Standard,,"{""demoLine"": true}"
ROOFTOP_BAR,ORD-ROOFTOP_BAR-00389,2,Cucumber Basil Fizz,3,20000.00,60000.00,Standard,,"{""demoLine"": true}"
ROOFTOP_BAR,ORD-ROOFTOP_BAR-00389,3,Garden Vegetable Pasta,1,40300.00,40300.00,Standard,,"{""demoLine"": true}"
ROOFTOP_BAR,ORD-ROOFTOP_BAR-00390,1,Tomato Bruschetta,2,24600.00,49200.00,Standard,,"{""demoLine"": true}"
ROOFTOP_BAR,ORD-ROOFTOP_BAR-00390,2,Ginger Hibiscus Rooftop Cooler,3,19000.00,57000.00,Standard,,"{""demoLine"": true}"
ROOFTOP_BAR,ORD-ROOFTOP_BAR-00390,3,Crispy Plantain Cups,1,20200.00,20200.00,Standard,,"{""demoLine"": true}"
ROOFTOP_BAR,ORD-ROOFTOP_BAR-00391,1,Mint Lime Sky Spritz,3,17900.00,53700.00,Standard,,"{""demoLine"": true}"
ROOFTOP_BAR,ORD-ROOFTOP_BAR-00391,2,Sesame Chicken Skewers,1,31400.00,31400.00,Standard,,"{""demoLine"": true}"
ROOFTOP_BAR,ORD-ROOFTOP_BAR-00391,3,Tomato Bruschetta,1,24600.00,24600.00,Standard,,"{""demoLine"": true}"
ROOFTOP_BAR,ORD-ROOFTOP_BAR-00392,1,Skyline Mezze Cups,2,16000.00,32000.00,Standard,,"{""demoLine"": true}"
GARDEN_CAFE,ORD-GARDEN_CAFE-00393,1,Iced Vanilla Coffee,1,28000.00,28000.00,Standard,,"{""demoLine"": true}"
GARDEN_CAFE,ORD-GARDEN_CAFE-00394,1,Spiced Chai,3,10100.00,30300.00,Standard,,"{""demoLine"": true}"
GARDEN_CAFE,ORD-GARDEN_CAFE-00394,2,Tomato Bruschetta,3,20200.00,60600.00,Standard,,"{""demoLine"": true}"
GARDEN_CAFE,ORD-GARDEN_CAFE-00395,1,Halloumi Bites,1,23900.00,23900.00,Standard,,"{""demoLine"": true}"
GARDEN_CAFE,ORD-GARDEN_CAFE-00395,2,Tilapia Lemon Herb,3,44200.00,132600.00,Standard,,"{""demoLine"": true}"
GARDEN_CAFE,ORD-GARDEN_CAFE-00396,1,Iced Vanilla Coffee,3,28000.00,84000.00,Standard,,"{""demoLine"": true}"
GARDEN_CAFE,ORD-GARDEN_CAFE-00396,2,Ginger Hibiscus Cooler,2,15600.00,31200.00,Standard,,"{""demoLine"": true}"
GARDEN_CAFE,ORD-GARDEN_CAFE-00396,3,Beef Fillet Plate,3,51500.00,154500.00,Standard,,"{""demoLine"": true}"
EVENTS_KITCHEN,ORD-EVENTS_KITCHEN-00397,1,Crispy Plantain Cups,2,21200.00,42400.00,Standard,,"{""demoLine"": true}"
EVENTS_KITCHEN,ORD-EVENTS_KITCHEN-00397,2,Vegetable Lasagna Pan,3,32000.00,96000.00,Standard,,"{""demoLine"": true}"
EVENTS_KITCHEN,ORD-EVENTS_KITCHEN-00398,1,Spiced Chai,3,13000.00,39000.00,Standard,,"{""demoLine"": true}"
EVENTS_KITCHEN,ORD-EVENTS_KITCHEN-00398,2,Mini Dessert Flight,1,36000.00,36000.00,Standard,,"{""demoLine"": true}"
EVENTS_KITCHEN,ORD-EVENTS_KITCHEN-00398,3,Mushroom Risotto,2,44800.00,89600.00,Standard,,"{""demoLine"": true}"
EVENTS_KITCHEN,ORD-EVENTS_KITCHEN-00399,1,Garlic Flatbread,1,11800.00,11800.00,Standard,,"{""demoLine"": true}"
EVENTS_KITCHEN,ORD-EVENTS_KITCHEN-00400,1,Cafe Latte,2,14200.00,28400.00,Standard,,"{""demoLine"": true}"
EVENTS_KITCHEN,ORD-EVENTS_KITCHEN-00400,2,Ginger Hibiscus Cooler,1,20100.00,20100.00,Standard,,"{""demoLine"": true}"
TAPAS_DOWNTOWN,ORD-TAPAS_DOWNTOWN-00401,1,Sesame Chicken Skewers,2,28000.00,56000.00,Standard,,"{""demoLine"": true}"
TAPAS_DOWNTOWN,ORD-TAPAS_DOWNTOWN-00402,1,Seasonal Salad,1,15000.00,15000.00,Standard,,"{""demoLine"": true}"
TAPAS_DOWNTOWN,ORD-TAPAS_DOWNTOWN-00402,2,Halloumi Bites,1,26000.00,26000.00,Standard,,"{""demoLine"": true}"
TAPAS_DOWNTOWN,ORD-TAPAS_DOWNTOWN-00402,3,Cafe Latte,2,12000.00,24000.00,Standard,,"{""demoLine"": true}"
TAPAS_DOWNTOWN,ORD-TAPAS_DOWNTOWN-00402,4,Beef Fillet Plate,2,56000.00,112000.00,Standard,,"{""demoLine"": true}"
TAPAS_DOWNTOWN,ORD-TAPAS_DOWNTOWN-00403,1,Tilapia Lemon Herb,3,48000.00,144000.00,Standard,,"{""demoLine"": true}"
TAPAS_DOWNTOWN,ORD-TAPAS_DOWNTOWN-00404,1,Americano,1,9000.00,9000.00,Standard,,"{""demoLine"": true}"
TAPAS_DOWNTOWN,ORD-TAPAS_DOWNTOWN-00405,1,Matoke Croquettes,2,32000.00,64000.00,Standard,,"{""demoLine"": true}"
TAPAS_DOWNTOWN,ORD-TAPAS_DOWNTOWN-00405,2,Grilled Chicken Bowl,3,42000.00,126000.00,Standard,,"{""demoLine"": true}"
TAPAS_DOWNTOWN,ORD-TAPAS_DOWNTOWN-00405,3,Mint Lime Spritz,2,16000.00,32000.00,Standard,,"{""demoLine"": true}"
TAPAS_DOWNTOWN,ORD-TAPAS_DOWNTOWN-00405,4,Garden Vegetable Pasta,2,36000.00,72000.00,Standard,,"{""demoLine"": true}"
ROOFTOP_BAR,ORD-ROOFTOP_BAR-00406,1,Skyline Mezze Cups,3,16000.00,48000.00,Standard,,"{""demoLine"": true}"
ROOFTOP_BAR,ORD-ROOFTOP_BAR-00406,2,Cranberry Lime Nojito,3,28000.00,84000.00,Standard,,"{""demoLine"": true}"
ROOFTOP_BAR,ORD-ROOFTOP_BAR-00406,3,Night Market Fries,1,32000.00,32000.00,Standard,,"{""demoLine"": true}"
ROOFTOP_BAR,ORD-ROOFTOP_BAR-00407,1,Tilapia Lemon Herb,3,53800.00,161400.00,Standard,,"{""demoLine"": true}"
ROOFTOP_BAR,ORD-ROOFTOP_BAR-00407,2,Garlic Flatbread,2,11200.00,22400.00,Standard,,"{""demoLine"": true}"
ROOFTOP_BAR,ORD-ROOFTOP_BAR-00408,1,Rosemary Tonic Highball,2,24000.00,48000.00,Standard,,"{""demoLine"": true}"
ROOFTOP_BAR,ORD-ROOFTOP_BAR-00408,2,Spiced Chai,2,12300.00,24600.00,Standard,,"{""demoLine"": true}"
ROOFTOP_BAR,ORD-ROOFTOP_BAR-00408,3,Cucumber Basil Fizz,3,20000.00,60000.00,Standard,,"{""demoLine"": true}"
ROOFTOP_BAR,ORD-ROOFTOP_BAR-00409,1,Sesame Chicken Skewers,3,31400.00,94200.00,Standard,,"{""demoLine"": true}"
ROOFTOP_BAR,ORD-ROOFTOP_BAR-00409,2,Rosemary Tonic Highball,1,24000.00,24000.00,Standard,,"{""demoLine"": true}"
ROOFTOP_BAR,ORD-ROOFTOP_BAR-00409,3,Americano,3,10100.00,30300.00,Standard,,"{""demoLine"": true}"
ROOFTOP_BAR,ORD-ROOFTOP_BAR-00410,1,Mint Lime Sky Spritz,2,17900.00,35800.00,Standard,,"{""demoLine"": true}"
GARDEN_CAFE,ORD-GARDEN_CAFE-00411,1,Mushroom Risotto,2,35000.00,70000.00,Standard,,"{""demoLine"": true}"
GARDEN_CAFE,ORD-GARDEN_CAFE-00411,2,Mint Lime Spritz,2,14700.00,29400.00,Standard,,"{""demoLine"": true}"
GARDEN_CAFE,ORD-GARDEN_CAFE-00412,1,Garden Breakfast Plate,1,24000.00,24000.00,Standard,,"{""demoLine"": true}"
GARDEN_CAFE,ORD-GARDEN_CAFE-00413,1,Iced Vanilla Coffee,1,28000.00,28000.00,Standard,,"{""demoLine"": true}"
GARDEN_CAFE,ORD-GARDEN_CAFE-00414,1,Chocolate Date Tart,1,22100.00,22100.00,Standard,,"{""demoLine"": true}"
GARDEN_CAFE,ORD-GARDEN_CAFE-00414,2,Beef Fillet Plate,2,51500.00,103000.00,Standard,,"{""demoLine"": true}"
GARDEN_CAFE,ORD-GARDEN_CAFE-00414,3,Iced Vanilla Coffee,3,28000.00,84000.00,Standard,,"{""demoLine"": true}"
GARDEN_CAFE,ORD-GARDEN_CAFE-00414,4,Tilapia Lemon Herb,1,44200.00,44200.00,Standard,,"{""demoLine"": true}"
GARDEN_CAFE,ORD-GARDEN_CAFE-00415,1,Mint Lime Spritz,2,14700.00,29400.00,Standard,,"{""demoLine"": true}"
GARDEN_CAFE,ORD-GARDEN_CAFE-00415,2,Cafe Latte,3,11000.00,33000.00,Standard,,"{""demoLine"": true}"
EVENTS_KITCHEN,ORD-EVENTS_KITCHEN-00416,1,Banquet Chicken Tray,1,24000.00,24000.00,Standard,,"{""demoLine"": true}"
EVENTS_KITCHEN,ORD-EVENTS_KITCHEN-00416,2,Garlic Flatbread,3,11800.00,35400.00,Standard,,"{""demoLine"": true}"
EVENTS_KITCHEN,ORD-EVENTS_KITCHEN-00417,1,Americano,2,10600.00,21200.00,Standard,,"{""demoLine"": true}"
EVENTS_KITCHEN,ORD-EVENTS_KITCHEN-00417,2,Mushroom Risotto,1,44800.00,44800.00,Standard,,"{""demoLine"": true}"
EVENTS_KITCHEN,ORD-EVENTS_KITCHEN-00417,3,Spiced Chai,2,13000.00,26000.00,Standard,,"{""demoLine"": true}"
EVENTS_KITCHEN,ORD-EVENTS_KITCHEN-00418,1,Tilapia Lemon Herb,1,56600.00,56600.00,Standard,,"{""demoLine"": true}"
EVENTS_KITCHEN,ORD-EVENTS_KITCHEN-00418,2,Seasonal Salad,3,17700.00,53100.00,Standard,,"{""demoLine"": true}"
EVENTS_KITCHEN,ORD-EVENTS_KITCHEN-00418,3,Garlic Flatbread,1,11800.00,11800.00,Standard,,"{""demoLine"": true}"
EVENTS_KITCHEN,ORD-EVENTS_KITCHEN-00419,1,Cafe Latte,3,14200.00,42600.00,Standard,,"{""demoLine"": true}"
EVENTS_KITCHEN,ORD-EVENTS_KITCHEN-00419,2,Seasonal Salad,1,17700.00,17700.00,Standard,,"{""demoLine"": true}"
EVENTS_KITCHEN,ORD-EVENTS_KITCHEN-00419,3,Sesame Chicken Skewers,3,33000.00,99000.00,Standard,,"{""demoLine"": true}"
EVENTS_KITCHEN,ORD-EVENTS_KITCHEN-00420,1,Passion Fruit Cheesecake,3,24800.00,74400.00,Standard,,"{""demoLine"": true}"
EVENTS_KITCHEN,ORD-EVENTS_KITCHEN-00420,2,Mint Lime Spritz,1,18900.00,18900.00,Standard,,"{""demoLine"": true}"
EVENTS_KITCHEN,ORD-EVENTS_KITCHEN-00420,3,Cafe Latte,1,14200.00,14200.00,Standard,,"{""demoLine"": true}"
EVENTS_KITCHEN,ORD-EVENTS_KITCHEN-00420,4,Executive Lunch Box,3,28000.00,84000.00,Standard,,"{""demoLine"": true}"
TAPAS_DOWNTOWN,ORD-TAPAS_DOWNTOWN-00421,1,Chocolate Date Tart,1,24000.00,24000.00,Standard,,"{""demoLine"": true}"
ROOFTOP_BAR,ORD-ROOFTOP_BAR-00422,1,Cranberry Lime Nojito,3,28000.00,84000.00,Standard,,"{""demoLine"": true}"
GARDEN_CAFE,ORD-GARDEN_CAFE-00423,1,Avocado Toast Stack,2,16000.00,32000.00,Standard,,"{""demoLine"": true}"
GARDEN_CAFE,ORD-GARDEN_CAFE-00423,2,Halloumi Bites,2,23900.00,47800.00,Standard,,"{""demoLine"": true}"
EVENTS_KITCHEN,ORD-EVENTS_KITCHEN-00424,1,Sesame Chicken Skewers,2,33000.00,66000.00,Standard,,"{""demoLine"": true}"
EVENTS_KITCHEN,ORD-EVENTS_KITCHEN-00424,2,Spiced Chai,2,13000.00,26000.00,Standard,,"{""demoLine"": true}"
TAPAS_DOWNTOWN,ORD-TAPAS_DOWNTOWN-00425,1,Matoke Croquettes,2,32000.00,64000.00,Standard,,"{""demoLine"": true}"
TAPAS_DOWNTOWN,ORD-TAPAS_DOWNTOWN-00426,1,Beef Fillet Plate,3,56000.00,168000.00,Standard,,"{""demoLine"": true}"
TAPAS_DOWNTOWN,ORD-TAPAS_DOWNTOWN-00426,2,Matoke Croquettes,3,32000.00,96000.00,Standard,,"{""demoLine"": true}"
TAPAS_DOWNTOWN,ORD-TAPAS_DOWNTOWN-00426,3,Mint Lime Spritz,3,16000.00,48000.00,Standard,,"{""demoLine"": true}"
TAPAS_DOWNTOWN,ORD-TAPAS_DOWNTOWN-00426,4,Smoked Eggplant Dip,3,16000.00,48000.00,Standard,,"{""demoLine"": true}"
ROOFTOP_BAR,ORD-ROOFTOP_BAR-00427,1,Mint Lime Sky Spritz,3,17900.00,53700.00,Standard,,"{""demoLine"": true}"
ROOFTOP_BAR,ORD-ROOFTOP_BAR-00427,2,Tilapia Lemon Herb,2,53800.00,107600.00,Standard,,"{""demoLine"": true}"
ROOFTOP_BAR,ORD-ROOFTOP_BAR-00427,3,Garden Vegetable Pasta,3,40300.00,120900.00,Standard,,"{""demoLine"": true}"
ROOFTOP_BAR,ORD-ROOFTOP_BAR-00428,1,Rosemary Tonic Highball,3,24000.00,72000.00,Standard,,"{""demoLine"": true}"
ROOFTOP_BAR,ORD-ROOFTOP_BAR-00428,2,Chocolate Date Tart,3,26900.00,80700.00,Standard,,"{""demoLine"": true}"
ROOFTOP_BAR,ORD-ROOFTOP_BAR-00428,3,Skyline Mezze Cups,3,16000.00,48000.00,Standard,,"{""demoLine"": true}"
ROOFTOP_BAR,ORD-ROOFTOP_BAR-00428,4,Mango Passion Juice,3,15700.00,47100.00,Standard,,"{""demoLine"": true}"
GARDEN_CAFE,ORD-GARDEN_CAFE-00429,1,Garlic Flatbread,3,9200.00,27600.00,Standard,,"{""demoLine"": true}"
GARDEN_CAFE,ORD-GARDEN_CAFE-00429,2,Sesame Chicken Skewers,1,25800.00,25800.00,Standard,,"{""demoLine"": true}"
GARDEN_CAFE,ORD-GARDEN_CAFE-00429,3,Beef Fillet Plate,1,51500.00,51500.00,Standard,,"{""demoLine"": true}"
GARDEN_CAFE,ORD-GARDEN_CAFE-00430,1,Mint Lime Spritz,3,14700.00,44100.00,Standard,,"{""demoLine"": true}"
GARDEN_CAFE,ORD-GARDEN_CAFE-00430,2,Sesame Chicken Skewers,1,25800.00,25800.00,Standard,,"{""demoLine"": true}"
GARDEN_CAFE,ORD-GARDEN_CAFE-00430,3,Seasonal Salad,3,13800.00,41400.00,Standard,,"{""demoLine"": true}"
GARDEN_CAFE,ORD-GARDEN_CAFE-00430,4,Garlic Flatbread,3,9200.00,27600.00,Standard,,"{""demoLine"": true}"
EVENTS_KITCHEN,ORD-EVENTS_KITCHEN-00431,1,Mango Passion Juice,1,16500.00,16500.00,Standard,,"{""demoLine"": true}"
EVENTS_KITCHEN,ORD-EVENTS_KITCHEN-00432,1,Mini Dessert Flight,1,36000.00,36000.00,Standard,,"{""demoLine"": true}"
EVENTS_KITCHEN,ORD-EVENTS_KITCHEN-00432,2,Seasonal Salad,2,17700.00,35400.00,Standard,,"{""demoLine"": true}"
EVENTS_KITCHEN,ORD-EVENTS_KITCHEN-00432,3,Passion Fruit Cheesecake,2,24800.00,49600.00,Standard,,"{""demoLine"": true}"
TAPAS_DOWNTOWN,ORD-TAPAS_DOWNTOWN-00433,1,Passion Fruit Cheesecake,2,21000.00,42000.00,Standard,,"{""demoLine"": true}"
TAPAS_DOWNTOWN,ORD-TAPAS_DOWNTOWN-00433,2,Matoke Croquettes,2,32000.00,64000.00,Standard,,"{""demoLine"": true}"
TAPAS_DOWNTOWN,ORD-TAPAS_DOWNTOWN-00434,1,Charred Octopus Style Mushroom,2,20000.00,40000.00,Standard,,"{""demoLine"": true}"
TAPAS_DOWNTOWN,ORD-TAPAS_DOWNTOWN-00435,1,Passion Fruit Cheesecake,2,21000.00,42000.00,Standard,,"{""demoLine"": true}"
ROOFTOP_BAR,ORD-ROOFTOP_BAR-00436,1,Crispy Plantain Cups,1,20200.00,20200.00,Standard,,"{""demoLine"": true}"
ROOFTOP_BAR,ORD-ROOFTOP_BAR-00436,2,Seasonal Salad,1,16800.00,16800.00,Standard,,"{""demoLine"": true}"
ROOFTOP_BAR,ORD-ROOFTOP_BAR-00436,3,Garlic Flatbread,1,11200.00,11200.00,Standard,,"{""demoLine"": true}"
ROOFTOP_BAR,ORD-ROOFTOP_BAR-00437,1,Tilapia Lemon Herb,1,53800.00,53800.00,Standard,,"{""demoLine"": true}"
ROOFTOP_BAR,ORD-ROOFTOP_BAR-00438,1,Tomato Bruschetta,3,24600.00,73800.00,Standard,,"{""demoLine"": true}"
ROOFTOP_BAR,ORD-ROOFTOP_BAR-00438,2,Mint Lime Sky Spritz,1,17900.00,17900.00,Standard,,"{""demoLine"": true}"
GARDEN_CAFE,ORD-GARDEN_CAFE-00439,1,Crispy Plantain Cups,3,16600.00,49800.00,Standard,,"{""demoLine"": true}"
GARDEN_CAFE,ORD-GARDEN_CAFE-00440,1,Sesame Chicken Skewers,1,25800.00,25800.00,Standard,,"{""demoLine"": true}"
GARDEN_CAFE,ORD-GARDEN_CAFE-00441,1,Iced Vanilla Coffee,3,28000.00,84000.00,Standard,,"{""demoLine"": true}"
GARDEN_CAFE,ORD-GARDEN_CAFE-00441,2,Mango Passion Juice,3,12900.00,38700.00,Standard,,"{""demoLine"": true}"
EVENTS_KITCHEN,ORD-EVENTS_KITCHEN-00442,1,Passion Fruit Cheesecake,2,24800.00,49600.00,Standard,,"{""demoLine"": true}"
EVENTS_KITCHEN,ORD-EVENTS_KITCHEN-00442,2,Garden Vegetable Pasta,1,42500.00,42500.00,Standard,,"{""demoLine"": true}"
EVENTS_KITCHEN,ORD-EVENTS_KITCHEN-00442,3,Banquet Chicken Tray,1,24000.00,24000.00,Standard,,"{""demoLine"": true}"
EVENTS_KITCHEN,ORD-EVENTS_KITCHEN-00443,1,Tomato Bruschetta,3,26000.00,78000.00,Standard,,"{""demoLine"": true}"
EVENTS_KITCHEN,ORD-EVENTS_KITCHEN-00443,2,Chocolate Date Tart,1,28300.00,28300.00,Standard,,"{""demoLine"": true}"
EVENTS_KITCHEN,ORD-EVENTS_KITCHEN-00443,3,Crispy Plantain Cups,3,21200.00,63600.00,Standard,,"{""demoLine"": true}"
EVENTS_KITCHEN,ORD-EVENTS_KITCHEN-00443,4,Passion Fruit Cheesecake,2,24800.00,49600.00,Standard,,"{""demoLine"": true}"
EVENTS_KITCHEN,ORD-EVENTS_KITCHEN-00444,1,Ginger Hibiscus Cooler,3,20100.00,60300.00,Standard,,"{""demoLine"": true}"
EVENTS_KITCHEN,ORD-EVENTS_KITCHEN-00444,2,Vegetable Lasagna Pan,1,32000.00,32000.00,Standard,,"{""demoLine"": true}"
EVENTS_KITCHEN,ORD-EVENTS_KITCHEN-00444,3,Conference Tea Service,1,40000.00,40000.00,Standard,,"{""demoLine"": true}"
TAPAS_DOWNTOWN,ORD-TAPAS_DOWNTOWN-00445,1,Halloumi Bites,1,26000.00,26000.00,Standard,,"{""demoLine"": true}"
TAPAS_DOWNTOWN,ORD-TAPAS_DOWNTOWN-00445,2,Garlic Flatbread,1,10000.00,10000.00,Standard,,"{""demoLine"": true}"
TAPAS_DOWNTOWN,ORD-TAPAS_DOWNTOWN-00445,3,Chicken Empanada Trio,1,24000.00,24000.00,Standard,,"{""demoLine"": true}"
TAPAS_DOWNTOWN,ORD-TAPAS_DOWNTOWN-00446,1,Tilapia Lemon Herb,2,48000.00,96000.00,Standard,,"{""demoLine"": true}"
TAPAS_DOWNTOWN,ORD-TAPAS_DOWNTOWN-00446,2,Halloumi Bites,2,26000.00,52000.00,Standard,,"{""demoLine"": true}"
TAPAS_DOWNTOWN,ORD-TAPAS_DOWNTOWN-00446,3,Spiced Chai,1,11000.00,11000.00,Standard,,"{""demoLine"": true}"
TAPAS_DOWNTOWN,ORD-TAPAS_DOWNTOWN-00447,1,Mushroom Risotto,2,38000.00,76000.00,Standard,,"{""demoLine"": true}"
TAPAS_DOWNTOWN,ORD-TAPAS_DOWNTOWN-00448,1,Smoked Eggplant Dip,2,16000.00,32000.00,Standard,,"{""demoLine"": true}"
TAPAS_DOWNTOWN,ORD-TAPAS_DOWNTOWN-00448,2,Garden Vegetable Pasta,3,36000.00,108000.00,Standard,,"{""demoLine"": true}"
ROOFTOP_BAR,ORD-ROOFTOP_BAR-00449,1,Rosemary Tonic Highball,1,24000.00,24000.00,Standard,,"{""demoLine"": true}"
ROOFTOP_BAR,ORD-ROOFTOP_BAR-00449,2,Crispy Plantain Cups,3,20200.00,60600.00,Standard,,"{""demoLine"": true}"
ROOFTOP_BAR,ORD-ROOFTOP_BAR-00449,3,Garden Vegetable Pasta,1,40300.00,40300.00,Standard,,"{""demoLine"": true}"
ROOFTOP_BAR,ORD-ROOFTOP_BAR-00449,4,Skyline Mezze Cups,3,16000.00,48000.00,Standard,,"{""demoLine"": true}"
ROOFTOP_BAR,ORD-ROOFTOP_BAR-00450,1,Night Market Fries,3,32000.00,96000.00,Standard,,"{""demoLine"": true}"
ROOFTOP_BAR,ORD-ROOFTOP_BAR-00450,2,Passion Fruit Cheesecake,3,23500.00,70500.00,Standard,,"{""demoLine"": true}"
ROOFTOP_BAR,ORD-ROOFTOP_BAR-00450,3,Ginger Hibiscus Rooftop Cooler,3,19000.00,57000.00,Standard,,"{""demoLine"": true}"
ROOFTOP_BAR,ORD-ROOFTOP_BAR-00450,4,Cucumber Basil Fizz,3,20000.00,60000.00,Standard,,"{""demoLine"": true}"
ROOFTOP_BAR,ORD-ROOFTOP_BAR-00451,1,Seasonal Salad,2,16800.00,33600.00,Standard,,"{""demoLine"": true}"
ROOFTOP_BAR,ORD-ROOFTOP_BAR-00452,1,Cranberry Lime Nojito,2,28000.00,56000.00,Standard,,"{""demoLine"": true}"
ROOFTOP_BAR,ORD-ROOFTOP_BAR-00452,2,Skyline Mezze Cups,2,16000.00,32000.00,Standard,,"{""demoLine"": true}"
GARDEN_CAFE,ORD-GARDEN_CAFE-00453,1,Garlic Flatbread,2,9200.00,18400.00,Standard,,"{""demoLine"": true}"
GARDEN_CAFE,ORD-GARDEN_CAFE-00453,2,Tilapia Lemon Herb,3,44200.00,132600.00,Standard,,"{""demoLine"": true}"
GARDEN_CAFE,ORD-GARDEN_CAFE-00453,3,Garden Breakfast Plate,2,24000.00,48000.00,Standard,,"{""demoLine"": true}"
GARDEN_CAFE,ORD-GARDEN_CAFE-00453,4,Seasonal Salad,3,13800.00,41400.00,Standard,,"{""demoLine"": true}"
GARDEN_CAFE,ORD-GARDEN_CAFE-00454,1,Mushroom Risotto,3,35000.00,105000.00,Standard,,"{""demoLine"": true}"
GARDEN_CAFE,ORD-GARDEN_CAFE-00454,2,Halloumi Bites,3,23900.00,71700.00,Standard,,"{""demoLine"": true}"
GARDEN_CAFE,ORD-GARDEN_CAFE-00454,3,Cafe Latte,1,11000.00,11000.00,Standard,,"{""demoLine"": true}"
GARDEN_CAFE,ORD-GARDEN_CAFE-00454,4,Banana Oat Pancakes,1,20000.00,20000.00,Standard,,"{""demoLine"": true}"
GARDEN_CAFE,ORD-GARDEN_CAFE-00455,1,Passion Fruit Cheesecake,3,19300.00,57900.00,Standard,,"{""demoLine"": true}"
GARDEN_CAFE,ORD-GARDEN_CAFE-00455,2,Garlic Flatbread,2,9200.00,18400.00,Standard,,"{""demoLine"": true}"
GARDEN_CAFE,ORD-GARDEN_CAFE-00455,3,Garden Vegetable Pasta,2,33100.00,66200.00,Standard,,"{""demoLine"": true}"
GARDEN_CAFE,ORD-GARDEN_CAFE-00456,1,Mushroom Risotto,1,35000.00,35000.00,Standard,,"{""demoLine"": true}"
GARDEN_CAFE,ORD-GARDEN_CAFE-00456,2,Mint Lime Spritz,1,14700.00,14700.00,Standard,,"{""demoLine"": true}"
EVENTS_KITCHEN,ORD-EVENTS_KITCHEN-00457,1,Spiced Chai,3,13000.00,39000.00,Standard,,"{""demoLine"": true}"
EVENTS_KITCHEN,ORD-EVENTS_KITCHEN-00458,1,Mini Dessert Flight,3,36000.00,108000.00,Standard,,"{""demoLine"": true}"
EVENTS_KITCHEN,ORD-EVENTS_KITCHEN-00458,2,Seasonal Salad,2,17700.00,35400.00,Standard,,"{""demoLine"": true}"
EVENTS_KITCHEN,ORD-EVENTS_KITCHEN-00458,3,Banquet Mezze Platter,3,112100.00,336300.00,Standard,,"{""demoLine"": true}"
EVENTS_KITCHEN,ORD-EVENTS_KITCHEN-00459,1,Corporate Snack Board,2,92000.00,184000.00,Standard,,"{""demoLine"": true}"
EVENTS_KITCHEN,ORD-EVENTS_KITCHEN-00460,1,Banquet Chicken Tray,3,24000.00,72000.00,Standard,,"{""demoLine"": true}"
EVENTS_KITCHEN,ORD-EVENTS_KITCHEN-00460,2,Garden Vegetable Pasta,3,42500.00,127500.00,Standard,,"{""demoLine"": true}"
EVENTS_KITCHEN,ORD-EVENTS_KITCHEN-00460,3,Crispy Plantain Cups,2,21200.00,42400.00,Standard,,"{""demoLine"": true}"
TAPAS_DOWNTOWN,ORD-TAPAS_DOWNTOWN-00461,1,Smoked Eggplant Dip,1,16000.00,16000.00,Standard,,"{""demoLine"": true}"
TAPAS_DOWNTOWN,ORD-TAPAS_DOWNTOWN-00462,1,Mushroom Risotto,2,38000.00,76000.00,Standard,,"{""demoLine"": true}"
TAPAS_DOWNTOWN,ORD-TAPAS_DOWNTOWN-00462,2,Grilled Chicken Bowl,2,42000.00,84000.00,Standard,,"{""demoLine"": true}"
TAPAS_DOWNTOWN,ORD-TAPAS_DOWNTOWN-00463,1,Mango Passion Juice,3,14000.00,42000.00,Standard,,"{""demoLine"": true}"
TAPAS_DOWNTOWN,ORD-TAPAS_DOWNTOWN-00464,1,Ginger Hibiscus Cooler,3,17000.00,51000.00,Standard,,"{""demoLine"": true}"
TAPAS_DOWNTOWN,ORD-TAPAS_DOWNTOWN-00464,2,Americano,3,9000.00,27000.00,Standard,,"{""demoLine"": true}"
TAPAS_DOWNTOWN,ORD-TAPAS_DOWNTOWN-00465,1,Garden Vegetable Pasta,1,36000.00,36000.00,Standard,,"{""demoLine"": true}"
TAPAS_DOWNTOWN,ORD-TAPAS_DOWNTOWN-00465,2,Citrus Greens Bowl,1,28000.00,28000.00,Standard,,"{""demoLine"": true}"
TAPAS_DOWNTOWN,ORD-TAPAS_DOWNTOWN-00465,3,Charred Octopus Style Mushroom,3,20000.00,60000.00,Standard,,"{""demoLine"": true}"
ROOFTOP_BAR,ORD-ROOFTOP_BAR-00466,1,Chocolate Date Tart,1,26900.00,26900.00,Standard,,"{""demoLine"": true}"
ROOFTOP_BAR,ORD-ROOFTOP_BAR-00466,2,Garden Vegetable Pasta,3,40300.00,120900.00,Standard,,"{""demoLine"": true}"
ROOFTOP_BAR,ORD-ROOFTOP_BAR-00467,1,Herb Fries,1,13400.00,13400.00,Standard,,"{""demoLine"": true}"
ROOFTOP_BAR,ORD-ROOFTOP_BAR-00468,1,Chocolate Date Tart,1,26900.00,26900.00,Standard,,"{""demoLine"": true}"
ROOFTOP_BAR,ORD-ROOFTOP_BAR-00468,2,Crispy Plantain Cups,1,20200.00,20200.00,Standard,,"{""demoLine"": true}"
ROOFTOP_BAR,ORD-ROOFTOP_BAR-00469,1,Skyline Mezze Cups,2,16000.00,32000.00,Standard,,"{""demoLine"": true}"
ROOFTOP_BAR,ORD-ROOFTOP_BAR-00469,2,Garlic Flatbread,3,11200.00,33600.00,Standard,,"{""demoLine"": true}"
ROOFTOP_BAR,ORD-ROOFTOP_BAR-00469,3,Americano,3,10100.00,30300.00,Standard,,"{""demoLine"": true}"
ROOFTOP_BAR,ORD-ROOFTOP_BAR-00470,1,Cucumber Basil Fizz,2,20000.00,40000.00,Standard,,"{""demoLine"": true}"
ROOFTOP_BAR,ORD-ROOFTOP_BAR-00470,2,Cranberry Lime Nojito,2,28000.00,56000.00,Standard,,"{""demoLine"": true}"
ROOFTOP_BAR,ORD-ROOFTOP_BAR-00470,3,Herb Fries,3,13400.00,40200.00,Standard,,"{""demoLine"": true}"
ROOFTOP_BAR,ORD-ROOFTOP_BAR-00470,4,Seasonal Salad,3,16800.00,50400.00,Standard,,"{""demoLine"": true}"
GARDEN_CAFE,ORD-GARDEN_CAFE-00471,1,Sesame Chicken Skewers,3,25800.00,77400.00,Standard,,"{""demoLine"": true}"
GARDEN_CAFE,ORD-GARDEN_CAFE-00471,2,Ginger Hibiscus Cooler,3,15600.00,46800.00,Standard,,"{""demoLine"": true}"
GARDEN_CAFE,ORD-GARDEN_CAFE-00472,1,Garden Breakfast Plate,1,24000.00,24000.00,Standard,,"{""demoLine"": true}"
GARDEN_CAFE,ORD-GARDEN_CAFE-00473,1,Chocolate Date Tart,2,22100.00,44200.00,Standard,,"{""demoLine"": true}"
GARDEN_CAFE,ORD-GARDEN_CAFE-00473,2,Passion Fruit Cheesecake,3,19300.00,57900.00,Standard,,"{""demoLine"": true}"
GARDEN_CAFE,ORD-GARDEN_CAFE-00473,3,Garden Vegetable Pasta,1,33100.00,33100.00,Standard,,"{""demoLine"": true}"
GARDEN_CAFE,ORD-GARDEN_CAFE-00474,1,Passion Fruit Cheesecake,3,19300.00,57900.00,Standard,,"{""demoLine"": true}"
GARDEN_CAFE,ORD-GARDEN_CAFE-00474,2,Crispy Plantain Cups,3,16600.00,49800.00,Standard,,"{""demoLine"": true}"
GARDEN_CAFE,ORD-GARDEN_CAFE-00474,3,Mint Lime Spritz,2,14700.00,29400.00,Standard,,"{""demoLine"": true}"
GARDEN_CAFE,ORD-GARDEN_CAFE-00475,1,Garlic Flatbread,2,9200.00,18400.00,Standard,,"{""demoLine"": true}"
GARDEN_CAFE,ORD-GARDEN_CAFE-00475,2,Passion Fruit Cheesecake,2,19300.00,38600.00,Standard,,"{""demoLine"": true}"
GARDEN_CAFE,ORD-GARDEN_CAFE-00475,3,Garden Breakfast Plate,2,24000.00,48000.00,Standard,,"{""demoLine"": true}"
GARDEN_CAFE,ORD-GARDEN_CAFE-00475,4,Crispy Plantain Cups,2,16600.00,33200.00,Standard,,"{""demoLine"": true}"
EVENTS_KITCHEN,ORD-EVENTS_KITCHEN-00476,1,Executive Lunch Box,2,28000.00,56000.00,Standard,,"{""demoLine"": true}"
EVENTS_KITCHEN,ORD-EVENTS_KITCHEN-00476,2,Vegetable Lasagna Pan,2,32000.00,64000.00,Standard,,"{""demoLine"": true}"
EVENTS_KITCHEN,ORD-EVENTS_KITCHEN-00477,1,Grilled Chicken Bowl,2,49600.00,99200.00,Standard,,"{""demoLine"": true}"
EVENTS_KITCHEN,ORD-EVENTS_KITCHEN-00478,1,Vegetable Lasagna Pan,2,32000.00,64000.00,Standard,,"{""demoLine"": true}"
EVENTS_KITCHEN,ORD-EVENTS_KITCHEN-00479,1,Passion Fruit Cheesecake,3,24800.00,74400.00,Standard,,"{""demoLine"": true}"
EVENTS_KITCHEN,ORD-EVENTS_KITCHEN-00479,2,Grilled Chicken Bowl,2,49600.00,99200.00,Standard,,"{""demoLine"": true}"
EVENTS_KITCHEN,ORD-EVENTS_KITCHEN-00479,3,Executive Lunch Box,1,28000.00,28000.00,Standard,,"{""demoLine"": true}"
EVENTS_KITCHEN,ORD-EVENTS_KITCHEN-00479,4,Garlic Flatbread,3,11800.00,35400.00,Standard,,"{""demoLine"": true}"
EVENTS_KITCHEN,ORD-EVENTS_KITCHEN-00480,1,Crispy Plantain Cups,2,21200.00,42400.00,Standard,,"{""demoLine"": true}"
TAPAS_DOWNTOWN,ORD-TAPAS_DOWNTOWN-00481,1,Passion Fruit Cheesecake,2,21000.00,42000.00,Standard,,"{""demoLine"": true}"
TAPAS_DOWNTOWN,ORD-TAPAS_DOWNTOWN-00481,2,Crispy Plantain Cups,3,18000.00,54000.00,Standard,,"{""demoLine"": true}"
TAPAS_DOWNTOWN,ORD-TAPAS_DOWNTOWN-00481,3,Garlic Flatbread,1,10000.00,10000.00,Standard,,"{""demoLine"": true}"
ROOFTOP_BAR,ORD-ROOFTOP_BAR-00482,1,Tilapia Lemon Herb,3,53800.00,161400.00,Standard,,"{""demoLine"": true}"
GARDEN_CAFE,ORD-GARDEN_CAFE-00483,1,Banana Oat Pancakes,2,20000.00,40000.00,Standard,,"{""demoLine"": true}"
GARDEN_CAFE,ORD-GARDEN_CAFE-00483,2,Beef Fillet Plate,3,51500.00,154500.00,Standard,,"{""demoLine"": true}"
EVENTS_KITCHEN,ORD-EVENTS_KITCHEN-00484,1,Banquet Mezze Platter,2,112100.00,224200.00,Standard,,"{""demoLine"": true}"
EVENTS_KITCHEN,ORD-EVENTS_KITCHEN-00484,2,Mint Lime Spritz,1,18900.00,18900.00,Standard,,"{""demoLine"": true}"
EVENTS_KITCHEN,ORD-EVENTS_KITCHEN-00484,3,Chocolate Date Tart,3,28300.00,84900.00,Standard,,"{""demoLine"": true}"
EVENTS_KITCHEN,ORD-EVENTS_KITCHEN-00484,4,Tomato Bruschetta,2,26000.00,52000.00,Standard,,"{""demoLine"": true}"
TAPAS_DOWNTOWN,ORD-TAPAS_DOWNTOWN-00485,1,Garden Vegetable Pasta,2,36000.00,72000.00,Standard,,"{""demoLine"": true}"
TAPAS_DOWNTOWN,ORD-TAPAS_DOWNTOWN-00485,2,Mushroom Risotto,1,38000.00,38000.00,Standard,,"{""demoLine"": true}"
TAPAS_DOWNTOWN,ORD-TAPAS_DOWNTOWN-00486,1,Tilapia Lemon Herb,2,48000.00,96000.00,Standard,,"{""demoLine"": true}"
ROOFTOP_BAR,ORD-ROOFTOP_BAR-00487,1,Americano,3,10100.00,30300.00,Standard,,"{""demoLine"": true}"
ROOFTOP_BAR,ORD-ROOFTOP_BAR-00487,2,Night Market Fries,1,32000.00,32000.00,Standard,,"{""demoLine"": true}"
ROOFTOP_BAR,ORD-ROOFTOP_BAR-00488,1,Cucumber Basil Fizz,2,20000.00,40000.00,Standard,,"{""demoLine"": true}"
ROOFTOP_BAR,ORD-ROOFTOP_BAR-00488,2,Tilapia Lemon Herb,1,53800.00,53800.00,Standard,,"{""demoLine"": true}"
ROOFTOP_BAR,ORD-ROOFTOP_BAR-00488,3,Mango Passion Juice,3,15700.00,47100.00,Standard,,"{""demoLine"": true}"
ROOFTOP_BAR,ORD-ROOFTOP_BAR-00488,4,Herb Fries,3,13400.00,40200.00,Standard,,"{""demoLine"": true}"
GARDEN_CAFE,ORD-GARDEN_CAFE-00489,1,Halloumi Bites,3,23900.00,71700.00,Standard,,"{""demoLine"": true}"
GARDEN_CAFE,ORD-GARDEN_CAFE-00489,2,Passion Fruit Cheesecake,1,19300.00,19300.00,Standard,,"{""demoLine"": true}"
GARDEN_CAFE,ORD-GARDEN_CAFE-00490,1,Tilapia Lemon Herb,3,44200.00,132600.00,Standard,,"{""demoLine"": true}"
GARDEN_CAFE,ORD-GARDEN_CAFE-00490,2,Avocado Toast Stack,1,16000.00,16000.00,Standard,,"{""demoLine"": true}"
GARDEN_CAFE,ORD-GARDEN_CAFE-00490,3,Passion Fruit Cheesecake,2,19300.00,38600.00,Standard,,"{""demoLine"": true}"
GARDEN_CAFE,ORD-GARDEN_CAFE-00490,4,Garden Vegetable Pasta,3,33100.00,99300.00,Standard,,"{""demoLine"": true}"
EVENTS_KITCHEN,ORD-EVENTS_KITCHEN-00491,1,Herb Fries,1,14200.00,14200.00,Standard,,"{""demoLine"": true}"
EVENTS_KITCHEN,ORD-EVENTS_KITCHEN-00491,2,Corporate Snack Board,3,92000.00,276000.00,Standard,,"{""demoLine"": true}"
EVENTS_KITCHEN,ORD-EVENTS_KITCHEN-00492,1,Conference Tea Service,3,40000.00,120000.00,Standard,,"{""demoLine"": true}"
EVENTS_KITCHEN,ORD-EVENTS_KITCHEN-00492,2,Corporate Snack Board,3,92000.00,276000.00,Standard,,"{""demoLine"": true}"
EVENTS_KITCHEN,ORD-EVENTS_KITCHEN-00492,3,Executive Lunch Box,2,28000.00,56000.00,Standard,,"{""demoLine"": true}"
TAPAS_DOWNTOWN,ORD-TAPAS_DOWNTOWN-00493,1,Grilled Chicken Bowl,2,42000.00,84000.00,Standard,,"{""demoLine"": true}"
TAPAS_DOWNTOWN,ORD-TAPAS_DOWNTOWN-00493,2,Crispy Plantain Cups,1,18000.00,18000.00,Standard,,"{""demoLine"": true}"
TAPAS_DOWNTOWN,ORD-TAPAS_DOWNTOWN-00494,1,Mango Passion Juice,3,14000.00,42000.00,Standard,,"{""demoLine"": true}"
TAPAS_DOWNTOWN,ORD-TAPAS_DOWNTOWN-00495,1,Ginger Hibiscus Cooler,3,17000.00,51000.00,Standard,,"{""demoLine"": true}"
ROOFTOP_BAR,ORD-ROOFTOP_BAR-00496,1,Tilapia Lemon Herb,2,53800.00,107600.00,Standard,,"{""demoLine"": true}"
ROOFTOP_BAR,ORD-ROOFTOP_BAR-00496,2,Rosemary Tonic Highball,3,24000.00,72000.00,Standard,,"{""demoLine"": true}"
ROOFTOP_BAR,ORD-ROOFTOP_BAR-00497,1,Garlic Flatbread,2,11200.00,22400.00,Standard,,"{""demoLine"": true}"
ROOFTOP_BAR,ORD-ROOFTOP_BAR-00497,2,Spiced Chai,3,12300.00,36900.00,Standard,,"{""demoLine"": true}"
ROOFTOP_BAR,ORD-ROOFTOP_BAR-00497,3,Passion Fruit Cheesecake,3,23500.00,70500.00,Standard,,"{""demoLine"": true}"
ROOFTOP_BAR,ORD-ROOFTOP_BAR-00497,4,Crispy Plantain Cups,2,20200.00,40400.00,Standard,,"{""demoLine"": true}"
ROOFTOP_BAR,ORD-ROOFTOP_BAR-00498,1,Rosemary Tonic Highball,2,24000.00,48000.00,Standard,,"{""demoLine"": true}"
ROOFTOP_BAR,ORD-ROOFTOP_BAR-00498,2,Herb Fries,2,13400.00,26800.00,Standard,,"{""demoLine"": true}"
ROOFTOP_BAR,ORD-ROOFTOP_BAR-00498,3,Cafe Latte,3,13400.00,40200.00,Standard,,"{""demoLine"": true}"
GARDEN_CAFE,ORD-GARDEN_CAFE-00499,1,Cafe Latte,2,11000.00,22000.00,Standard,,"{""demoLine"": true}"
GARDEN_CAFE,ORD-GARDEN_CAFE-00499,2,Chocolate Date Tart,3,22100.00,66300.00,Standard,,"{""demoLine"": true}"
GARDEN_CAFE,ORD-GARDEN_CAFE-00499,3,Sesame Chicken Skewers,3,25800.00,77400.00,Standard,,"{""demoLine"": true}"
GARDEN_CAFE,ORD-GARDEN_CAFE-00499,4,Mushroom Risotto,3,35000.00,105000.00,Standard,,"{""demoLine"": true}"
GARDEN_CAFE,ORD-GARDEN_CAFE-00500,1,Ginger Hibiscus Cooler,1,15600.00,15600.00,Standard,,"{""demoLine"": true}"
GARDEN_CAFE,ORD-GARDEN_CAFE-00500,2,Cafe Latte,2,11000.00,22000.00,Standard,,"{""demoLine"": true}"
GARDEN_CAFE,ORD-GARDEN_CAFE-00500,3,Avocado Toast Stack,1,16000.00,16000.00,Standard,,"{""demoLine"": true}"
GARDEN_CAFE,ORD-GARDEN_CAFE-00500,4,Garden Vegetable Pasta,2,33100.00,66200.00,Standard,,"{""demoLine"": true}"
GARDEN_CAFE,ORD-GARDEN_CAFE-00501,1,Mushroom Risotto,3,35000.00,105000.00,Standard,,"{""demoLine"": true}"
GARDEN_CAFE,ORD-GARDEN_CAFE-00501,2,Herb Fries,2,11000.00,22000.00,Standard,,"{""demoLine"": true}"
EVENTS_KITCHEN,ORD-EVENTS_KITCHEN-00502,1,Cafe Latte,1,14200.00,14200.00,Standard,,"{""demoLine"": true}"
EVENTS_KITCHEN,ORD-EVENTS_KITCHEN-00502,2,Conference Tea Service,2,40000.00,80000.00,Standard,,"{""demoLine"": true}"
EVENTS_KITCHEN,ORD-EVENTS_KITCHEN-00502,3,Seasonal Salad,1,17700.00,17700.00,Standard,,"{""demoLine"": true}"
EVENTS_KITCHEN,ORD-EVENTS_KITCHEN-00503,1,Crispy Plantain Cups,3,21200.00,63600.00,Standard,,"{""demoLine"": true}"
EVENTS_KITCHEN,ORD-EVENTS_KITCHEN-00503,2,Ginger Hibiscus Cooler,3,20100.00,60300.00,Standard,,"{""demoLine"": true}"
EVENTS_KITCHEN,ORD-EVENTS_KITCHEN-00503,3,Seasonal Salad,1,17700.00,17700.00,Standard,,"{""demoLine"": true}"
EVENTS_KITCHEN,ORD-EVENTS_KITCHEN-00504,1,Tilapia Lemon Herb,2,56600.00,113200.00,Standard,,"{""demoLine"": true}"
TAPAS_DOWNTOWN,ORD-TAPAS_DOWNTOWN-00505,1,Tomato Bruschetta,1,22000.00,22000.00,Standard,,"{""demoLine"": true}"
TAPAS_DOWNTOWN,ORD-TAPAS_DOWNTOWN-00505,2,Mango Passion Juice,2,14000.00,28000.00,Standard,,"{""demoLine"": true}"
TAPAS_DOWNTOWN,ORD-TAPAS_DOWNTOWN-00505,3,Passion Fruit Cheesecake,3,21000.00,63000.00,Standard,,"{""demoLine"": true}"
TAPAS_DOWNTOWN,ORD-TAPAS_DOWNTOWN-00505,4,Seasonal Salad,3,15000.00,45000.00,Standard,,"{""demoLine"": true}"
TAPAS_DOWNTOWN,ORD-TAPAS_DOWNTOWN-00506,1,Seasonal Salad,1,15000.00,15000.00,Standard,,"{""demoLine"": true}"
TAPAS_DOWNTOWN,ORD-TAPAS_DOWNTOWN-00506,2,Chocolate Date Tart,3,24000.00,72000.00,Standard,,"{""demoLine"": true}"
TAPAS_DOWNTOWN,ORD-TAPAS_DOWNTOWN-00506,3,Passion Fruit Cheesecake,2,21000.00,42000.00,Standard,,"{""demoLine"": true}"
TAPAS_DOWNTOWN,ORD-TAPAS_DOWNTOWN-00506,4,Citrus Greens Bowl,2,28000.00,56000.00,Standard,,"{""demoLine"": true}"
TAPAS_DOWNTOWN,ORD-TAPAS_DOWNTOWN-00507,1,Americano,3,9000.00,27000.00,Standard,,"{""demoLine"": true}"
TAPAS_DOWNTOWN,ORD-TAPAS_DOWNTOWN-00507,2,Ginger Hibiscus Cooler,2,17000.00,34000.00,Standard,,"{""demoLine"": true}"
TAPAS_DOWNTOWN,ORD-TAPAS_DOWNTOWN-00507,3,Mint Lime Spritz,3,16000.00,48000.00,Standard,,"{""demoLine"": true}"
TAPAS_DOWNTOWN,ORD-TAPAS_DOWNTOWN-00508,1,Spiced Chai,2,11000.00,22000.00,Standard,,"{""demoLine"": true}"
TAPAS_DOWNTOWN,ORD-TAPAS_DOWNTOWN-00508,2,Tomato Bruschetta,1,22000.00,22000.00,Standard,,"{""demoLine"": true}"
TAPAS_DOWNTOWN,ORD-TAPAS_DOWNTOWN-00508,3,Beef Fillet Plate,3,56000.00,168000.00,Standard,,"{""demoLine"": true}"
ROOFTOP_BAR,ORD-ROOFTOP_BAR-00509,1,Cucumber Basil Fizz,3,20000.00,60000.00,Standard,,"{""demoLine"": true}"
ROOFTOP_BAR,ORD-ROOFTOP_BAR-00510,1,Ginger Hibiscus Rooftop Cooler,3,19000.00,57000.00,Standard,,"{""demoLine"": true}"
ROOFTOP_BAR,ORD-ROOFTOP_BAR-00510,2,Tilapia Lemon Herb,2,53800.00,107600.00,Standard,,"{""demoLine"": true}"
ROOFTOP_BAR,ORD-ROOFTOP_BAR-00510,3,Night Market Fries,3,32000.00,96000.00,Standard,,"{""demoLine"": true}"
ROOFTOP_BAR,ORD-ROOFTOP_BAR-00510,4,Mango Passion Juice,2,15700.00,31400.00,Standard,,"{""demoLine"": true}"
ROOFTOP_BAR,ORD-ROOFTOP_BAR-00511,1,Passion Fruit Cheesecake,3,23500.00,70500.00,Standard,,"{""demoLine"": true}"
ROOFTOP_BAR,ORD-ROOFTOP_BAR-00511,2,Americano,2,10100.00,20200.00,Standard,,"{""demoLine"": true}"
ROOFTOP_BAR,ORD-ROOFTOP_BAR-00512,1,Skyline Mezze Cups,3,16000.00,48000.00,Standard,,"{""demoLine"": true}"
ROOFTOP_BAR,ORD-ROOFTOP_BAR-00512,2,Cucumber Basil Fizz,1,20000.00,20000.00,Standard,,"{""demoLine"": true}"
ROOFTOP_BAR,ORD-ROOFTOP_BAR-00512,3,Chocolate Date Tart,2,26900.00,53800.00,Standard,,"{""demoLine"": true}"
GARDEN_CAFE,ORD-GARDEN_CAFE-00513,1,Seasonal Salad,1,13800.00,13800.00,Standard,,"{""demoLine"": true}"
GARDEN_CAFE,ORD-GARDEN_CAFE-00513,2,Beef Fillet Plate,1,51500.00,51500.00,Standard,,"{""demoLine"": true}"
GARDEN_CAFE,ORD-GARDEN_CAFE-00514,1,Sesame Chicken Skewers,2,25800.00,51600.00,Standard,,"{""demoLine"": true}"
GARDEN_CAFE,ORD-GARDEN_CAFE-00514,2,Herb Fries,3,11000.00,33000.00,Standard,,"{""demoLine"": true}"
GARDEN_CAFE,ORD-GARDEN_CAFE-00514,3,Americano,3,8300.00,24900.00,Standard,,"{""demoLine"": true}"
GARDEN_CAFE,ORD-GARDEN_CAFE-00514,4,Mango Passion Juice,3,12900.00,38700.00,Standard,,"{""demoLine"": true}"
GARDEN_CAFE,ORD-GARDEN_CAFE-00515,1,Sesame Chicken Skewers,2,25800.00,51600.00,Standard,,"{""demoLine"": true}"
GARDEN_CAFE,ORD-GARDEN_CAFE-00515,2,Tilapia Lemon Herb,2,44200.00,88400.00,Standard,,"{""demoLine"": true}"
GARDEN_CAFE,ORD-GARDEN_CAFE-00515,3,Mint Lime Spritz,1,14700.00,14700.00,Standard,,"{""demoLine"": true}"
GARDEN_CAFE,ORD-GARDEN_CAFE-00516,1,Grilled Chicken Bowl,3,38600.00,115800.00,Standard,,"{""demoLine"": true}"
EVENTS_KITCHEN,ORD-EVENTS_KITCHEN-00517,1,Mini Dessert Flight,1,36000.00,36000.00,Standard,,"{""demoLine"": true}"
EVENTS_KITCHEN,ORD-EVENTS_KITCHEN-00517,2,Mango Passion Juice,3,16500.00,49500.00,Standard,,"{""demoLine"": true}"
EVENTS_KITCHEN,ORD-EVENTS_KITCHEN-00518,1,Passion Fruit Cheesecake,2,24800.00,49600.00,Standard,,"{""demoLine"": true}"
EVENTS_KITCHEN,ORD-EVENTS_KITCHEN-00518,2,Halloumi Bites,3,30700.00,92100.00,Standard,,"{""demoLine"": true}"
EVENTS_KITCHEN,ORD-EVENTS_KITCHEN-00519,1,Ginger Hibiscus Cooler,1,20100.00,20100.00,Standard,,"{""demoLine"": true}"
EVENTS_KITCHEN,ORD-EVENTS_KITCHEN-00519,2,Executive Lunch Box,2,28000.00,56000.00,Standard,,"{""demoLine"": true}"
EVENTS_KITCHEN,ORD-EVENTS_KITCHEN-00519,3,Mushroom Risotto,2,44800.00,89600.00,Standard,,"{""demoLine"": true}"
EVENTS_KITCHEN,ORD-EVENTS_KITCHEN-00519,4,Passion Fruit Cheesecake,2,24800.00,49600.00,Standard,,"{""demoLine"": true}"
EVENTS_KITCHEN,ORD-EVENTS_KITCHEN-00520,1,Herb Fries,2,14200.00,28400.00,Standard,,"{""demoLine"": true}"
EVENTS_KITCHEN,ORD-EVENTS_KITCHEN-00520,2,Banquet Chicken Tray,3,24000.00,72000.00,Standard,,"{""demoLine"": true}"
EVENTS_KITCHEN,ORD-EVENTS_KITCHEN-00520,3,Sesame Chicken Skewers,2,33000.00,66000.00,Standard,,"{""demoLine"": true}"
EVENTS_KITCHEN,ORD-EVENTS_KITCHEN-00520,4,Americano,2,10600.00,21200.00,Standard,,"{""demoLine"": true}"
TAPAS_DOWNTOWN,ORD-TAPAS_DOWNTOWN-00521,1,Mushroom Risotto,3,38000.00,114000.00,Standard,,"{""demoLine"": true}"
TAPAS_DOWNTOWN,ORD-TAPAS_DOWNTOWN-00521,2,Cafe Latte,2,12000.00,24000.00,Standard,,"{""demoLine"": true}"
TAPAS_DOWNTOWN,ORD-TAPAS_DOWNTOWN-00521,3,Mango Passion Juice,1,14000.00,14000.00,Standard,,"{""demoLine"": true}"
TAPAS_DOWNTOWN,ORD-TAPAS_DOWNTOWN-00521,4,Sesame Chicken Skewers,2,28000.00,56000.00,Standard,,"{""demoLine"": true}"
TAPAS_DOWNTOWN,ORD-TAPAS_DOWNTOWN-00522,1,Tilapia Lemon Herb,3,48000.00,144000.00,Standard,,"{""demoLine"": true}"
TAPAS_DOWNTOWN,ORD-TAPAS_DOWNTOWN-00522,2,Americano,2,9000.00,18000.00,Standard,,"{""demoLine"": true}"
TAPAS_DOWNTOWN,ORD-TAPAS_DOWNTOWN-00522,3,Seasonal Salad,3,15000.00,45000.00,Standard,,"{""demoLine"": true}"
TAPAS_DOWNTOWN,ORD-TAPAS_DOWNTOWN-00522,4,Halloumi Bites,1,26000.00,26000.00,Standard,,"{""demoLine"": true}"
TAPAS_DOWNTOWN,ORD-TAPAS_DOWNTOWN-00523,1,Cafe Latte,2,12000.00,24000.00,Standard,,"{""demoLine"": true}"
TAPAS_DOWNTOWN,ORD-TAPAS_DOWNTOWN-00523,2,Tilapia Lemon Herb,3,48000.00,144000.00,Standard,,"{""demoLine"": true}"
TAPAS_DOWNTOWN,ORD-TAPAS_DOWNTOWN-00524,1,Halloumi Bites,3,26000.00,78000.00,Standard,,"{""demoLine"": true}"
TAPAS_DOWNTOWN,ORD-TAPAS_DOWNTOWN-00524,2,Ginger Hibiscus Cooler,3,17000.00,51000.00,Standard,,"{""demoLine"": true}"
TAPAS_DOWNTOWN,ORD-TAPAS_DOWNTOWN-00525,1,Cafe Latte,2,12000.00,24000.00,Standard,,"{""demoLine"": true}"
TAPAS_DOWNTOWN,ORD-TAPAS_DOWNTOWN-00525,2,Crispy Plantain Cups,1,18000.00,18000.00,Standard,,"{""demoLine"": true}"
ROOFTOP_BAR,ORD-ROOFTOP_BAR-00526,1,Americano,1,10100.00,10100.00,Standard,,"{""demoLine"": true}"
ROOFTOP_BAR,ORD-ROOFTOP_BAR-00527,1,Americano,1,10100.00,10100.00,Standard,,"{""demoLine"": true}"
ROOFTOP_BAR,ORD-ROOFTOP_BAR-00527,2,Chocolate Date Tart,3,26900.00,80700.00,Standard,,"{""demoLine"": true}"
ROOFTOP_BAR,ORD-ROOFTOP_BAR-00528,1,Cafe Latte,3,13400.00,40200.00,Standard,,"{""demoLine"": true}"
ROOFTOP_BAR,ORD-ROOFTOP_BAR-00528,2,Herb Fries,3,13400.00,40200.00,Standard,,"{""demoLine"": true}"
ROOFTOP_BAR,ORD-ROOFTOP_BAR-00529,1,Skyline Mezze Cups,3,16000.00,48000.00,Standard,,"{""demoLine"": true}"
ROOFTOP_BAR,ORD-ROOFTOP_BAR-00529,2,Spiced Chai,3,12300.00,36900.00,Standard,,"{""demoLine"": true}"
ROOFTOP_BAR,ORD-ROOFTOP_BAR-00530,1,Garden Vegetable Pasta,3,40300.00,120900.00,Standard,,"{""demoLine"": true}"
ROOFTOP_BAR,ORD-ROOFTOP_BAR-00530,2,Chocolate Date Tart,2,26900.00,53800.00,Standard,,"{""demoLine"": true}"
GARDEN_CAFE,ORD-GARDEN_CAFE-00531,1,Chocolate Date Tart,1,22100.00,22100.00,Standard,,"{""demoLine"": true}"
GARDEN_CAFE,ORD-GARDEN_CAFE-00531,2,Avocado Toast Stack,2,16000.00,32000.00,Standard,,"{""demoLine"": true}"
GARDEN_CAFE,ORD-GARDEN_CAFE-00532,1,Halloumi Bites,2,23900.00,47800.00,Standard,,"{""demoLine"": true}"
GARDEN_CAFE,ORD-GARDEN_CAFE-00532,2,Crispy Plantain Cups,1,16600.00,16600.00,Standard,,"{""demoLine"": true}"
GARDEN_CAFE,ORD-GARDEN_CAFE-00533,1,Halloumi Bites,1,23900.00,23900.00,Standard,,"{""demoLine"": true}"
GARDEN_CAFE,ORD-GARDEN_CAFE-00534,1,Banana Oat Pancakes,2,20000.00,40000.00,Standard,,"{""demoLine"": true}"
GARDEN_CAFE,ORD-GARDEN_CAFE-00534,2,Iced Vanilla Coffee,3,28000.00,84000.00,Standard,,"{""demoLine"": true}"
GARDEN_CAFE,ORD-GARDEN_CAFE-00534,3,Sesame Chicken Skewers,1,25800.00,25800.00,Standard,,"{""demoLine"": true}"
GARDEN_CAFE,ORD-GARDEN_CAFE-00534,4,Herb Fries,3,11000.00,33000.00,Standard,,"{""demoLine"": true}"
GARDEN_CAFE,ORD-GARDEN_CAFE-00535,1,Passion Fruit Cheesecake,2,19300.00,38600.00,Standard,,"{""demoLine"": true}"
EVENTS_KITCHEN,ORD-EVENTS_KITCHEN-00536,1,Beef Fillet Plate,1,66100.00,66100.00,Standard,,"{""demoLine"": true}"
EVENTS_KITCHEN,ORD-EVENTS_KITCHEN-00536,2,Banquet Mezze Platter,1,112100.00,112100.00,Standard,,"{""demoLine"": true}"
EVENTS_KITCHEN,ORD-EVENTS_KITCHEN-00536,3,Crispy Plantain Cups,1,21200.00,21200.00,Standard,,"{""demoLine"": true}"
EVENTS_KITCHEN,ORD-EVENTS_KITCHEN-00536,4,Tilapia Lemon Herb,3,56600.00,169800.00,Standard,,"{""demoLine"": true}"
EVENTS_KITCHEN,ORD-EVENTS_KITCHEN-00537,1,Americano,2,10600.00,21200.00,Standard,,"{""demoLine"": true}"
EVENTS_KITCHEN,ORD-EVENTS_KITCHEN-00538,1,Sesame Chicken Skewers,1,33000.00,33000.00,Standard,,"{""demoLine"": true}"
EVENTS_KITCHEN,ORD-EVENTS_KITCHEN-00538,2,Tomato Bruschetta,2,26000.00,52000.00,Standard,,"{""demoLine"": true}"
EVENTS_KITCHEN,ORD-EVENTS_KITCHEN-00539,1,Cafe Latte,1,14200.00,14200.00,Standard,,"{""demoLine"": true}"
EVENTS_KITCHEN,ORD-EVENTS_KITCHEN-00539,2,Grilled Chicken Bowl,1,49600.00,49600.00,Standard,,"{""demoLine"": true}"
EVENTS_KITCHEN,ORD-EVENTS_KITCHEN-00539,3,Beef Fillet Plate,2,66100.00,132200.00,Standard,,"{""demoLine"": true}"
EVENTS_KITCHEN,ORD-EVENTS_KITCHEN-00539,4,Herb Fries,3,14200.00,42600.00,Standard,,"{""demoLine"": true}"
EVENTS_KITCHEN,ORD-EVENTS_KITCHEN-00540,1,Conference Tea Service,1,40000.00,40000.00,Standard,,"{""demoLine"": true}"
EVENTS_KITCHEN,ORD-EVENTS_KITCHEN-00540,2,Banquet Chicken Tray,2,24000.00,48000.00,Standard,,"{""demoLine"": true}"
TAPAS_DOWNTOWN,ORD-TAPAS_DOWNTOWN-00541,1,Garden Vegetable Pasta,3,36000.00,108000.00,Standard,,"{""demoLine"": true}"
TAPAS_DOWNTOWN,ORD-TAPAS_DOWNTOWN-00541,2,Citrus Greens Bowl,1,28000.00,28000.00,Standard,,"{""demoLine"": true}"
ROOFTOP_BAR,ORD-ROOFTOP_BAR-00542,1,Garlic Flatbread,3,11200.00,33600.00,Standard,,"{""demoLine"": true}"
ROOFTOP_BAR,ORD-ROOFTOP_BAR-00542,2,Tilapia Lemon Herb,1,53800.00,53800.00,Standard,,"{""demoLine"": true}"
GARDEN_CAFE,ORD-GARDEN_CAFE-00543,1,Seasonal Salad,3,13800.00,41400.00,Standard,,"{""demoLine"": true}"
GARDEN_CAFE,ORD-GARDEN_CAFE-00543,2,Mango Passion Juice,2,12900.00,25800.00,Standard,,"{""demoLine"": true}"
GARDEN_CAFE,ORD-GARDEN_CAFE-00543,3,Mint Lime Spritz,1,14700.00,14700.00,Standard,,"{""demoLine"": true}"
GARDEN_CAFE,ORD-GARDEN_CAFE-00543,4,Halloumi Bites,3,23900.00,71700.00,Standard,,"{""demoLine"": true}"
EVENTS_KITCHEN,ORD-EVENTS_KITCHEN-00544,1,Seasonal Salad,2,17700.00,35400.00,Standard,,"{""demoLine"": true}"
EVENTS_KITCHEN,ORD-EVENTS_KITCHEN-00544,2,Ginger Hibiscus Cooler,2,20100.00,40200.00,Standard,,"{""demoLine"": true}"
TAPAS_DOWNTOWN,ORD-TAPAS_DOWNTOWN-00545,1,Americano,2,9000.00,18000.00,Standard,,"{""demoLine"": true}"
TAPAS_DOWNTOWN,ORD-TAPAS_DOWNTOWN-00546,1,Seasonal Salad,3,15000.00,45000.00,Standard,,"{""demoLine"": true}"
ROOFTOP_BAR,ORD-ROOFTOP_BAR-00547,1,Sesame Chicken Skewers,3,31400.00,94200.00,Standard,,"{""demoLine"": true}"
ROOFTOP_BAR,ORD-ROOFTOP_BAR-00547,2,Skyline Mezze Cups,3,16000.00,48000.00,Standard,,"{""demoLine"": true}"
ROOFTOP_BAR,ORD-ROOFTOP_BAR-00547,3,Spiced Chai,2,12300.00,24600.00,Standard,,"{""demoLine"": true}"
ROOFTOP_BAR,ORD-ROOFTOP_BAR-00547,4,Night Market Fries,2,32000.00,64000.00,Standard,,"{""demoLine"": true}"
ROOFTOP_BAR,ORD-ROOFTOP_BAR-00548,1,Ginger Hibiscus Rooftop Cooler,3,19000.00,57000.00,Standard,,"{""demoLine"": true}"
GARDEN_CAFE,ORD-GARDEN_CAFE-00549,1,Passion Fruit Cheesecake,3,19300.00,57900.00,Standard,,"{""demoLine"": true}"
GARDEN_CAFE,ORD-GARDEN_CAFE-00549,2,Mushroom Risotto,3,35000.00,105000.00,Standard,,"{""demoLine"": true}"
GARDEN_CAFE,ORD-GARDEN_CAFE-00549,3,Seasonal Salad,1,13800.00,13800.00,Standard,,"{""demoLine"": true}"
GARDEN_CAFE,ORD-GARDEN_CAFE-00549,4,Sesame Chicken Skewers,1,25800.00,25800.00,Standard,,"{""demoLine"": true}"
GARDEN_CAFE,ORD-GARDEN_CAFE-00550,1,Sesame Chicken Skewers,1,25800.00,25800.00,Standard,,"{""demoLine"": true}"
GARDEN_CAFE,ORD-GARDEN_CAFE-00550,2,Garden Breakfast Plate,2,24000.00,48000.00,Standard,,"{""demoLine"": true}"
GARDEN_CAFE,ORD-GARDEN_CAFE-00550,3,Crispy Plantain Cups,3,16600.00,49800.00,Standard,,"{""demoLine"": true}"
GARDEN_CAFE,ORD-GARDEN_CAFE-00550,4,Beef Fillet Plate,2,51500.00,103000.00,Standard,,"{""demoLine"": true}"
EVENTS_KITCHEN,ORD-EVENTS_KITCHEN-00551,1,Chocolate Date Tart,1,28300.00,28300.00,Standard,,"{""demoLine"": true}"
EVENTS_KITCHEN,ORD-EVENTS_KITCHEN-00551,2,Halloumi Bites,2,30700.00,61400.00,Standard,,"{""demoLine"": true}"
EVENTS_KITCHEN,ORD-EVENTS_KITCHEN-00551,3,Mango Passion Juice,1,16500.00,16500.00,Standard,,"{""demoLine"": true}"
EVENTS_KITCHEN,ORD-EVENTS_KITCHEN-00552,1,Corporate Snack Board,1,92000.00,92000.00,Standard,,"{""demoLine"": true}"
TAPAS_DOWNTOWN,ORD-TAPAS_DOWNTOWN-00553,1,Spiced Chai,3,11000.00,33000.00,Standard,,"{""demoLine"": true}"
TAPAS_DOWNTOWN,ORD-TAPAS_DOWNTOWN-00554,1,Passion Fruit Cheesecake,2,21000.00,42000.00,Standard,,"{""demoLine"": true}"
TAPAS_DOWNTOWN,ORD-TAPAS_DOWNTOWN-00555,1,Seasonal Salad,3,15000.00,45000.00,Standard,,"{""demoLine"": true}"
TAPAS_DOWNTOWN,ORD-TAPAS_DOWNTOWN-00555,2,Tomato Bruschetta,1,22000.00,22000.00,Standard,,"{""demoLine"": true}"
ROOFTOP_BAR,ORD-ROOFTOP_BAR-00556,1,Night Market Fries,2,32000.00,64000.00,Standard,,"{""demoLine"": true}"
ROOFTOP_BAR,ORD-ROOFTOP_BAR-00556,2,Crispy Plantain Cups,2,20200.00,40400.00,Standard,,"{""demoLine"": true}"
ROOFTOP_BAR,ORD-ROOFTOP_BAR-00557,1,Cucumber Basil Fizz,1,20000.00,20000.00,Standard,,"{""demoLine"": true}"
ROOFTOP_BAR,ORD-ROOFTOP_BAR-00558,1,Mint Lime Sky Spritz,2,17900.00,35800.00,Standard,,"{""demoLine"": true}"
ROOFTOP_BAR,ORD-ROOFTOP_BAR-00558,2,Tomato Bruschetta,3,24600.00,73800.00,Standard,,"{""demoLine"": true}"
GARDEN_CAFE,ORD-GARDEN_CAFE-00559,1,Garlic Flatbread,2,9200.00,18400.00,Standard,,"{""demoLine"": true}"
GARDEN_CAFE,ORD-GARDEN_CAFE-00559,2,Chocolate Date Tart,2,22100.00,44200.00,Standard,,"{""demoLine"": true}"
GARDEN_CAFE,ORD-GARDEN_CAFE-00560,1,Sesame Chicken Skewers,2,25800.00,51600.00,Standard,,"{""demoLine"": true}"
GARDEN_CAFE,ORD-GARDEN_CAFE-00560,2,Mint Lime Spritz,1,14700.00,14700.00,Standard,,"{""demoLine"": true}"
GARDEN_CAFE,ORD-GARDEN_CAFE-00560,3,Cafe Latte,2,11000.00,22000.00,Standard,,"{""demoLine"": true}"
GARDEN_CAFE,ORD-GARDEN_CAFE-00561,1,Mushroom Risotto,2,35000.00,70000.00,Standard,,"{""demoLine"": true}"
GARDEN_CAFE,ORD-GARDEN_CAFE-00561,2,Herb Fries,2,11000.00,22000.00,Standard,,"{""demoLine"": true}"
GARDEN_CAFE,ORD-GARDEN_CAFE-00561,3,Banana Oat Pancakes,3,20000.00,60000.00,Standard,,"{""demoLine"": true}"
EVENTS_KITCHEN,ORD-EVENTS_KITCHEN-00562,1,Herb Fries,3,14200.00,42600.00,Standard,,"{""demoLine"": true}"
EVENTS_KITCHEN,ORD-EVENTS_KITCHEN-00563,1,Ginger Hibiscus Cooler,2,20100.00,40200.00,Standard,,"{""demoLine"": true}"
EVENTS_KITCHEN,ORD-EVENTS_KITCHEN-00563,2,Mushroom Risotto,2,44800.00,89600.00,Standard,,"{""demoLine"": true}"
EVENTS_KITCHEN,ORD-EVENTS_KITCHEN-00564,1,Mushroom Risotto,2,44800.00,89600.00,Standard,,"{""demoLine"": true}"
EVENTS_KITCHEN,ORD-EVENTS_KITCHEN-00564,2,Halloumi Bites,1,30700.00,30700.00,Standard,,"{""demoLine"": true}"
EVENTS_KITCHEN,ORD-EVENTS_KITCHEN-00564,3,Executive Lunch Box,1,28000.00,28000.00,Standard,,"{""demoLine"": true}"
EVENTS_KITCHEN,ORD-EVENTS_KITCHEN-00564,4,Americano,1,10600.00,10600.00,Standard,,"{""demoLine"": true}"
TAPAS_DOWNTOWN,ORD-TAPAS_DOWNTOWN-00565,1,Seasonal Salad,3,15000.00,45000.00,Standard,,"{""demoLine"": true}"
TAPAS_DOWNTOWN,ORD-TAPAS_DOWNTOWN-00565,2,Passion Fruit Cheesecake,1,21000.00,21000.00,Standard,,"{""demoLine"": true}"
TAPAS_DOWNTOWN,ORD-TAPAS_DOWNTOWN-00565,3,Cafe Latte,1,12000.00,12000.00,Standard,,"{""demoLine"": true}"
TAPAS_DOWNTOWN,ORD-TAPAS_DOWNTOWN-00566,1,Chocolate Date Tart,1,24000.00,24000.00,Standard,,"{""demoLine"": true}"
TAPAS_DOWNTOWN,ORD-TAPAS_DOWNTOWN-00566,2,Sesame Chicken Skewers,1,28000.00,28000.00,Standard,,"{""demoLine"": true}"
TAPAS_DOWNTOWN,ORD-TAPAS_DOWNTOWN-00566,3,Seasonal Salad,2,15000.00,30000.00,Standard,,"{""demoLine"": true}"
TAPAS_DOWNTOWN,ORD-TAPAS_DOWNTOWN-00566,4,Smoked Eggplant Dip,2,16000.00,32000.00,Standard,,"{""demoLine"": true}"
TAPAS_DOWNTOWN,ORD-TAPAS_DOWNTOWN-00567,1,Seasonal Salad,3,15000.00,45000.00,Standard,,"{""demoLine"": true}"
TAPAS_DOWNTOWN,ORD-TAPAS_DOWNTOWN-00567,2,Ginger Hibiscus Cooler,1,17000.00,17000.00,Standard,,"{""demoLine"": true}"
TAPAS_DOWNTOWN,ORD-TAPAS_DOWNTOWN-00567,3,Matoke Croquettes,3,32000.00,96000.00,Standard,,"{""demoLine"": true}"
TAPAS_DOWNTOWN,ORD-TAPAS_DOWNTOWN-00567,4,Garlic Flatbread,3,10000.00,30000.00,Standard,,"{""demoLine"": true}"
TAPAS_DOWNTOWN,ORD-TAPAS_DOWNTOWN-00568,1,Citrus Greens Bowl,3,28000.00,84000.00,Standard,,"{""demoLine"": true}"
TAPAS_DOWNTOWN,ORD-TAPAS_DOWNTOWN-00568,2,Herb Fries,1,12000.00,12000.00,Standard,,"{""demoLine"": true}"
TAPAS_DOWNTOWN,ORD-TAPAS_DOWNTOWN-00568,3,Garden Vegetable Pasta,1,36000.00,36000.00,Standard,,"{""demoLine"": true}"
ROOFTOP_BAR,ORD-ROOFTOP_BAR-00569,1,Sesame Chicken Skewers,1,31400.00,31400.00,Standard,,"{""demoLine"": true}"
ROOFTOP_BAR,ORD-ROOFTOP_BAR-00569,2,Night Market Fries,2,32000.00,64000.00,Standard,,"{""demoLine"": true}"
ROOFTOP_BAR,ORD-ROOFTOP_BAR-00570,1,Herb Fries,1,13400.00,13400.00,Standard,,"{""demoLine"": true}"
ROOFTOP_BAR,ORD-ROOFTOP_BAR-00571,1,Crispy Plantain Cups,3,20200.00,60600.00,Standard,,"{""demoLine"": true}"
ROOFTOP_BAR,ORD-ROOFTOP_BAR-00571,2,Halloumi Bites,3,29100.00,87300.00,Standard,,"{""demoLine"": true}"
ROOFTOP_BAR,ORD-ROOFTOP_BAR-00572,1,Seasonal Salad,2,16800.00,33600.00,Standard,,"{""demoLine"": true}"
ROOFTOP_BAR,ORD-ROOFTOP_BAR-00572,2,Chocolate Date Tart,2,26900.00,53800.00,Standard,,"{""demoLine"": true}"
ROOFTOP_BAR,ORD-ROOFTOP_BAR-00572,3,Garlic Flatbread,3,11200.00,33600.00,Standard,,"{""demoLine"": true}"
GARDEN_CAFE,ORD-GARDEN_CAFE-00573,1,Avocado Toast Stack,3,16000.00,48000.00,Standard,,"{""demoLine"": true}"
GARDEN_CAFE,ORD-GARDEN_CAFE-00574,1,Tilapia Lemon Herb,3,44200.00,132600.00,Standard,,"{""demoLine"": true}"
GARDEN_CAFE,ORD-GARDEN_CAFE-00574,2,Sesame Chicken Skewers,2,25800.00,51600.00,Standard,,"{""demoLine"": true}"
GARDEN_CAFE,ORD-GARDEN_CAFE-00574,3,Garden Vegetable Pasta,2,33100.00,66200.00,Standard,,"{""demoLine"": true}"
GARDEN_CAFE,ORD-GARDEN_CAFE-00574,4,Mango Passion Juice,3,12900.00,38700.00,Standard,,"{""demoLine"": true}"
GARDEN_CAFE,ORD-GARDEN_CAFE-00575,1,Cafe Latte,2,11000.00,22000.00,Standard,,"{""demoLine"": true}"
GARDEN_CAFE,ORD-GARDEN_CAFE-00576,1,Cafe Latte,3,11000.00,33000.00,Standard,,"{""demoLine"": true}"
GARDEN_CAFE,ORD-GARDEN_CAFE-00576,2,Garlic Flatbread,2,9200.00,18400.00,Standard,,"{""demoLine"": true}"
GARDEN_CAFE,ORD-GARDEN_CAFE-00576,3,Mint Lime Spritz,1,14700.00,14700.00,Standard,,"{""demoLine"": true}"
EVENTS_KITCHEN,ORD-EVENTS_KITCHEN-00577,1,Banquet Chicken Tray,1,24000.00,24000.00,Standard,,"{""demoLine"": true}"
EVENTS_KITCHEN,ORD-EVENTS_KITCHEN-00578,1,Garden Vegetable Pasta,2,42500.00,85000.00,Standard,,"{""demoLine"": true}"
EVENTS_KITCHEN,ORD-EVENTS_KITCHEN-00578,2,Garlic Flatbread,2,11800.00,23600.00,Standard,,"{""demoLine"": true}"
EVENTS_KITCHEN,ORD-EVENTS_KITCHEN-00578,3,Herb Fries,2,14200.00,28400.00,Standard,,"{""demoLine"": true}"
EVENTS_KITCHEN,ORD-EVENTS_KITCHEN-00579,1,Banquet Chicken Tray,2,24000.00,48000.00,Standard,,"{""demoLine"": true}"
EVENTS_KITCHEN,ORD-EVENTS_KITCHEN-00579,2,Mint Lime Spritz,2,18900.00,37800.00,Standard,,"{""demoLine"": true}"
EVENTS_KITCHEN,ORD-EVENTS_KITCHEN-00579,3,Cafe Latte,1,14200.00,14200.00,Standard,,"{""demoLine"": true}"
EVENTS_KITCHEN,ORD-EVENTS_KITCHEN-00580,1,Spiced Chai,1,13000.00,13000.00,Standard,,"{""demoLine"": true}"
EVENTS_KITCHEN,ORD-EVENTS_KITCHEN-00580,2,Herb Fries,2,14200.00,28400.00,Standard,,"{""demoLine"": true}"
TAPAS_DOWNTOWN,ORD-TAPAS_DOWNTOWN-00581,1,Matoke Croquettes,2,32000.00,64000.00,Standard,,"{""demoLine"": true}"
TAPAS_DOWNTOWN,ORD-TAPAS_DOWNTOWN-00581,2,Tilapia Lemon Herb,2,48000.00,96000.00,Standard,,"{""demoLine"": true}"
TAPAS_DOWNTOWN,ORD-TAPAS_DOWNTOWN-00582,1,Mango Passion Juice,1,14000.00,14000.00,Standard,,"{""demoLine"": true}"
TAPAS_DOWNTOWN,ORD-TAPAS_DOWNTOWN-00582,2,Sesame Chicken Skewers,3,28000.00,84000.00,Standard,,"{""demoLine"": true}"
TAPAS_DOWNTOWN,ORD-TAPAS_DOWNTOWN-00583,1,Ginger Hibiscus Cooler,2,17000.00,34000.00,Standard,,"{""demoLine"": true}"
TAPAS_DOWNTOWN,ORD-TAPAS_DOWNTOWN-00583,2,Mango Passion Juice,3,14000.00,42000.00,Standard,,"{""demoLine"": true}"
TAPAS_DOWNTOWN,ORD-TAPAS_DOWNTOWN-00583,3,Seasonal Salad,2,15000.00,30000.00,Standard,,"{""demoLine"": true}"
TAPAS_DOWNTOWN,ORD-TAPAS_DOWNTOWN-00583,4,Garden Vegetable Pasta,3,36000.00,108000.00,Standard,,"{""demoLine"": true}"
TAPAS_DOWNTOWN,ORD-TAPAS_DOWNTOWN-00584,1,Charred Octopus Style Mushroom,1,20000.00,20000.00,Standard,,"{""demoLine"": true}"
TAPAS_DOWNTOWN,ORD-TAPAS_DOWNTOWN-00584,2,Matoke Croquettes,1,32000.00,32000.00,Standard,,"{""demoLine"": true}"
TAPAS_DOWNTOWN,ORD-TAPAS_DOWNTOWN-00584,3,Seasonal Salad,3,15000.00,45000.00,Standard,,"{""demoLine"": true}"
TAPAS_DOWNTOWN,ORD-TAPAS_DOWNTOWN-00585,1,Tomato Bruschetta,3,22000.00,66000.00,Standard,,"{""demoLine"": true}"
TAPAS_DOWNTOWN,ORD-TAPAS_DOWNTOWN-00585,2,Mushroom Risotto,1,38000.00,38000.00,Standard,,"{""demoLine"": true}"
ROOFTOP_BAR,ORD-ROOFTOP_BAR-00586,1,Americano,2,10100.00,20200.00,Standard,,"{""demoLine"": true}"
ROOFTOP_BAR,ORD-ROOFTOP_BAR-00587,1,Crispy Plantain Cups,2,20200.00,40400.00,Standard,,"{""demoLine"": true}"
ROOFTOP_BAR,ORD-ROOFTOP_BAR-00587,2,Garden Vegetable Pasta,3,40300.00,120900.00,Standard,,"{""demoLine"": true}"
ROOFTOP_BAR,ORD-ROOFTOP_BAR-00587,3,Tilapia Lemon Herb,3,53800.00,161400.00,Standard,,"{""demoLine"": true}"
ROOFTOP_BAR,ORD-ROOFTOP_BAR-00588,1,Tilapia Lemon Herb,1,53800.00,53800.00,Standard,,"{""demoLine"": true}"
ROOFTOP_BAR,ORD-ROOFTOP_BAR-00588,2,Passion Fruit Cheesecake,3,23500.00,70500.00,Standard,,"{""demoLine"": true}"
ROOFTOP_BAR,ORD-ROOFTOP_BAR-00588,3,Tomato Bruschetta,3,24600.00,73800.00,Standard,,"{""demoLine"": true}"
ROOFTOP_BAR,ORD-ROOFTOP_BAR-00588,4,Cranberry Lime Nojito,1,28000.00,28000.00,Standard,,"{""demoLine"": true}"
ROOFTOP_BAR,ORD-ROOFTOP_BAR-00589,1,Cucumber Basil Fizz,2,20000.00,40000.00,Standard,,"{""demoLine"": true}"
ROOFTOP_BAR,ORD-ROOFTOP_BAR-00590,1,Americano,3,10100.00,30300.00,Standard,,"{""demoLine"": true}"
ROOFTOP_BAR,ORD-ROOFTOP_BAR-00590,2,Passion Fruit Cheesecake,2,23500.00,47000.00,Standard,,"{""demoLine"": true}"
ROOFTOP_BAR,ORD-ROOFTOP_BAR-00590,3,Seasonal Salad,3,16800.00,50400.00,Standard,,"{""demoLine"": true}"
ROOFTOP_BAR,ORD-ROOFTOP_BAR-00590,4,Tilapia Lemon Herb,3,53800.00,161400.00,Standard,,"{""demoLine"": true}"
GARDEN_CAFE,ORD-GARDEN_CAFE-00591,1,Mint Lime Spritz,1,14700.00,14700.00,Standard,,"{""demoLine"": true}"
GARDEN_CAFE,ORD-GARDEN_CAFE-00591,2,Beef Fillet Plate,2,51500.00,103000.00,Standard,,"{""demoLine"": true}"
GARDEN_CAFE,ORD-GARDEN_CAFE-00592,1,Iced Vanilla Coffee,3,28000.00,84000.00,Standard,,"{""demoLine"": true}"
GARDEN_CAFE,ORD-GARDEN_CAFE-00593,1,Tomato Bruschetta,2,20200.00,40400.00,Standard,,"{""demoLine"": true}"
GARDEN_CAFE,ORD-GARDEN_CAFE-00593,2,Banana Oat Pancakes,1,20000.00,20000.00,Standard,,"{""demoLine"": true}"
GARDEN_CAFE,ORD-GARDEN_CAFE-00593,3,Chocolate Date Tart,3,22100.00,66300.00,Standard,,"{""demoLine"": true}"
GARDEN_CAFE,ORD-GARDEN_CAFE-00593,4,Garden Breakfast Plate,2,24000.00,48000.00,Standard,,"{""demoLine"": true}"
GARDEN_CAFE,ORD-GARDEN_CAFE-00594,1,Garden Vegetable Pasta,1,33100.00,33100.00,Standard,,"{""demoLine"": true}"
GARDEN_CAFE,ORD-GARDEN_CAFE-00594,2,Halloumi Bites,2,23900.00,47800.00,Standard,,"{""demoLine"": true}"
GARDEN_CAFE,ORD-GARDEN_CAFE-00594,3,Passion Fruit Cheesecake,2,19300.00,38600.00,Standard,,"{""demoLine"": true}"
GARDEN_CAFE,ORD-GARDEN_CAFE-00595,1,Halloumi Bites,2,23900.00,47800.00,Standard,,"{""demoLine"": true}"
EVENTS_KITCHEN,ORD-EVENTS_KITCHEN-00596,1,Executive Lunch Box,3,28000.00,84000.00,Standard,,"{""demoLine"": true}"
EVENTS_KITCHEN,ORD-EVENTS_KITCHEN-00596,2,Corporate Snack Board,3,92000.00,276000.00,Standard,,"{""demoLine"": true}"
EVENTS_KITCHEN,ORD-EVENTS_KITCHEN-00596,3,Chocolate Date Tart,1,28300.00,28300.00,Standard,,"{""demoLine"": true}"
EVENTS_KITCHEN,ORD-EVENTS_KITCHEN-00597,1,Chocolate Date Tart,1,28300.00,28300.00,Standard,,"{""demoLine"": true}"
EVENTS_KITCHEN,ORD-EVENTS_KITCHEN-00597,2,Passion Fruit Cheesecake,3,24800.00,74400.00,Standard,,"{""demoLine"": true}"
EVENTS_KITCHEN,ORD-EVENTS_KITCHEN-00597,3,Conference Tea Service,3,40000.00,120000.00,Standard,,"{""demoLine"": true}"
EVENTS_KITCHEN,ORD-EVENTS_KITCHEN-00597,4,Executive Lunch Box,2,28000.00,56000.00,Standard,,"{""demoLine"": true}"
EVENTS_KITCHEN,ORD-EVENTS_KITCHEN-00598,1,Tilapia Lemon Herb,1,56600.00,56600.00,Standard,,"{""demoLine"": true}"
EVENTS_KITCHEN,ORD-EVENTS_KITCHEN-00598,2,Tomato Bruschetta,2,26000.00,52000.00,Standard,,"{""demoLine"": true}"
EVENTS_KITCHEN,ORD-EVENTS_KITCHEN-00598,3,Mango Passion Juice,2,16500.00,33000.00,Standard,,"{""demoLine"": true}"
EVENTS_KITCHEN,ORD-EVENTS_KITCHEN-00599,1,Spiced Chai,1,13000.00,13000.00,Standard,,"{""demoLine"": true}"
EVENTS_KITCHEN,ORD-EVENTS_KITCHEN-00599,2,Mushroom Risotto,1,44800.00,44800.00,Standard,,"{""demoLine"": true}"
EVENTS_KITCHEN,ORD-EVENTS_KITCHEN-00599,3,Executive Lunch Box,1,28000.00,28000.00,Standard,,"{""demoLine"": true}"
EVENTS_KITCHEN,ORD-EVENTS_KITCHEN-00600,1,Garlic Flatbread,2,11800.00,23600.00,Standard,,"{""demoLine"": true}"
EVENTS_KITCHEN,ORD-EVENTS_KITCHEN-00600,2,Crispy Plantain Cups,3,21200.00,63600.00,Standard,,"{""demoLine"": true}"
EVENTS_KITCHEN,ORD-EVENTS_KITCHEN-00600,3,Tomato Bruschetta,1,26000.00,26000.00,Standard,,"{""demoLine"": true}"
EVENTS_KITCHEN,ORD-EVENTS_KITCHEN-00600,4,Mint Lime Spritz,2,18900.00,37800.00,Standard,,"{""demoLine"": true}"
TAPAS_DOWNTOWN,ORD-TAPAS_DOWNTOWN-00601,1,Tilapia Lemon Herb,1,48000.00,48000.00,Standard,,"{""demoLine"": true}"
ROOFTOP_BAR,ORD-ROOFTOP_BAR-00602,1,Seasonal Salad,1,16800.00,16800.00,Standard,,"{""demoLine"": true}"
ROOFTOP_BAR,ORD-ROOFTOP_BAR-00602,2,Chocolate Date Tart,3,26900.00,80700.00,Standard,,"{""demoLine"": true}"
ROOFTOP_BAR,ORD-ROOFTOP_BAR-00602,3,Night Market Fries,1,32000.00,32000.00,Standard,,"{""demoLine"": true}"
GARDEN_CAFE,ORD-GARDEN_CAFE-00603,1,Mushroom Risotto,3,35000.00,105000.00,Standard,,"{""demoLine"": true}"
GARDEN_CAFE,ORD-GARDEN_CAFE-00603,2,Sesame Chicken Skewers,3,25800.00,77400.00,Standard,,"{""demoLine"": true}"
GARDEN_CAFE,ORD-GARDEN_CAFE-00603,3,Cafe Latte,3,11000.00,33000.00,Standard,,"{""demoLine"": true}"
EVENTS_KITCHEN,ORD-EVENTS_KITCHEN-00604,1,Americano,3,10600.00,31800.00,Standard,,"{""demoLine"": true}"
TAPAS_DOWNTOWN,ORD-TAPAS_DOWNTOWN-00605,1,Mushroom Risotto,3,38000.00,114000.00,Standard,,"{""demoLine"": true}"
TAPAS_DOWNTOWN,ORD-TAPAS_DOWNTOWN-00605,2,Passion Fruit Cheesecake,3,21000.00,63000.00,Standard,,"{""demoLine"": true}"
TAPAS_DOWNTOWN,ORD-TAPAS_DOWNTOWN-00605,3,Charred Octopus Style Mushroom,3,20000.00,60000.00,Standard,,"{""demoLine"": true}"
TAPAS_DOWNTOWN,ORD-TAPAS_DOWNTOWN-00605,4,Americano,2,9000.00,18000.00,Standard,,"{""demoLine"": true}"
TAPAS_DOWNTOWN,ORD-TAPAS_DOWNTOWN-00606,1,Passion Fruit Cheesecake,2,21000.00,42000.00,Standard,,"{""demoLine"": true}"
TAPAS_DOWNTOWN,ORD-TAPAS_DOWNTOWN-00606,2,Charred Octopus Style Mushroom,3,20000.00,60000.00,Standard,,"{""demoLine"": true}"
ROOFTOP_BAR,ORD-ROOFTOP_BAR-00607,1,Garden Vegetable Pasta,2,40300.00,80600.00,Standard,,"{""demoLine"": true}"
ROOFTOP_BAR,ORD-ROOFTOP_BAR-00608,1,Skyline Mezze Cups,3,16000.00,48000.00,Standard,,"{""demoLine"": true}"
ROOFTOP_BAR,ORD-ROOFTOP_BAR-00608,2,Chocolate Date Tart,2,26900.00,53800.00,Standard,,"{""demoLine"": true}"
GARDEN_CAFE,ORD-GARDEN_CAFE-00609,1,Garden Vegetable Pasta,1,33100.00,33100.00,Standard,,"{""demoLine"": true}"
GARDEN_CAFE,ORD-GARDEN_CAFE-00610,1,Passion Fruit Cheesecake,1,19300.00,19300.00,Standard,,"{""demoLine"": true}"
EVENTS_KITCHEN,ORD-EVENTS_KITCHEN-00611,1,Corporate Snack Board,3,92000.00,276000.00,Standard,,"{""demoLine"": true}"
EVENTS_KITCHEN,ORD-EVENTS_KITCHEN-00611,2,Passion Fruit Cheesecake,1,24800.00,24800.00,Standard,,"{""demoLine"": true}"
EVENTS_KITCHEN,ORD-EVENTS_KITCHEN-00612,1,Mini Dessert Flight,1,36000.00,36000.00,Standard,,"{""demoLine"": true}"
EVENTS_KITCHEN,ORD-EVENTS_KITCHEN-00612,2,Executive Lunch Box,2,28000.00,56000.00,Standard,,"{""demoLine"": true}"
TAPAS_DOWNTOWN,ORD-TAPAS_DOWNTOWN-00613,1,Garlic Flatbread,2,10000.00,20000.00,Standard,,"{""demoLine"": true}"
TAPAS_DOWNTOWN,ORD-TAPAS_DOWNTOWN-00613,2,Herb Fries,1,12000.00,12000.00,Standard,,"{""demoLine"": true}"
TAPAS_DOWNTOWN,ORD-TAPAS_DOWNTOWN-00613,3,Grilled Chicken Bowl,2,42000.00,84000.00,Standard,,"{""demoLine"": true}"
TAPAS_DOWNTOWN,ORD-TAPAS_DOWNTOWN-00613,4,Beef Fillet Plate,2,56000.00,112000.00,Standard,,"{""demoLine"": true}"
TAPAS_DOWNTOWN,ORD-TAPAS_DOWNTOWN-00614,1,Cafe Latte,2,12000.00,24000.00,Standard,,"{""demoLine"": true}"
TAPAS_DOWNTOWN,ORD-TAPAS_DOWNTOWN-00614,2,Tilapia Lemon Herb,3,48000.00,144000.00,Standard,,"{""demoLine"": true}"
TAPAS_DOWNTOWN,ORD-TAPAS_DOWNTOWN-00614,3,Grilled Chicken Bowl,1,42000.00,42000.00,Standard,,"{""demoLine"": true}"
TAPAS_DOWNTOWN,ORD-TAPAS_DOWNTOWN-00614,4,Herb Fries,3,12000.00,36000.00,Standard,,"{""demoLine"": true}"
TAPAS_DOWNTOWN,ORD-TAPAS_DOWNTOWN-00615,1,Beef Fillet Plate,3,56000.00,168000.00,Standard,,"{""demoLine"": true}"
TAPAS_DOWNTOWN,ORD-TAPAS_DOWNTOWN-00615,2,Sesame Chicken Skewers,2,28000.00,56000.00,Standard,,"{""demoLine"": true}"
TAPAS_DOWNTOWN,ORD-TAPAS_DOWNTOWN-00615,3,Herb Fries,1,12000.00,12000.00,Standard,,"{""demoLine"": true}"
TAPAS_DOWNTOWN,ORD-TAPAS_DOWNTOWN-00615,4,Tomato Bruschetta,1,22000.00,22000.00,Standard,,"{""demoLine"": true}"
ROOFTOP_BAR,ORD-ROOFTOP_BAR-00616,1,Crispy Plantain Cups,3,20200.00,60600.00,Standard,,"{""demoLine"": true}"
ROOFTOP_BAR,ORD-ROOFTOP_BAR-00616,2,Spiced Chai,1,12300.00,12300.00,Standard,,"{""demoLine"": true}"
ROOFTOP_BAR,ORD-ROOFTOP_BAR-00617,1,Garden Vegetable Pasta,1,40300.00,40300.00,Standard,,"{""demoLine"": true}"
ROOFTOP_BAR,ORD-ROOFTOP_BAR-00618,1,Halloumi Bites,3,29100.00,87300.00,Standard,,"{""demoLine"": true}"
ROOFTOP_BAR,ORD-ROOFTOP_BAR-00618,2,Ginger Hibiscus Rooftop Cooler,2,19000.00,38000.00,Standard,,"{""demoLine"": true}"
ROOFTOP_BAR,ORD-ROOFTOP_BAR-00618,3,Cranberry Lime Nojito,1,28000.00,28000.00,Standard,,"{""demoLine"": true}"
GARDEN_CAFE,ORD-GARDEN_CAFE-00619,1,Herb Fries,1,11000.00,11000.00,Standard,,"{""demoLine"": true}"
GARDEN_CAFE,ORD-GARDEN_CAFE-00619,2,Passion Fruit Cheesecake,1,19300.00,19300.00,Standard,,"{""demoLine"": true}"
GARDEN_CAFE,ORD-GARDEN_CAFE-00619,3,Mint Lime Spritz,3,14700.00,44100.00,Standard,,"{""demoLine"": true}"
GARDEN_CAFE,ORD-GARDEN_CAFE-00620,1,Berry Yoghurt Bowl,1,32000.00,32000.00,Standard,,"{""demoLine"": true}"
GARDEN_CAFE,ORD-GARDEN_CAFE-00621,1,Crispy Plantain Cups,1,16600.00,16600.00,Standard,,"{""demoLine"": true}"
GARDEN_CAFE,ORD-GARDEN_CAFE-00621,2,Ginger Hibiscus Cooler,3,15600.00,46800.00,Standard,,"{""demoLine"": true}"
GARDEN_CAFE,ORD-GARDEN_CAFE-00621,3,Passion Fruit Cheesecake,3,19300.00,57900.00,Standard,,"{""demoLine"": true}"
GARDEN_CAFE,ORD-GARDEN_CAFE-00621,4,Banana Oat Pancakes,3,20000.00,60000.00,Standard,,"{""demoLine"": true}"
EVENTS_KITCHEN,ORD-EVENTS_KITCHEN-00622,1,Herb Fries,1,14200.00,14200.00,Standard,,"{""demoLine"": true}"
EVENTS_KITCHEN,ORD-EVENTS_KITCHEN-00622,2,Beef Fillet Plate,3,66100.00,198300.00,Standard,,"{""demoLine"": true}"
EVENTS_KITCHEN,ORD-EVENTS_KITCHEN-00623,1,Tomato Bruschetta,1,26000.00,26000.00,Standard,,"{""demoLine"": true}"
EVENTS_KITCHEN,ORD-EVENTS_KITCHEN-00623,2,Executive Lunch Box,2,28000.00,56000.00,Standard,,"{""demoLine"": true}"
EVENTS_KITCHEN,ORD-EVENTS_KITCHEN-00624,1,Garlic Flatbread,3,11800.00,35400.00,Standard,,"{""demoLine"": true}"
EVENTS_KITCHEN,ORD-EVENTS_KITCHEN-00624,2,Ginger Hibiscus Cooler,1,20100.00,20100.00,Standard,,"{""demoLine"": true}"
EVENTS_KITCHEN,ORD-EVENTS_KITCHEN-00624,3,Mango Passion Juice,3,16500.00,49500.00,Standard,,"{""demoLine"": true}"
TAPAS_DOWNTOWN,ORD-TAPAS_DOWNTOWN-00625,1,Garden Vegetable Pasta,1,36000.00,36000.00,Standard,,"{""demoLine"": true}"
TAPAS_DOWNTOWN,ORD-TAPAS_DOWNTOWN-00625,2,Spiced Chai,1,11000.00,11000.00,Standard,,"{""demoLine"": true}"
TAPAS_DOWNTOWN,ORD-TAPAS_DOWNTOWN-00625,3,Citrus Greens Bowl,3,28000.00,84000.00,Standard,,"{""demoLine"": true}"
TAPAS_DOWNTOWN,ORD-TAPAS_DOWNTOWN-00626,1,Matoke Croquettes,1,32000.00,32000.00,Standard,,"{""demoLine"": true}"
TAPAS_DOWNTOWN,ORD-TAPAS_DOWNTOWN-00626,2,Smoked Eggplant Dip,3,16000.00,48000.00,Standard,,"{""demoLine"": true}"
TAPAS_DOWNTOWN,ORD-TAPAS_DOWNTOWN-00626,3,Tomato Bruschetta,1,22000.00,22000.00,Standard,,"{""demoLine"": true}"
TAPAS_DOWNTOWN,ORD-TAPAS_DOWNTOWN-00626,4,Passion Fruit Cheesecake,1,21000.00,21000.00,Standard,,"{""demoLine"": true}"
TAPAS_DOWNTOWN,ORD-TAPAS_DOWNTOWN-00627,1,Ginger Hibiscus Cooler,3,17000.00,51000.00,Standard,,"{""demoLine"": true}"
TAPAS_DOWNTOWN,ORD-TAPAS_DOWNTOWN-00627,2,Passion Fruit Cheesecake,2,21000.00,42000.00,Standard,,"{""demoLine"": true}"
TAPAS_DOWNTOWN,ORD-TAPAS_DOWNTOWN-00627,3,Spiced Chai,2,11000.00,22000.00,Standard,,"{""demoLine"": true}"
TAPAS_DOWNTOWN,ORD-TAPAS_DOWNTOWN-00628,1,Ginger Hibiscus Cooler,1,17000.00,17000.00,Standard,,"{""demoLine"": true}"
TAPAS_DOWNTOWN,ORD-TAPAS_DOWNTOWN-00628,2,Citrus Greens Bowl,3,28000.00,84000.00,Standard,,"{""demoLine"": true}"
TAPAS_DOWNTOWN,ORD-TAPAS_DOWNTOWN-00628,3,Americano,1,9000.00,9000.00,Standard,,"{""demoLine"": true}"
TAPAS_DOWNTOWN,ORD-TAPAS_DOWNTOWN-00628,4,Cafe Latte,3,12000.00,36000.00,Standard,,"{""demoLine"": true}"
ROOFTOP_BAR,ORD-ROOFTOP_BAR-00629,1,Garden Vegetable Pasta,1,40300.00,40300.00,Standard,,"{""demoLine"": true}"
ROOFTOP_BAR,ORD-ROOFTOP_BAR-00629,2,Rosemary Tonic Highball,2,24000.00,48000.00,Standard,,"{""demoLine"": true}"
ROOFTOP_BAR,ORD-ROOFTOP_BAR-00630,1,Cranberry Lime Nojito,1,28000.00,28000.00,Standard,,"{""demoLine"": true}"
ROOFTOP_BAR,ORD-ROOFTOP_BAR-00631,1,Cafe Latte,3,13400.00,40200.00,Standard,,"{""demoLine"": true}"
ROOFTOP_BAR,ORD-ROOFTOP_BAR-00631,2,Seasonal Salad,1,16800.00,16800.00,Standard,,"{""demoLine"": true}"
ROOFTOP_BAR,ORD-ROOFTOP_BAR-00631,3,Crispy Plantain Cups,3,20200.00,60600.00,Standard,,"{""demoLine"": true}"
ROOFTOP_BAR,ORD-ROOFTOP_BAR-00632,1,Cucumber Basil Fizz,1,20000.00,20000.00,Standard,,"{""demoLine"": true}"
ROOFTOP_BAR,ORD-ROOFTOP_BAR-00632,2,Mango Passion Juice,2,15700.00,31400.00,Standard,,"{""demoLine"": true}"
ROOFTOP_BAR,ORD-ROOFTOP_BAR-00632,3,Tilapia Lemon Herb,3,53800.00,161400.00,Standard,,"{""demoLine"": true}"
GARDEN_CAFE,ORD-GARDEN_CAFE-00633,1,Passion Fruit Cheesecake,2,19300.00,38600.00,Standard,,"{""demoLine"": true}"
GARDEN_CAFE,ORD-GARDEN_CAFE-00633,2,Herb Fries,3,11000.00,33000.00,Standard,,"{""demoLine"": true}"
GARDEN_CAFE,ORD-GARDEN_CAFE-00633,3,Beef Fillet Plate,2,51500.00,103000.00,Standard,,"{""demoLine"": true}"
GARDEN_CAFE,ORD-GARDEN_CAFE-00633,4,Berry Yoghurt Bowl,3,32000.00,96000.00,Standard,,"{""demoLine"": true}"
GARDEN_CAFE,ORD-GARDEN_CAFE-00634,1,Chocolate Date Tart,3,22100.00,66300.00,Standard,,"{""demoLine"": true}"
GARDEN_CAFE,ORD-GARDEN_CAFE-00634,2,Garlic Flatbread,2,9200.00,18400.00,Standard,,"{""demoLine"": true}"
GARDEN_CAFE,ORD-GARDEN_CAFE-00634,3,Iced Vanilla Coffee,1,28000.00,28000.00,Standard,,"{""demoLine"": true}"
GARDEN_CAFE,ORD-GARDEN_CAFE-00635,1,Ginger Hibiscus Cooler,3,15600.00,46800.00,Standard,,"{""demoLine"": true}"
GARDEN_CAFE,ORD-GARDEN_CAFE-00636,1,Avocado Toast Stack,3,16000.00,48000.00,Standard,,"{""demoLine"": true}"
EVENTS_KITCHEN,ORD-EVENTS_KITCHEN-00637,1,Sesame Chicken Skewers,2,33000.00,66000.00,Standard,,"{""demoLine"": true}"
EVENTS_KITCHEN,ORD-EVENTS_KITCHEN-00637,2,Americano,3,10600.00,31800.00,Standard,,"{""demoLine"": true}"
EVENTS_KITCHEN,ORD-EVENTS_KITCHEN-00637,3,Garden Vegetable Pasta,3,42500.00,127500.00,Standard,,"{""demoLine"": true}"
EVENTS_KITCHEN,ORD-EVENTS_KITCHEN-00637,4,Ginger Hibiscus Cooler,2,20100.00,40200.00,Standard,,"{""demoLine"": true}"
EVENTS_KITCHEN,ORD-EVENTS_KITCHEN-00638,1,Corporate Snack Board,3,92000.00,276000.00,Standard,,"{""demoLine"": true}"
EVENTS_KITCHEN,ORD-EVENTS_KITCHEN-00638,2,Ginger Hibiscus Cooler,3,20100.00,60300.00,Standard,,"{""demoLine"": true}"
EVENTS_KITCHEN,ORD-EVENTS_KITCHEN-00638,3,Chocolate Date Tart,3,28300.00,84900.00,Standard,,"{""demoLine"": true}"
EVENTS_KITCHEN,ORD-EVENTS_KITCHEN-00639,1,Americano,3,10600.00,31800.00,Standard,,"{""demoLine"": true}"
EVENTS_KITCHEN,ORD-EVENTS_KITCHEN-00639,2,Mint Lime Spritz,2,18900.00,37800.00,Standard,,"{""demoLine"": true}"
EVENTS_KITCHEN,ORD-EVENTS_KITCHEN-00639,3,Sesame Chicken Skewers,2,33000.00,66000.00,Standard,,"{""demoLine"": true}"
EVENTS_KITCHEN,ORD-EVENTS_KITCHEN-00639,4,Garlic Flatbread,2,11800.00,23600.00,Standard,,"{""demoLine"": true}"
EVENTS_KITCHEN,ORD-EVENTS_KITCHEN-00640,1,Garden Vegetable Pasta,1,42500.00,42500.00,Standard,,"{""demoLine"": true}"
EVENTS_KITCHEN,ORD-EVENTS_KITCHEN-00640,2,Mini Dessert Flight,3,36000.00,108000.00,Standard,,"{""demoLine"": true}"
EVENTS_KITCHEN,ORD-EVENTS_KITCHEN-00640,3,Banquet Chicken Tray,3,24000.00,72000.00,Standard,,"{""demoLine"": true}"
EVENTS_KITCHEN,ORD-EVENTS_KITCHEN-00640,4,Ginger Hibiscus Cooler,2,20100.00,40200.00,Standard,,"{""demoLine"": true}"
TAPAS_DOWNTOWN,ORD-TAPAS_DOWNTOWN-00641,1,Halloumi Bites,2,26000.00,52000.00,Standard,,"{""demoLine"": true}"
TAPAS_DOWNTOWN,ORD-TAPAS_DOWNTOWN-00641,2,Crispy Plantain Cups,1,18000.00,18000.00,Standard,,"{""demoLine"": true}"
TAPAS_DOWNTOWN,ORD-TAPAS_DOWNTOWN-00642,1,Crispy Plantain Cups,3,18000.00,54000.00,Standard,,"{""demoLine"": true}"
TAPAS_DOWNTOWN,ORD-TAPAS_DOWNTOWN-00643,1,Mushroom Risotto,1,38000.00,38000.00,Standard,,"{""demoLine"": true}"
TAPAS_DOWNTOWN,ORD-TAPAS_DOWNTOWN-00644,1,Garlic Flatbread,1,10000.00,10000.00,Standard,,"{""demoLine"": true}"
TAPAS_DOWNTOWN,ORD-TAPAS_DOWNTOWN-00644,2,Crispy Plantain Cups,2,18000.00,36000.00,Standard,,"{""demoLine"": true}"
TAPAS_DOWNTOWN,ORD-TAPAS_DOWNTOWN-00644,3,Passion Fruit Cheesecake,1,21000.00,21000.00,Standard,,"{""demoLine"": true}"
TAPAS_DOWNTOWN,ORD-TAPAS_DOWNTOWN-00645,1,Grilled Chicken Bowl,2,42000.00,84000.00,Standard,,"{""demoLine"": true}"
TAPAS_DOWNTOWN,ORD-TAPAS_DOWNTOWN-00645,2,Smoked Eggplant Dip,3,16000.00,48000.00,Standard,,"{""demoLine"": true}"
ROOFTOP_BAR,ORD-ROOFTOP_BAR-00646,1,Garlic Flatbread,3,11200.00,33600.00,Standard,,"{""demoLine"": true}"
ROOFTOP_BAR,ORD-ROOFTOP_BAR-00646,2,Crispy Plantain Cups,3,20200.00,60600.00,Standard,,"{""demoLine"": true}"
ROOFTOP_BAR,ORD-ROOFTOP_BAR-00647,1,Halloumi Bites,2,29100.00,58200.00,Standard,,"{""demoLine"": true}"
ROOFTOP_BAR,ORD-ROOFTOP_BAR-00647,2,Skyline Mezze Cups,3,16000.00,48000.00,Standard,,"{""demoLine"": true}"
ROOFTOP_BAR,ORD-ROOFTOP_BAR-00648,1,Cucumber Basil Fizz,2,20000.00,40000.00,Standard,,"{""demoLine"": true}"
ROOFTOP_BAR,ORD-ROOFTOP_BAR-00648,2,Tilapia Lemon Herb,2,53800.00,107600.00,Standard,,"{""demoLine"": true}"
ROOFTOP_BAR,ORD-ROOFTOP_BAR-00648,3,Ginger Hibiscus Rooftop Cooler,3,19000.00,57000.00,Standard,,"{""demoLine"": true}"
ROOFTOP_BAR,ORD-ROOFTOP_BAR-00649,1,Mint Lime Sky Spritz,3,17900.00,53700.00,Standard,,"{""demoLine"": true}"
ROOFTOP_BAR,ORD-ROOFTOP_BAR-00649,2,Skyline Mezze Cups,3,16000.00,48000.00,Standard,,"{""demoLine"": true}"
ROOFTOP_BAR,ORD-ROOFTOP_BAR-00649,3,Halloumi Bites,1,29100.00,29100.00,Standard,,"{""demoLine"": true}"
ROOFTOP_BAR,ORD-ROOFTOP_BAR-00650,1,Chocolate Date Tart,2,26900.00,53800.00,Standard,,"{""demoLine"": true}"
ROOFTOP_BAR,ORD-ROOFTOP_BAR-00650,2,Cafe Latte,1,13400.00,13400.00,Standard,,"{""demoLine"": true}"
GARDEN_CAFE,ORD-GARDEN_CAFE-00651,1,Garden Breakfast Plate,1,24000.00,24000.00,Standard,,"{""demoLine"": true}"
GARDEN_CAFE,ORD-GARDEN_CAFE-00651,2,Halloumi Bites,3,23900.00,71700.00,Standard,,"{""demoLine"": true}"
GARDEN_CAFE,ORD-GARDEN_CAFE-00651,3,Ginger Hibiscus Cooler,3,15600.00,46800.00,Standard,,"{""demoLine"": true}"
GARDEN_CAFE,ORD-GARDEN_CAFE-00651,4,Chocolate Date Tart,1,22100.00,22100.00,Standard,,"{""demoLine"": true}"
GARDEN_CAFE,ORD-GARDEN_CAFE-00652,1,Ginger Hibiscus Cooler,1,15600.00,15600.00,Standard,,"{""demoLine"": true}"
GARDEN_CAFE,ORD-GARDEN_CAFE-00652,2,Herb Fries,2,11000.00,22000.00,Standard,,"{""demoLine"": true}"
GARDEN_CAFE,ORD-GARDEN_CAFE-00652,3,Halloumi Bites,1,23900.00,23900.00,Standard,,"{""demoLine"": true}"
GARDEN_CAFE,ORD-GARDEN_CAFE-00653,1,Crispy Plantain Cups,2,16600.00,33200.00,Standard,,"{""demoLine"": true}"
GARDEN_CAFE,ORD-GARDEN_CAFE-00653,2,Tomato Bruschetta,2,20200.00,40400.00,Standard,,"{""demoLine"": true}"
GARDEN_CAFE,ORD-GARDEN_CAFE-00653,3,Mint Lime Spritz,3,14700.00,44100.00,Standard,,"{""demoLine"": true}"
GARDEN_CAFE,ORD-GARDEN_CAFE-00653,4,Garlic Flatbread,3,9200.00,27600.00,Standard,,"{""demoLine"": true}"
GARDEN_CAFE,ORD-GARDEN_CAFE-00654,1,Americano,2,8300.00,16600.00,Standard,,"{""demoLine"": true}"
GARDEN_CAFE,ORD-GARDEN_CAFE-00655,1,Americano,3,8300.00,24900.00,Standard,,"{""demoLine"": true}"
EVENTS_KITCHEN,ORD-EVENTS_KITCHEN-00656,1,Corporate Snack Board,2,92000.00,184000.00,Standard,,"{""demoLine"": true}"
EVENTS_KITCHEN,ORD-EVENTS_KITCHEN-00656,2,Spiced Chai,2,13000.00,26000.00,Standard,,"{""demoLine"": true}"
EVENTS_KITCHEN,ORD-EVENTS_KITCHEN-00656,3,Halloumi Bites,1,30700.00,30700.00,Standard,,"{""demoLine"": true}"
EVENTS_KITCHEN,ORD-EVENTS_KITCHEN-00656,4,Herb Fries,3,14200.00,42600.00,Standard,,"{""demoLine"": true}"
EVENTS_KITCHEN,ORD-EVENTS_KITCHEN-00657,1,Spiced Chai,2,13000.00,26000.00,Standard,,"{""demoLine"": true}"
EVENTS_KITCHEN,ORD-EVENTS_KITCHEN-00657,2,Americano,1,10600.00,10600.00,Standard,,"{""demoLine"": true}"
EVENTS_KITCHEN,ORD-EVENTS_KITCHEN-00657,3,Conference Tea Service,2,40000.00,80000.00,Standard,,"{""demoLine"": true}"
EVENTS_KITCHEN,ORD-EVENTS_KITCHEN-00657,4,Mini Dessert Flight,3,36000.00,108000.00,Standard,,"{""demoLine"": true}"
EVENTS_KITCHEN,ORD-EVENTS_KITCHEN-00658,1,Seasonal Salad,3,17700.00,53100.00,Standard,,"{""demoLine"": true}"
EVENTS_KITCHEN,ORD-EVENTS_KITCHEN-00658,2,Chocolate Date Tart,1,28300.00,28300.00,Standard,,"{""demoLine"": true}"
EVENTS_KITCHEN,ORD-EVENTS_KITCHEN-00658,3,Spiced Chai,1,13000.00,13000.00,Standard,,"{""demoLine"": true}"
EVENTS_KITCHEN,ORD-EVENTS_KITCHEN-00659,1,Cafe Latte,3,14200.00,42600.00,Standard,,"{""demoLine"": true}"
EVENTS_KITCHEN,ORD-EVENTS_KITCHEN-00659,2,Conference Tea Service,1,40000.00,40000.00,Standard,,"{""demoLine"": true}"
EVENTS_KITCHEN,ORD-EVENTS_KITCHEN-00660,1,Garlic Flatbread,2,11800.00,23600.00,Standard,,"{""demoLine"": true}"
TAPAS_DOWNTOWN,ORD-TAPAS_DOWNTOWN-00661,1,Citrus Greens Bowl,3,28000.00,84000.00,Standard,,"{""demoLine"": true}"
ROOFTOP_BAR,ORD-ROOFTOP_BAR-00662,1,Mango Passion Juice,2,15700.00,31400.00,Standard,,"{""demoLine"": true}"
GARDEN_CAFE,ORD-GARDEN_CAFE-00663,1,Mango Passion Juice,2,12900.00,25800.00,Standard,,"{""demoLine"": true}"
GARDEN_CAFE,ORD-GARDEN_CAFE-00663,2,Grilled Chicken Bowl,2,38600.00,77200.00,Standard,,"{""demoLine"": true}"
GARDEN_CAFE,ORD-GARDEN_CAFE-00663,3,Herb Fries,3,11000.00,33000.00,Standard,,"{""demoLine"": true}"
EVENTS_KITCHEN,ORD-EVENTS_KITCHEN-00664,1,Garden Vegetable Pasta,3,42500.00,127500.00,Standard,,"{""demoLine"": true}"
EVENTS_KITCHEN,ORD-EVENTS_KITCHEN-00664,2,Beef Fillet Plate,3,66100.00,198300.00,Standard,,"{""demoLine"": true}"
TAPAS_DOWNTOWN,ORD-TAPAS_DOWNTOWN-00665,1,Halloumi Bites,1,26000.00,26000.00,Standard,,"{""demoLine"": true}"
TAPAS_DOWNTOWN,ORD-TAPAS_DOWNTOWN-00665,2,Chicken Empanada Trio,2,24000.00,48000.00,Standard,,"{""demoLine"": true}"
TAPAS_DOWNTOWN,ORD-TAPAS_DOWNTOWN-00665,3,Garden Vegetable Pasta,1,36000.00,36000.00,Standard,,"{""demoLine"": true}"
TAPAS_DOWNTOWN,ORD-TAPAS_DOWNTOWN-00666,1,Spiced Chai,1,11000.00,11000.00,Standard,,"{""demoLine"": true}"
TAPAS_DOWNTOWN,ORD-TAPAS_DOWNTOWN-00666,2,Chicken Empanada Trio,3,24000.00,72000.00,Standard,,"{""demoLine"": true}"
TAPAS_DOWNTOWN,ORD-TAPAS_DOWNTOWN-00666,3,Tilapia Lemon Herb,3,48000.00,144000.00,Standard,,"{""demoLine"": true}"
TAPAS_DOWNTOWN,ORD-TAPAS_DOWNTOWN-00666,4,Mango Passion Juice,1,14000.00,14000.00,Standard,,"{""demoLine"": true}"
ROOFTOP_BAR,ORD-ROOFTOP_BAR-00667,1,Skyline Mezze Cups,3,16000.00,48000.00,Standard,,"{""demoLine"": true}"
ROOFTOP_BAR,ORD-ROOFTOP_BAR-00667,2,Americano,2,10100.00,20200.00,Standard,,"{""demoLine"": true}"
ROOFTOP_BAR,ORD-ROOFTOP_BAR-00668,1,Seasonal Salad,1,16800.00,16800.00,Standard,,"{""demoLine"": true}"
ROOFTOP_BAR,ORD-ROOFTOP_BAR-00668,2,Chocolate Date Tart,3,26900.00,80700.00,Standard,,"{""demoLine"": true}"
ROOFTOP_BAR,ORD-ROOFTOP_BAR-00668,3,Sesame Chicken Skewers,2,31400.00,62800.00,Standard,,"{""demoLine"": true}"
GARDEN_CAFE,ORD-GARDEN_CAFE-00669,1,Berry Yoghurt Bowl,1,32000.00,32000.00,Standard,,"{""demoLine"": true}"
GARDEN_CAFE,ORD-GARDEN_CAFE-00669,2,Garden Vegetable Pasta,2,33100.00,66200.00,Standard,,"{""demoLine"": true}"
GARDEN_CAFE,ORD-GARDEN_CAFE-00669,3,Mango Passion Juice,2,12900.00,25800.00,Standard,,"{""demoLine"": true}"
GARDEN_CAFE,ORD-GARDEN_CAFE-00669,4,Grilled Chicken Bowl,2,38600.00,77200.00,Standard,,"{""demoLine"": true}"
GARDEN_CAFE,ORD-GARDEN_CAFE-00670,1,Garden Breakfast Plate,3,24000.00,72000.00,Standard,,"{""demoLine"": true}"
GARDEN_CAFE,ORD-GARDEN_CAFE-00670,2,Passion Fruit Cheesecake,2,19300.00,38600.00,Standard,,"{""demoLine"": true}"
GARDEN_CAFE,ORD-GARDEN_CAFE-00670,3,Mint Lime Spritz,3,14700.00,44100.00,Standard,,"{""demoLine"": true}"
EVENTS_KITCHEN,ORD-EVENTS_KITCHEN-00671,1,Ginger Hibiscus Cooler,1,20100.00,20100.00,Standard,,"{""demoLine"": true}"
EVENTS_KITCHEN,ORD-EVENTS_KITCHEN-00671,2,Sesame Chicken Skewers,1,33000.00,33000.00,Standard,,"{""demoLine"": true}"
EVENTS_KITCHEN,ORD-EVENTS_KITCHEN-00671,3,Halloumi Bites,1,30700.00,30700.00,Standard,,"{""demoLine"": true}"
EVENTS_KITCHEN,ORD-EVENTS_KITCHEN-00671,4,Grilled Chicken Bowl,1,49600.00,49600.00,Standard,,"{""demoLine"": true}"
EVENTS_KITCHEN,ORD-EVENTS_KITCHEN-00672,1,Tilapia Lemon Herb,3,56600.00,169800.00,Standard,,"{""demoLine"": true}"
TAPAS_DOWNTOWN,ORD-TAPAS_DOWNTOWN-00673,1,Herb Fries,1,12000.00,12000.00,Standard,,"{""demoLine"": true}"
TAPAS_DOWNTOWN,ORD-TAPAS_DOWNTOWN-00674,1,Americano,2,9000.00,18000.00,Standard,,"{""demoLine"": true}"
TAPAS_DOWNTOWN,ORD-TAPAS_DOWNTOWN-00674,2,Mint Lime Spritz,1,16000.00,16000.00,Standard,,"{""demoLine"": true}"
TAPAS_DOWNTOWN,ORD-TAPAS_DOWNTOWN-00675,1,Passion Fruit Cheesecake,2,21000.00,42000.00,Standard,,"{""demoLine"": true}"
TAPAS_DOWNTOWN,ORD-TAPAS_DOWNTOWN-00675,2,Tilapia Lemon Herb,1,48000.00,48000.00,Standard,,"{""demoLine"": true}"
ROOFTOP_BAR,ORD-ROOFTOP_BAR-00676,1,Cucumber Basil Fizz,1,20000.00,20000.00,Standard,,"{""demoLine"": true}"
ROOFTOP_BAR,ORD-ROOFTOP_BAR-00676,2,Tomato Bruschetta,1,24600.00,24600.00,Standard,,"{""demoLine"": true}"
ROOFTOP_BAR,ORD-ROOFTOP_BAR-00677,1,Mango Passion Juice,3,15700.00,47100.00,Standard,,"{""demoLine"": true}"
ROOFTOP_BAR,ORD-ROOFTOP_BAR-00678,1,Herb Fries,3,13400.00,40200.00,Standard,,"{""demoLine"": true}"
ROOFTOP_BAR,ORD-ROOFTOP_BAR-00678,2,Chocolate Date Tart,3,26900.00,80700.00,Standard,,"{""demoLine"": true}"
GARDEN_CAFE,ORD-GARDEN_CAFE-00679,1,Seasonal Salad,2,13800.00,27600.00,Standard,,"{""demoLine"": true}"
GARDEN_CAFE,ORD-GARDEN_CAFE-00679,2,Mango Passion Juice,1,12900.00,12900.00,Standard,,"{""demoLine"": true}"
GARDEN_CAFE,ORD-GARDEN_CAFE-00680,1,Cafe Latte,3,11000.00,33000.00,Standard,,"{""demoLine"": true}"
GARDEN_CAFE,ORD-GARDEN_CAFE-00681,1,Garden Vegetable Pasta,1,33100.00,33100.00,Standard,,"{""demoLine"": true}"
GARDEN_CAFE,ORD-GARDEN_CAFE-00681,2,Banana Oat Pancakes,3,20000.00,60000.00,Standard,,"{""demoLine"": true}"
GARDEN_CAFE,ORD-GARDEN_CAFE-00681,3,Iced Vanilla Coffee,3,28000.00,84000.00,Standard,,"{""demoLine"": true}"
EVENTS_KITCHEN,ORD-EVENTS_KITCHEN-00682,1,Grilled Chicken Bowl,1,49600.00,49600.00,Standard,,"{""demoLine"": true}"
EVENTS_KITCHEN,ORD-EVENTS_KITCHEN-00682,2,Executive Lunch Box,3,28000.00,84000.00,Standard,,"{""demoLine"": true}"
EVENTS_KITCHEN,ORD-EVENTS_KITCHEN-00683,1,Mint Lime Spritz,1,18900.00,18900.00,Standard,,"{""demoLine"": true}"
EVENTS_KITCHEN,ORD-EVENTS_KITCHEN-00683,2,Herb Fries,1,14200.00,14200.00,Standard,,"{""demoLine"": true}"
EVENTS_KITCHEN,ORD-EVENTS_KITCHEN-00683,3,Garden Vegetable Pasta,1,42500.00,42500.00,Standard,,"{""demoLine"": true}"
EVENTS_KITCHEN,ORD-EVENTS_KITCHEN-00684,1,Spiced Chai,2,13000.00,26000.00,Standard,,"{""demoLine"": true}"
EVENTS_KITCHEN,ORD-EVENTS_KITCHEN-00684,2,Seasonal Salad,3,17700.00,53100.00,Standard,,"{""demoLine"": true}"
EVENTS_KITCHEN,ORD-EVENTS_KITCHEN-00684,3,Garlic Flatbread,3,11800.00,35400.00,Standard,,"{""demoLine"": true}"
TAPAS_DOWNTOWN,ORD-TAPAS_DOWNTOWN-00685,1,Spiced Chai,3,11000.00,33000.00,Standard,,"{""demoLine"": true}"
TAPAS_DOWNTOWN,ORD-TAPAS_DOWNTOWN-00686,1,Ginger Hibiscus Cooler,2,17000.00,34000.00,Standard,,"{""demoLine"": true}"
TAPAS_DOWNTOWN,ORD-TAPAS_DOWNTOWN-00686,2,Crispy Plantain Cups,3,18000.00,54000.00,Standard,,"{""demoLine"": true}"
TAPAS_DOWNTOWN,ORD-TAPAS_DOWNTOWN-00686,3,Chocolate Date Tart,2,24000.00,48000.00,Standard,,"{""demoLine"": true}"
TAPAS_DOWNTOWN,ORD-TAPAS_DOWNTOWN-00686,4,Grilled Chicken Bowl,2,42000.00,84000.00,Standard,,"{""demoLine"": true}"
TAPAS_DOWNTOWN,ORD-TAPAS_DOWNTOWN-00687,1,Halloumi Bites,1,26000.00,26000.00,Standard,,"{""demoLine"": true}"
TAPAS_DOWNTOWN,ORD-TAPAS_DOWNTOWN-00687,2,Tomato Bruschetta,3,22000.00,66000.00,Standard,,"{""demoLine"": true}"
TAPAS_DOWNTOWN,ORD-TAPAS_DOWNTOWN-00687,3,Seasonal Salad,3,15000.00,45000.00,Standard,,"{""demoLine"": true}"
TAPAS_DOWNTOWN,ORD-TAPAS_DOWNTOWN-00688,1,Matoke Croquettes,2,32000.00,64000.00,Standard,,"{""demoLine"": true}"
TAPAS_DOWNTOWN,ORD-TAPAS_DOWNTOWN-00688,2,Tomato Bruschetta,2,22000.00,44000.00,Standard,,"{""demoLine"": true}"
TAPAS_DOWNTOWN,ORD-TAPAS_DOWNTOWN-00688,3,Charred Octopus Style Mushroom,1,20000.00,20000.00,Standard,,"{""demoLine"": true}"
ROOFTOP_BAR,ORD-ROOFTOP_BAR-00689,1,Spiced Chai,1,12300.00,12300.00,Standard,,"{""demoLine"": true}"
ROOFTOP_BAR,ORD-ROOFTOP_BAR-00689,2,Tilapia Lemon Herb,2,53800.00,107600.00,Standard,,"{""demoLine"": true}"
ROOFTOP_BAR,ORD-ROOFTOP_BAR-00690,1,Tilapia Lemon Herb,1,53800.00,53800.00,Standard,,"{""demoLine"": true}"
ROOFTOP_BAR,ORD-ROOFTOP_BAR-00691,1,Cucumber Basil Fizz,3,20000.00,60000.00,Standard,,"{""demoLine"": true}"
ROOFTOP_BAR,ORD-ROOFTOP_BAR-00691,2,Crispy Plantain Cups,1,20200.00,20200.00,Standard,,"{""demoLine"": true}"
ROOFTOP_BAR,ORD-ROOFTOP_BAR-00691,3,Passion Fruit Cheesecake,1,23500.00,23500.00,Standard,,"{""demoLine"": true}"
ROOFTOP_BAR,ORD-ROOFTOP_BAR-00692,1,Seasonal Salad,1,16800.00,16800.00,Standard,,"{""demoLine"": true}"
ROOFTOP_BAR,ORD-ROOFTOP_BAR-00692,2,Cranberry Lime Nojito,3,28000.00,84000.00,Standard,,"{""demoLine"": true}"
ROOFTOP_BAR,ORD-ROOFTOP_BAR-00692,3,Rosemary Tonic Highball,3,24000.00,72000.00,Standard,,"{""demoLine"": true}"
ROOFTOP_BAR,ORD-ROOFTOP_BAR-00692,4,Garlic Flatbread,2,11200.00,22400.00,Standard,,"{""demoLine"": true}"
GARDEN_CAFE,ORD-GARDEN_CAFE-00693,1,Mint Lime Spritz,2,14700.00,29400.00,Standard,,"{""demoLine"": true}"
GARDEN_CAFE,ORD-GARDEN_CAFE-00693,2,Grilled Chicken Bowl,2,38600.00,77200.00,Standard,,"{""demoLine"": true}"
GARDEN_CAFE,ORD-GARDEN_CAFE-00694,1,Garlic Flatbread,1,9200.00,9200.00,Standard,,"{""demoLine"": true}"
GARDEN_CAFE,ORD-GARDEN_CAFE-00694,2,Herb Fries,3,11000.00,33000.00,Standard,,"{""demoLine"": true}"
GARDEN_CAFE,ORD-GARDEN_CAFE-00694,3,Spiced Chai,2,10100.00,20200.00,Standard,,"{""demoLine"": true}"
GARDEN_CAFE,ORD-GARDEN_CAFE-00694,4,Sesame Chicken Skewers,1,25800.00,25800.00,Standard,,"{""demoLine"": true}"
GARDEN_CAFE,ORD-GARDEN_CAFE-00695,1,Herb Fries,3,11000.00,33000.00,Standard,,"{""demoLine"": true}"
GARDEN_CAFE,ORD-GARDEN_CAFE-00695,2,Banana Oat Pancakes,3,20000.00,60000.00,Standard,,"{""demoLine"": true}"
GARDEN_CAFE,ORD-GARDEN_CAFE-00695,3,Seasonal Salad,2,13800.00,27600.00,Standard,,"{""demoLine"": true}"
GARDEN_CAFE,ORD-GARDEN_CAFE-00695,4,Mint Lime Spritz,3,14700.00,44100.00,Standard,,"{""demoLine"": true}"
GARDEN_CAFE,ORD-GARDEN_CAFE-00696,1,Garden Breakfast Plate,3,24000.00,72000.00,Standard,,"{""demoLine"": true}"
GARDEN_CAFE,ORD-GARDEN_CAFE-00696,2,Sesame Chicken Skewers,2,25800.00,51600.00,Standard,,"{""demoLine"": true}"
GARDEN_CAFE,ORD-GARDEN_CAFE-00696,3,Halloumi Bites,3,23900.00,71700.00,Standard,,"{""demoLine"": true}"
GARDEN_CAFE,ORD-GARDEN_CAFE-00696,4,Berry Yoghurt Bowl,2,32000.00,64000.00,Standard,,"{""demoLine"": true}"
EVENTS_KITCHEN,ORD-EVENTS_KITCHEN-00697,1,Banquet Mezze Platter,3,112100.00,336300.00,Standard,,"{""demoLine"": true}"
EVENTS_KITCHEN,ORD-EVENTS_KITCHEN-00697,2,Garden Vegetable Pasta,3,42500.00,127500.00,Standard,,"{""demoLine"": true}"
EVENTS_KITCHEN,ORD-EVENTS_KITCHEN-00697,3,Cafe Latte,1,14200.00,14200.00,Standard,,"{""demoLine"": true}"
EVENTS_KITCHEN,ORD-EVENTS_KITCHEN-00698,1,Passion Fruit Cheesecake,1,24800.00,24800.00,Standard,,"{""demoLine"": true}"
EVENTS_KITCHEN,ORD-EVENTS_KITCHEN-00698,2,Halloumi Bites,1,30700.00,30700.00,Standard,,"{""demoLine"": true}"
EVENTS_KITCHEN,ORD-EVENTS_KITCHEN-00698,3,Corporate Snack Board,3,92000.00,276000.00,Standard,,"{""demoLine"": true}"
EVENTS_KITCHEN,ORD-EVENTS_KITCHEN-00698,4,Herb Fries,2,14200.00,28400.00,Standard,,"{""demoLine"": true}"
EVENTS_KITCHEN,ORD-EVENTS_KITCHEN-00699,1,Tomato Bruschetta,1,26000.00,26000.00,Standard,,"{""demoLine"": true}"
EVENTS_KITCHEN,ORD-EVENTS_KITCHEN-00699,2,Tilapia Lemon Herb,2,56600.00,113200.00,Standard,,"{""demoLine"": true}"
EVENTS_KITCHEN,ORD-EVENTS_KITCHEN-00699,3,Banquet Chicken Tray,1,24000.00,24000.00,Standard,,"{""demoLine"": true}"
EVENTS_KITCHEN,ORD-EVENTS_KITCHEN-00699,4,Chocolate Date Tart,2,28300.00,56600.00,Standard,,"{""demoLine"": true}"
EVENTS_KITCHEN,ORD-EVENTS_KITCHEN-00700,1,Grilled Chicken Bowl,3,49600.00,148800.00,Standard,,"{""demoLine"": true}"
TAPAS_DOWNTOWN,ORD-TAPAS_DOWNTOWN-00701,1,Mushroom Risotto,3,38000.00,114000.00,Standard,,"{""demoLine"": true}"
TAPAS_DOWNTOWN,ORD-TAPAS_DOWNTOWN-00701,2,Matoke Croquettes,3,32000.00,96000.00,Standard,,"{""demoLine"": true}"
TAPAS_DOWNTOWN,ORD-TAPAS_DOWNTOWN-00702,1,Citrus Greens Bowl,3,28000.00,84000.00,Standard,,"{""demoLine"": true}"
TAPAS_DOWNTOWN,ORD-TAPAS_DOWNTOWN-00702,2,Halloumi Bites,1,26000.00,26000.00,Standard,,"{""demoLine"": true}"
TAPAS_DOWNTOWN,ORD-TAPAS_DOWNTOWN-00702,3,Crispy Plantain Cups,2,18000.00,36000.00,Standard,,"{""demoLine"": true}"
TAPAS_DOWNTOWN,ORD-TAPAS_DOWNTOWN-00703,1,Seasonal Salad,2,15000.00,30000.00,Standard,,"{""demoLine"": true}"
TAPAS_DOWNTOWN,ORD-TAPAS_DOWNTOWN-00704,1,Chocolate Date Tart,2,24000.00,48000.00,Standard,,"{""demoLine"": true}"
TAPAS_DOWNTOWN,ORD-TAPAS_DOWNTOWN-00705,1,Chocolate Date Tart,2,24000.00,48000.00,Standard,,"{""demoLine"": true}"
TAPAS_DOWNTOWN,ORD-TAPAS_DOWNTOWN-00705,2,Smoked Eggplant Dip,1,16000.00,16000.00,Standard,,"{""demoLine"": true}"
ROOFTOP_BAR,ORD-ROOFTOP_BAR-00706,1,Sesame Chicken Skewers,2,31400.00,62800.00,Standard,,"{""demoLine"": true}"
ROOFTOP_BAR,ORD-ROOFTOP_BAR-00706,2,Crispy Plantain Cups,3,20200.00,60600.00,Standard,,"{""demoLine"": true}"
ROOFTOP_BAR,ORD-ROOFTOP_BAR-00706,3,Cucumber Basil Fizz,1,20000.00,20000.00,Standard,,"{""demoLine"": true}"
ROOFTOP_BAR,ORD-ROOFTOP_BAR-00707,1,Chocolate Date Tart,2,26900.00,53800.00,Standard,,"{""demoLine"": true}"
ROOFTOP_BAR,ORD-ROOFTOP_BAR-00708,1,Cafe Latte,2,13400.00,26800.00,Standard,,"{""demoLine"": true}"
ROOFTOP_BAR,ORD-ROOFTOP_BAR-00708,2,Americano,3,10100.00,30300.00,Standard,,"{""demoLine"": true}"
ROOFTOP_BAR,ORD-ROOFTOP_BAR-00708,3,Tomato Bruschetta,2,24600.00,49200.00,Standard,,"{""demoLine"": true}"
ROOFTOP_BAR,ORD-ROOFTOP_BAR-00708,4,Rosemary Tonic Highball,3,24000.00,72000.00,Standard,,"{""demoLine"": true}"
ROOFTOP_BAR,ORD-ROOFTOP_BAR-00709,1,Sesame Chicken Skewers,1,31400.00,31400.00,Standard,,"{""demoLine"": true}"
ROOFTOP_BAR,ORD-ROOFTOP_BAR-00709,2,Mint Lime Sky Spritz,2,17900.00,35800.00,Standard,,"{""demoLine"": true}"
ROOFTOP_BAR,ORD-ROOFTOP_BAR-00710,1,Tilapia Lemon Herb,3,53800.00,161400.00,Standard,,"{""demoLine"": true}"
ROOFTOP_BAR,ORD-ROOFTOP_BAR-00710,2,Night Market Fries,2,32000.00,64000.00,Standard,,"{""demoLine"": true}"
ROOFTOP_BAR,ORD-ROOFTOP_BAR-00710,3,Ginger Hibiscus Rooftop Cooler,1,19000.00,19000.00,Standard,,"{""demoLine"": true}"
GARDEN_CAFE,ORD-GARDEN_CAFE-00711,1,Tomato Bruschetta,3,20200.00,60600.00,Standard,,"{""demoLine"": true}"
GARDEN_CAFE,ORD-GARDEN_CAFE-00711,2,Mushroom Risotto,2,35000.00,70000.00,Standard,,"{""demoLine"": true}"
GARDEN_CAFE,ORD-GARDEN_CAFE-00711,3,Crispy Plantain Cups,1,16600.00,16600.00,Standard,,"{""demoLine"": true}"
GARDEN_CAFE,ORD-GARDEN_CAFE-00711,4,Chocolate Date Tart,3,22100.00,66300.00,Standard,,"{""demoLine"": true}"
GARDEN_CAFE,ORD-GARDEN_CAFE-00712,1,Garlic Flatbread,1,9200.00,9200.00,Standard,,"{""demoLine"": true}"
GARDEN_CAFE,ORD-GARDEN_CAFE-00712,2,Garden Breakfast Plate,1,24000.00,24000.00,Standard,,"{""demoLine"": true}"
GARDEN_CAFE,ORD-GARDEN_CAFE-00712,3,Halloumi Bites,1,23900.00,23900.00,Standard,,"{""demoLine"": true}"
GARDEN_CAFE,ORD-GARDEN_CAFE-00712,4,Seasonal Salad,3,13800.00,41400.00,Standard,,"{""demoLine"": true}"
GARDEN_CAFE,ORD-GARDEN_CAFE-00713,1,Tomato Bruschetta,1,20200.00,20200.00,Standard,,"{""demoLine"": true}"
GARDEN_CAFE,ORD-GARDEN_CAFE-00713,2,Chocolate Date Tart,3,22100.00,66300.00,Standard,,"{""demoLine"": true}"
GARDEN_CAFE,ORD-GARDEN_CAFE-00713,3,Spiced Chai,2,10100.00,20200.00,Standard,,"{""demoLine"": true}"
GARDEN_CAFE,ORD-GARDEN_CAFE-00714,1,Crispy Plantain Cups,1,16600.00,16600.00,Standard,,"{""demoLine"": true}"
GARDEN_CAFE,ORD-GARDEN_CAFE-00714,2,Berry Yoghurt Bowl,1,32000.00,32000.00,Standard,,"{""demoLine"": true}"
GARDEN_CAFE,ORD-GARDEN_CAFE-00715,1,Sesame Chicken Skewers,2,25800.00,51600.00,Standard,,"{""demoLine"": true}"
GARDEN_CAFE,ORD-GARDEN_CAFE-00715,2,Seasonal Salad,2,13800.00,27600.00,Standard,,"{""demoLine"": true}"
GARDEN_CAFE,ORD-GARDEN_CAFE-00715,3,Tilapia Lemon Herb,1,44200.00,44200.00,Standard,,"{""demoLine"": true}"
GARDEN_CAFE,ORD-GARDEN_CAFE-00715,4,Garlic Flatbread,3,9200.00,27600.00,Standard,,"{""demoLine"": true}"
EVENTS_KITCHEN,ORD-EVENTS_KITCHEN-00716,1,Garlic Flatbread,3,11800.00,35400.00,Standard,,"{""demoLine"": true}"
EVENTS_KITCHEN,ORD-EVENTS_KITCHEN-00716,2,Sesame Chicken Skewers,1,33000.00,33000.00,Standard,,"{""demoLine"": true}"
EVENTS_KITCHEN,ORD-EVENTS_KITCHEN-00717,1,Mini Dessert Flight,3,36000.00,108000.00,Standard,,"{""demoLine"": true}"
EVENTS_KITCHEN,ORD-EVENTS_KITCHEN-00718,1,Mint Lime Spritz,3,18900.00,56700.00,Standard,,"{""demoLine"": true}"
EVENTS_KITCHEN,ORD-EVENTS_KITCHEN-00718,2,Banquet Chicken Tray,1,24000.00,24000.00,Standard,,"{""demoLine"": true}"
EVENTS_KITCHEN,ORD-EVENTS_KITCHEN-00718,3,Mango Passion Juice,3,16500.00,49500.00,Standard,,"{""demoLine"": true}"
EVENTS_KITCHEN,ORD-EVENTS_KITCHEN-00718,4,Cafe Latte,3,14200.00,42600.00,Standard,,"{""demoLine"": true}"
EVENTS_KITCHEN,ORD-EVENTS_KITCHEN-00719,1,Halloumi Bites,2,30700.00,61400.00,Standard,,"{""demoLine"": true}"
EVENTS_KITCHEN,ORD-EVENTS_KITCHEN-00719,2,Seasonal Salad,1,17700.00,17700.00,Standard,,"{""demoLine"": true}"
EVENTS_KITCHEN,ORD-EVENTS_KITCHEN-00719,3,Vegetable Lasagna Pan,3,32000.00,96000.00,Standard,,"{""demoLine"": true}"
EVENTS_KITCHEN,ORD-EVENTS_KITCHEN-00719,4,Conference Tea Service,3,40000.00,120000.00,Standard,,"{""demoLine"": true}"
EVENTS_KITCHEN,ORD-EVENTS_KITCHEN-00720,1,Tomato Bruschetta,2,26000.00,52000.00,Standard,,"{""demoLine"": true}"
TAPAS_DOWNTOWN,ORD-TAPAS_DOWNTOWN-00721,1,Chicken Empanada Trio,1,24000.00,24000.00,Standard,,"{""demoLine"": true}"
TAPAS_DOWNTOWN,ORD-TAPAS_DOWNTOWN-00721,2,Citrus Greens Bowl,1,28000.00,28000.00,Standard,,"{""demoLine"": true}"
TAPAS_DOWNTOWN,ORD-TAPAS_DOWNTOWN-00721,3,Cafe Latte,3,12000.00,36000.00,Standard,,"{""demoLine"": true}"
TAPAS_DOWNTOWN,ORD-TAPAS_DOWNTOWN-00721,4,Sesame Chicken Skewers,2,28000.00,56000.00,Standard,,"{""demoLine"": true}"
ROOFTOP_BAR,ORD-ROOFTOP_BAR-00722,1,Rosemary Tonic Highball,1,24000.00,24000.00,Standard,,"{""demoLine"": true}"
ROOFTOP_BAR,ORD-ROOFTOP_BAR-00722,2,Sesame Chicken Skewers,1,31400.00,31400.00,Standard,,"{""demoLine"": true}"
ROOFTOP_BAR,ORD-ROOFTOP_BAR-00722,3,Spiced Chai,3,12300.00,36900.00,Standard,,"{""demoLine"": true}"
GARDEN_CAFE,ORD-GARDEN_CAFE-00723,1,Passion Fruit Cheesecake,2,19300.00,38600.00,Standard,,"{""demoLine"": true}"
GARDEN_CAFE,ORD-GARDEN_CAFE-00723,2,Avocado Toast Stack,3,16000.00,48000.00,Standard,,"{""demoLine"": true}"
GARDEN_CAFE,ORD-GARDEN_CAFE-00723,3,Seasonal Salad,1,13800.00,13800.00,Standard,,"{""demoLine"": true}"
GARDEN_CAFE,ORD-GARDEN_CAFE-00723,4,Banana Oat Pancakes,2,20000.00,40000.00,Standard,,"{""demoLine"": true}"
EVENTS_KITCHEN,ORD-EVENTS_KITCHEN-00724,1,Ginger Hibiscus Cooler,3,20100.00,60300.00,Standard,,"{""demoLine"": true}"
EVENTS_KITCHEN,ORD-EVENTS_KITCHEN-00724,2,Mango Passion Juice,3,16500.00,49500.00,Standard,,"{""demoLine"": true}"
EVENTS_KITCHEN,ORD-EVENTS_KITCHEN-00724,3,Seasonal Salad,1,17700.00,17700.00,Standard,,"{""demoLine"": true}"
TAPAS_DOWNTOWN,ORD-TAPAS_DOWNTOWN-00725,1,Garlic Flatbread,1,10000.00,10000.00,Standard,,"{""demoLine"": true}"
TAPAS_DOWNTOWN,ORD-TAPAS_DOWNTOWN-00725,2,Tilapia Lemon Herb,3,48000.00,144000.00,Standard,,"{""demoLine"": true}"
TAPAS_DOWNTOWN,ORD-TAPAS_DOWNTOWN-00725,3,Beef Fillet Plate,1,56000.00,56000.00,Standard,,"{""demoLine"": true}"
TAPAS_DOWNTOWN,ORD-TAPAS_DOWNTOWN-00726,1,Crispy Plantain Cups,2,18000.00,36000.00,Standard,,"{""demoLine"": true}"
ROOFTOP_BAR,ORD-ROOFTOP_BAR-00727,1,Halloumi Bites,1,29100.00,29100.00,Standard,,"{""demoLine"": true}"
ROOFTOP_BAR,ORD-ROOFTOP_BAR-00727,2,Seasonal Salad,3,16800.00,50400.00,Standard,,"{""demoLine"": true}"
ROOFTOP_BAR,ORD-ROOFTOP_BAR-00728,1,Skyline Mezze Cups,2,16000.00,32000.00,Standard,,"{""demoLine"": true}"
GARDEN_CAFE,ORD-GARDEN_CAFE-00729,1,Halloumi Bites,2,23900.00,47800.00,Standard,,"{""demoLine"": true}"
GARDEN_CAFE,ORD-GARDEN_CAFE-00729,2,Crispy Plantain Cups,1,16600.00,16600.00,Standard,,"{""demoLine"": true}"
GARDEN_CAFE,ORD-GARDEN_CAFE-00729,3,Herb Fries,2,11000.00,22000.00,Standard,,"{""demoLine"": true}"
GARDEN_CAFE,ORD-GARDEN_CAFE-00729,4,Garlic Flatbread,1,9200.00,9200.00,Standard,,"{""demoLine"": true}"
GARDEN_CAFE,ORD-GARDEN_CAFE-00730,1,Cafe Latte,2,11000.00,22000.00,Standard,,"{""demoLine"": true}"
GARDEN_CAFE,ORD-GARDEN_CAFE-00730,2,Mango Passion Juice,1,12900.00,12900.00,Standard,,"{""demoLine"": true}"
GARDEN_CAFE,ORD-GARDEN_CAFE-00730,3,Garlic Flatbread,1,9200.00,9200.00,Standard,,"{""demoLine"": true}"
GARDEN_CAFE,ORD-GARDEN_CAFE-00730,4,Berry Yoghurt Bowl,3,32000.00,96000.00,Standard,,"{""demoLine"": true}"
EVENTS_KITCHEN,ORD-EVENTS_KITCHEN-00731,1,Corporate Snack Board,2,92000.00,184000.00,Standard,,"{""demoLine"": true}"
EVENTS_KITCHEN,ORD-EVENTS_KITCHEN-00731,2,Chocolate Date Tart,1,28300.00,28300.00,Standard,,"{""demoLine"": true}"
EVENTS_KITCHEN,ORD-EVENTS_KITCHEN-00732,1,Corporate Snack Board,3,92000.00,276000.00,Standard,,"{""demoLine"": true}"
TAPAS_DOWNTOWN,ORD-TAPAS_DOWNTOWN-00733,1,Mango Passion Juice,2,14000.00,28000.00,Standard,,"{""demoLine"": true}"
TAPAS_DOWNTOWN,ORD-TAPAS_DOWNTOWN-00733,2,Sesame Chicken Skewers,3,28000.00,84000.00,Standard,,"{""demoLine"": true}"
TAPAS_DOWNTOWN,ORD-TAPAS_DOWNTOWN-00733,3,Citrus Greens Bowl,2,28000.00,56000.00,Standard,,"{""demoLine"": true}"
TAPAS_DOWNTOWN,ORD-TAPAS_DOWNTOWN-00734,1,Sesame Chicken Skewers,2,28000.00,56000.00,Standard,,"{""demoLine"": true}"
TAPAS_DOWNTOWN,ORD-TAPAS_DOWNTOWN-00734,2,Tilapia Lemon Herb,2,48000.00,96000.00,Standard,,"{""demoLine"": true}"
TAPAS_DOWNTOWN,ORD-TAPAS_DOWNTOWN-00735,1,Halloumi Bites,2,26000.00,52000.00,Standard,,"{""demoLine"": true}"
ROOFTOP_BAR,ORD-ROOFTOP_BAR-00736,1,Herb Fries,3,13400.00,40200.00,Standard,,"{""demoLine"": true}"
ROOFTOP_BAR,ORD-ROOFTOP_BAR-00736,2,Passion Fruit Cheesecake,3,23500.00,70500.00,Standard,,"{""demoLine"": true}"
ROOFTOP_BAR,ORD-ROOFTOP_BAR-00736,3,Tilapia Lemon Herb,1,53800.00,53800.00,Standard,,"{""demoLine"": true}"
ROOFTOP_BAR,ORD-ROOFTOP_BAR-00737,1,Tilapia Lemon Herb,1,53800.00,53800.00,Standard,,"{""demoLine"": true}"
ROOFTOP_BAR,ORD-ROOFTOP_BAR-00738,1,Garden Vegetable Pasta,1,40300.00,40300.00,Standard,,"{""demoLine"": true}"
ROOFTOP_BAR,ORD-ROOFTOP_BAR-00738,2,Americano,3,10100.00,30300.00,Standard,,"{""demoLine"": true}"
ROOFTOP_BAR,ORD-ROOFTOP_BAR-00738,3,Cafe Latte,3,13400.00,40200.00,Standard,,"{""demoLine"": true}"
ROOFTOP_BAR,ORD-ROOFTOP_BAR-00738,4,Sesame Chicken Skewers,3,31400.00,94200.00,Standard,,"{""demoLine"": true}"
GARDEN_CAFE,ORD-GARDEN_CAFE-00739,1,Mango Passion Juice,3,12900.00,38700.00,Standard,,"{""demoLine"": true}"
GARDEN_CAFE,ORD-GARDEN_CAFE-00739,2,Cafe Latte,1,11000.00,11000.00,Standard,,"{""demoLine"": true}"
GARDEN_CAFE,ORD-GARDEN_CAFE-00740,1,Americano,3,8300.00,24900.00,Standard,,"{""demoLine"": true}"
GARDEN_CAFE,ORD-GARDEN_CAFE-00740,2,Spiced Chai,2,10100.00,20200.00,Standard,,"{""demoLine"": true}"
GARDEN_CAFE,ORD-GARDEN_CAFE-00740,3,Ginger Hibiscus Cooler,3,15600.00,46800.00,Standard,,"{""demoLine"": true}"
GARDEN_CAFE,ORD-GARDEN_CAFE-00741,1,Americano,3,8300.00,24900.00,Standard,,"{""demoLine"": true}"
EVENTS_KITCHEN,ORD-EVENTS_KITCHEN-00742,1,Herb Fries,3,14200.00,42600.00,Standard,,"{""demoLine"": true}"
EVENTS_KITCHEN,ORD-EVENTS_KITCHEN-00742,2,Mushroom Risotto,3,44800.00,134400.00,Standard,,"{""demoLine"": true}"
EVENTS_KITCHEN,ORD-EVENTS_KITCHEN-00742,3,Beef Fillet Plate,2,66100.00,132200.00,Standard,,"{""demoLine"": true}"
EVENTS_KITCHEN,ORD-EVENTS_KITCHEN-00742,4,Executive Lunch Box,3,28000.00,84000.00,Standard,,"{""demoLine"": true}"
EVENTS_KITCHEN,ORD-EVENTS_KITCHEN-00743,1,Banquet Mezze Platter,3,112100.00,336300.00,Standard,,"{""demoLine"": true}"
EVENTS_KITCHEN,ORD-EVENTS_KITCHEN-00743,2,Spiced Chai,2,13000.00,26000.00,Standard,,"{""demoLine"": true}"
EVENTS_KITCHEN,ORD-EVENTS_KITCHEN-00744,1,Executive Lunch Box,1,28000.00,28000.00,Standard,,"{""demoLine"": true}"
EVENTS_KITCHEN,ORD-EVENTS_KITCHEN-00744,2,Chocolate Date Tart,2,28300.00,56600.00,Standard,,"{""demoLine"": true}"
EVENTS_KITCHEN,ORD-EVENTS_KITCHEN-00744,3,Americano,3,10600.00,31800.00,Standard,,"{""demoLine"": true}"
TAPAS_DOWNTOWN,ORD-TAPAS_DOWNTOWN-00745,1,Chocolate Date Tart,1,24000.00,24000.00,Standard,,"{""demoLine"": true}"
TAPAS_DOWNTOWN,ORD-TAPAS_DOWNTOWN-00745,2,Cafe Latte,2,12000.00,24000.00,Standard,,"{""demoLine"": true}"
TAPAS_DOWNTOWN,ORD-TAPAS_DOWNTOWN-00745,3,Halloumi Bites,2,26000.00,52000.00,Standard,,"{""demoLine"": true}"
TAPAS_DOWNTOWN,ORD-TAPAS_DOWNTOWN-00746,1,Cafe Latte,1,12000.00,12000.00,Standard,,"{""demoLine"": true}"
TAPAS_DOWNTOWN,ORD-TAPAS_DOWNTOWN-00746,2,Sesame Chicken Skewers,3,28000.00,84000.00,Standard,,"{""demoLine"": true}"
TAPAS_DOWNTOWN,ORD-TAPAS_DOWNTOWN-00746,3,Crispy Plantain Cups,1,18000.00,18000.00,Standard,,"{""demoLine"": true}"
TAPAS_DOWNTOWN,ORD-TAPAS_DOWNTOWN-00746,4,Garlic Flatbread,3,10000.00,30000.00,Standard,,"{""demoLine"": true}"
TAPAS_DOWNTOWN,ORD-TAPAS_DOWNTOWN-00747,1,Tomato Bruschetta,2,22000.00,44000.00,Standard,,"{""demoLine"": true}"
TAPAS_DOWNTOWN,ORD-TAPAS_DOWNTOWN-00747,2,Tilapia Lemon Herb,2,48000.00,96000.00,Standard,,"{""demoLine"": true}"
TAPAS_DOWNTOWN,ORD-TAPAS_DOWNTOWN-00748,1,Citrus Greens Bowl,2,28000.00,56000.00,Standard,,"{""demoLine"": true}"
ROOFTOP_BAR,ORD-ROOFTOP_BAR-00749,1,Cafe Latte,2,13400.00,26800.00,Standard,,"{""demoLine"": true}"
ROOFTOP_BAR,ORD-ROOFTOP_BAR-00750,1,Cranberry Lime Nojito,2,28000.00,56000.00,Standard,,"{""demoLine"": true}"
ROOFTOP_BAR,ORD-ROOFTOP_BAR-00750,2,Tomato Bruschetta,3,24600.00,73800.00,Standard,,"{""demoLine"": true}"
ROOFTOP_BAR,ORD-ROOFTOP_BAR-00750,3,Cucumber Basil Fizz,3,20000.00,60000.00,Standard,,"{""demoLine"": true}"
ROOFTOP_BAR,ORD-ROOFTOP_BAR-00751,1,Sesame Chicken Skewers,3,31400.00,94200.00,Standard,,"{""demoLine"": true}"
ROOFTOP_BAR,ORD-ROOFTOP_BAR-00751,2,Cafe Latte,2,13400.00,26800.00,Standard,,"{""demoLine"": true}"
ROOFTOP_BAR,ORD-ROOFTOP_BAR-00751,3,Americano,2,10100.00,20200.00,Standard,,"{""demoLine"": true}"
ROOFTOP_BAR,ORD-ROOFTOP_BAR-00751,4,Spiced Chai,1,12300.00,12300.00,Standard,,"{""demoLine"": true}"
ROOFTOP_BAR,ORD-ROOFTOP_BAR-00752,1,Ginger Hibiscus Rooftop Cooler,1,19000.00,19000.00,Standard,,"{""demoLine"": true}"
GARDEN_CAFE,ORD-GARDEN_CAFE-00753,1,Berry Yoghurt Bowl,3,32000.00,96000.00,Standard,,"{""demoLine"": true}"
GARDEN_CAFE,ORD-GARDEN_CAFE-00753,2,Garlic Flatbread,2,9200.00,18400.00,Standard,,"{""demoLine"": true}"
GARDEN_CAFE,ORD-GARDEN_CAFE-00753,3,Mango Passion Juice,1,12900.00,12900.00,Standard,,"{""demoLine"": true}"
GARDEN_CAFE,ORD-GARDEN_CAFE-00754,1,Herb Fries,1,11000.00,11000.00,Standard,,"{""demoLine"": true}"
GARDEN_CAFE,ORD-GARDEN_CAFE-00754,2,Passion Fruit Cheesecake,3,19300.00,57900.00,Standard,,"{""demoLine"": true}"
GARDEN_CAFE,ORD-GARDEN_CAFE-00754,3,Garlic Flatbread,1,9200.00,9200.00,Standard,,"{""demoLine"": true}"
GARDEN_CAFE,ORD-GARDEN_CAFE-00755,1,Sesame Chicken Skewers,3,25800.00,77400.00,Standard,,"{""demoLine"": true}"
GARDEN_CAFE,ORD-GARDEN_CAFE-00755,2,Garlic Flatbread,2,9200.00,18400.00,Standard,,"{""demoLine"": true}"
GARDEN_CAFE,ORD-GARDEN_CAFE-00755,3,Berry Yoghurt Bowl,2,32000.00,64000.00,Standard,,"{""demoLine"": true}"
GARDEN_CAFE,ORD-GARDEN_CAFE-00756,1,Passion Fruit Cheesecake,2,19300.00,38600.00,Standard,,"{""demoLine"": true}"
GARDEN_CAFE,ORD-GARDEN_CAFE-00756,2,Americano,3,8300.00,24900.00,Standard,,"{""demoLine"": true}"
GARDEN_CAFE,ORD-GARDEN_CAFE-00756,3,Mint Lime Spritz,3,14700.00,44100.00,Standard,,"{""demoLine"": true}"
GARDEN_CAFE,ORD-GARDEN_CAFE-00756,4,Berry Yoghurt Bowl,2,32000.00,64000.00,Standard,,"{""demoLine"": true}"
EVENTS_KITCHEN,ORD-EVENTS_KITCHEN-00757,1,Americano,2,10600.00,21200.00,Standard,,"{""demoLine"": true}"
EVENTS_KITCHEN,ORD-EVENTS_KITCHEN-00757,2,Chocolate Date Tart,1,28300.00,28300.00,Standard,,"{""demoLine"": true}"
EVENTS_KITCHEN,ORD-EVENTS_KITCHEN-00757,3,Garlic Flatbread,3,11800.00,35400.00,Standard,,"{""demoLine"": true}"
EVENTS_KITCHEN,ORD-EVENTS_KITCHEN-00757,4,Mango Passion Juice,1,16500.00,16500.00,Standard,,"{""demoLine"": true}"
EVENTS_KITCHEN,ORD-EVENTS_KITCHEN-00758,1,Tomato Bruschetta,1,26000.00,26000.00,Standard,,"{""demoLine"": true}"
EVENTS_KITCHEN,ORD-EVENTS_KITCHEN-00758,2,Conference Tea Service,3,40000.00,120000.00,Standard,,"{""demoLine"": true}"
EVENTS_KITCHEN,ORD-EVENTS_KITCHEN-00758,3,Garden Vegetable Pasta,3,42500.00,127500.00,Standard,,"{""demoLine"": true}"
EVENTS_KITCHEN,ORD-EVENTS_KITCHEN-00758,4,Passion Fruit Cheesecake,3,24800.00,74400.00,Standard,,"{""demoLine"": true}"
EVENTS_KITCHEN,ORD-EVENTS_KITCHEN-00759,1,Chocolate Date Tart,2,28300.00,56600.00,Standard,,"{""demoLine"": true}"
EVENTS_KITCHEN,ORD-EVENTS_KITCHEN-00759,2,Cafe Latte,1,14200.00,14200.00,Standard,,"{""demoLine"": true}"
EVENTS_KITCHEN,ORD-EVENTS_KITCHEN-00759,3,Mango Passion Juice,2,16500.00,33000.00,Standard,,"{""demoLine"": true}"
EVENTS_KITCHEN,ORD-EVENTS_KITCHEN-00759,4,Garlic Flatbread,3,11800.00,35400.00,Standard,,"{""demoLine"": true}"
EVENTS_KITCHEN,ORD-EVENTS_KITCHEN-00760,1,Banquet Chicken Tray,3,24000.00,72000.00,Standard,,"{""demoLine"": true}"
EVENTS_KITCHEN,ORD-EVENTS_KITCHEN-00760,2,Tomato Bruschetta,2,26000.00,52000.00,Standard,,"{""demoLine"": true}"
EVENTS_KITCHEN,ORD-EVENTS_KITCHEN-00760,3,Conference Tea Service,3,40000.00,120000.00,Standard,,"{""demoLine"": true}"
EVENTS_KITCHEN,ORD-EVENTS_KITCHEN-00760,4,Grilled Chicken Bowl,1,49600.00,49600.00,Standard,,"{""demoLine"": true}"
TAPAS_DOWNTOWN,ORD-TAPAS_DOWNTOWN-00761,1,Grilled Chicken Bowl,2,42000.00,84000.00,Standard,,"{""demoLine"": true}"
TAPAS_DOWNTOWN,ORD-TAPAS_DOWNTOWN-00761,2,Mint Lime Spritz,3,16000.00,48000.00,Standard,,"{""demoLine"": true}"
TAPAS_DOWNTOWN,ORD-TAPAS_DOWNTOWN-00762,1,Seasonal Salad,1,15000.00,15000.00,Standard,,"{""demoLine"": true}"
TAPAS_DOWNTOWN,ORD-TAPAS_DOWNTOWN-00762,2,Mango Passion Juice,3,14000.00,42000.00,Standard,,"{""demoLine"": true}"
TAPAS_DOWNTOWN,ORD-TAPAS_DOWNTOWN-00763,1,Smoked Eggplant Dip,1,16000.00,16000.00,Standard,,"{""demoLine"": true}"
TAPAS_DOWNTOWN,ORD-TAPAS_DOWNTOWN-00763,2,Herb Fries,3,12000.00,36000.00,Standard,,"{""demoLine"": true}"
TAPAS_DOWNTOWN,ORD-TAPAS_DOWNTOWN-00764,1,Beef Fillet Plate,3,56000.00,168000.00,Standard,,"{""demoLine"": true}"
TAPAS_DOWNTOWN,ORD-TAPAS_DOWNTOWN-00765,1,Beef Fillet Plate,1,56000.00,56000.00,Standard,,"{""demoLine"": true}"
TAPAS_DOWNTOWN,ORD-TAPAS_DOWNTOWN-00765,2,Chicken Empanada Trio,3,24000.00,72000.00,Standard,,"{""demoLine"": true}"
TAPAS_DOWNTOWN,ORD-TAPAS_DOWNTOWN-00765,3,Smoked Eggplant Dip,1,16000.00,16000.00,Standard,,"{""demoLine"": true}"
TAPAS_DOWNTOWN,ORD-TAPAS_DOWNTOWN-00765,4,Crispy Plantain Cups,3,18000.00,54000.00,Standard,,"{""demoLine"": true}"
ROOFTOP_BAR,ORD-ROOFTOP_BAR-00766,1,Halloumi Bites,3,29100.00,87300.00,Standard,,"{""demoLine"": true}"
ROOFTOP_BAR,ORD-ROOFTOP_BAR-00766,2,Spiced Chai,1,12300.00,12300.00,Standard,,"{""demoLine"": true}"
ROOFTOP_BAR,ORD-ROOFTOP_BAR-00766,3,Garlic Flatbread,1,11200.00,11200.00,Standard,,"{""demoLine"": true}"
ROOFTOP_BAR,ORD-ROOFTOP_BAR-00766,4,Skyline Mezze Cups,3,16000.00,48000.00,Standard,,"{""demoLine"": true}"
ROOFTOP_BAR,ORD-ROOFTOP_BAR-00767,1,Crispy Plantain Cups,1,20200.00,20200.00,Standard,,"{""demoLine"": true}"
ROOFTOP_BAR,ORD-ROOFTOP_BAR-00767,2,Seasonal Salad,1,16800.00,16800.00,Standard,,"{""demoLine"": true}"
ROOFTOP_BAR,ORD-ROOFTOP_BAR-00768,1,Garden Vegetable Pasta,2,40300.00,80600.00,Standard,,"{""demoLine"": true}"
ROOFTOP_BAR,ORD-ROOFTOP_BAR-00768,2,Mango Passion Juice,1,15700.00,15700.00,Standard,,"{""demoLine"": true}"
ROOFTOP_BAR,ORD-ROOFTOP_BAR-00768,3,Seasonal Salad,2,16800.00,33600.00,Standard,,"{""demoLine"": true}"
ROOFTOP_BAR,ORD-ROOFTOP_BAR-00768,4,Americano,3,10100.00,30300.00,Standard,,"{""demoLine"": true}"
ROOFTOP_BAR,ORD-ROOFTOP_BAR-00769,1,Rosemary Tonic Highball,1,24000.00,24000.00,Standard,,"{""demoLine"": true}"
ROOFTOP_BAR,ORD-ROOFTOP_BAR-00769,2,Cranberry Lime Nojito,2,28000.00,56000.00,Standard,,"{""demoLine"": true}"
ROOFTOP_BAR,ORD-ROOFTOP_BAR-00769,3,Spiced Chai,1,12300.00,12300.00,Standard,,"{""demoLine"": true}"
ROOFTOP_BAR,ORD-ROOFTOP_BAR-00770,1,Seasonal Salad,1,16800.00,16800.00,Standard,,"{""demoLine"": true}"
ROOFTOP_BAR,ORD-ROOFTOP_BAR-00770,2,Tilapia Lemon Herb,1,53800.00,53800.00,Standard,,"{""demoLine"": true}"
ROOFTOP_BAR,ORD-ROOFTOP_BAR-00770,3,Sesame Chicken Skewers,3,31400.00,94200.00,Standard,,"{""demoLine"": true}"
ROOFTOP_BAR,ORD-ROOFTOP_BAR-00770,4,Americano,1,10100.00,10100.00,Standard,,"{""demoLine"": true}"
GARDEN_CAFE,ORD-GARDEN_CAFE-00771,1,Sesame Chicken Skewers,2,25800.00,51600.00,Standard,,"{""demoLine"": true}"
GARDEN_CAFE,ORD-GARDEN_CAFE-00771,2,Seasonal Salad,3,13800.00,41400.00,Standard,,"{""demoLine"": true}"
GARDEN_CAFE,ORD-GARDEN_CAFE-00772,1,Avocado Toast Stack,2,16000.00,32000.00,Standard,,"{""demoLine"": true}"
GARDEN_CAFE,ORD-GARDEN_CAFE-00773,1,Ginger Hibiscus Cooler,1,15600.00,15600.00,Standard,,"{""demoLine"": true}"
GARDEN_CAFE,ORD-GARDEN_CAFE-00773,2,Iced Vanilla Coffee,2,28000.00,56000.00,Standard,,"{""demoLine"": true}"
GARDEN_CAFE,ORD-GARDEN_CAFE-00773,3,Avocado Toast Stack,2,16000.00,32000.00,Standard,,"{""demoLine"": true}"
GARDEN_CAFE,ORD-GARDEN_CAFE-00774,1,Seasonal Salad,2,13800.00,27600.00,Standard,,"{""demoLine"": true}"
GARDEN_CAFE,ORD-GARDEN_CAFE-00774,2,Mango Passion Juice,2,12900.00,25800.00,Standard,,"{""demoLine"": true}"
GARDEN_CAFE,ORD-GARDEN_CAFE-00774,3,Herb Fries,1,11000.00,11000.00,Standard,,"{""demoLine"": true}"
GARDEN_CAFE,ORD-GARDEN_CAFE-00775,1,Cafe Latte,2,11000.00,22000.00,Standard,,"{""demoLine"": true}"
GARDEN_CAFE,ORD-GARDEN_CAFE-00775,2,Herb Fries,2,11000.00,22000.00,Standard,,"{""demoLine"": true}"
GARDEN_CAFE,ORD-GARDEN_CAFE-00775,3,Spiced Chai,1,10100.00,10100.00,Standard,,"{""demoLine"": true}"
EVENTS_KITCHEN,ORD-EVENTS_KITCHEN-00776,1,Passion Fruit Cheesecake,2,24800.00,49600.00,Standard,,"{""demoLine"": true}"
EVENTS_KITCHEN,ORD-EVENTS_KITCHEN-00777,1,Sesame Chicken Skewers,2,33000.00,66000.00,Standard,,"{""demoLine"": true}"
EVENTS_KITCHEN,ORD-EVENTS_KITCHEN-00777,2,Herb Fries,2,14200.00,28400.00,Standard,,"{""demoLine"": true}"
EVENTS_KITCHEN,ORD-EVENTS_KITCHEN-00778,1,Banquet Mezze Platter,2,112100.00,224200.00,Standard,,"{""demoLine"": true}"
EVENTS_KITCHEN,ORD-EVENTS_KITCHEN-00778,2,Mango Passion Juice,2,16500.00,33000.00,Standard,,"{""demoLine"": true}"
EVENTS_KITCHEN,ORD-EVENTS_KITCHEN-00778,3,Halloumi Bites,2,30700.00,61400.00,Standard,,"{""demoLine"": true}"
EVENTS_KITCHEN,ORD-EVENTS_KITCHEN-00779,1,Banquet Mezze Platter,2,112100.00,224200.00,Standard,,"{""demoLine"": true}"
EVENTS_KITCHEN,ORD-EVENTS_KITCHEN-00779,2,Corporate Snack Board,3,92000.00,276000.00,Standard,,"{""demoLine"": true}"
EVENTS_KITCHEN,ORD-EVENTS_KITCHEN-00779,3,Tilapia Lemon Herb,3,56600.00,169800.00,Standard,,"{""demoLine"": true}"
EVENTS_KITCHEN,ORD-EVENTS_KITCHEN-00779,4,Beef Fillet Plate,3,66100.00,198300.00,Standard,,"{""demoLine"": true}"
EVENTS_KITCHEN,ORD-EVENTS_KITCHEN-00780,1,Mint Lime Spritz,2,18900.00,37800.00,Standard,,"{""demoLine"": true}"
EVENTS_KITCHEN,ORD-EVENTS_KITCHEN-00780,2,Grilled Chicken Bowl,3,49600.00,148800.00,Standard,,"{""demoLine"": true}"
TAPAS_DOWNTOWN,ORD-TAPAS_DOWNTOWN-00781,1,Herb Fries,2,12000.00,24000.00,Standard,,"{""demoLine"": true}"
TAPAS_DOWNTOWN,ORD-TAPAS_DOWNTOWN-00781,2,Matoke Croquettes,2,32000.00,64000.00,Standard,,"{""demoLine"": true}"
ROOFTOP_BAR,ORD-ROOFTOP_BAR-00782,1,Cafe Latte,2,13400.00,26800.00,Standard,,"{""demoLine"": true}"
ROOFTOP_BAR,ORD-ROOFTOP_BAR-00782,2,Rosemary Tonic Highball,1,24000.00,24000.00,Standard,,"{""demoLine"": true}"
ROOFTOP_BAR,ORD-ROOFTOP_BAR-00782,3,Sesame Chicken Skewers,3,31400.00,94200.00,Standard,,"{""demoLine"": true}"
ROOFTOP_BAR,ORD-ROOFTOP_BAR-00782,4,Cranberry Lime Nojito,2,28000.00,56000.00,Standard,,"{""demoLine"": true}"
GARDEN_CAFE,ORD-GARDEN_CAFE-00783,1,Mint Lime Spritz,2,14700.00,29400.00,Standard,,"{""demoLine"": true}"
GARDEN_CAFE,ORD-GARDEN_CAFE-00783,2,Halloumi Bites,2,23900.00,47800.00,Standard,,"{""demoLine"": true}"
GARDEN_CAFE,ORD-GARDEN_CAFE-00783,3,Seasonal Salad,1,13800.00,13800.00,Standard,,"{""demoLine"": true}"
GARDEN_CAFE,ORD-GARDEN_CAFE-00783,4,Mango Passion Juice,2,12900.00,25800.00,Standard,,"{""demoLine"": true}"
EVENTS_KITCHEN,ORD-EVENTS_KITCHEN-00784,1,Crispy Plantain Cups,2,21200.00,42400.00,Standard,,"{""demoLine"": true}"
EVENTS_KITCHEN,ORD-EVENTS_KITCHEN-00784,2,Garlic Flatbread,2,11800.00,23600.00,Standard,,"{""demoLine"": true}"
EVENTS_KITCHEN,ORD-EVENTS_KITCHEN-00784,3,Mint Lime Spritz,1,18900.00,18900.00,Standard,,"{""demoLine"": true}"
EVENTS_KITCHEN,ORD-EVENTS_KITCHEN-00784,4,Corporate Snack Board,3,92000.00,276000.00,Standard,,"{""demoLine"": true}"
TAPAS_DOWNTOWN,ORD-TAPAS_DOWNTOWN-00785,1,Garlic Flatbread,1,10000.00,10000.00,Standard,,"{""demoLine"": true}"
TAPAS_DOWNTOWN,ORD-TAPAS_DOWNTOWN-00786,1,Ginger Hibiscus Cooler,3,17000.00,51000.00,Standard,,"{""demoLine"": true}"
TAPAS_DOWNTOWN,ORD-TAPAS_DOWNTOWN-00786,2,Halloumi Bites,3,26000.00,78000.00,Standard,,"{""demoLine"": true}"
TAPAS_DOWNTOWN,ORD-TAPAS_DOWNTOWN-00786,3,Mushroom Risotto,3,38000.00,114000.00,Standard,,"{""demoLine"": true}"
TAPAS_DOWNTOWN,ORD-TAPAS_DOWNTOWN-00786,4,Passion Fruit Cheesecake,2,21000.00,42000.00,Standard,,"{""demoLine"": true}"
ROOFTOP_BAR,ORD-ROOFTOP_BAR-00787,1,Herb Fries,1,13400.00,13400.00,Standard,,"{""demoLine"": true}"
ROOFTOP_BAR,ORD-ROOFTOP_BAR-00787,2,Mint Lime Sky Spritz,3,17900.00,53700.00,Standard,,"{""demoLine"": true}"
ROOFTOP_BAR,ORD-ROOFTOP_BAR-00787,3,Garden Vegetable Pasta,3,40300.00,120900.00,Standard,,"{""demoLine"": true}"
ROOFTOP_BAR,ORD-ROOFTOP_BAR-00788,1,Seasonal Salad,2,16800.00,33600.00,Standard,,"{""demoLine"": true}"
ROOFTOP_BAR,ORD-ROOFTOP_BAR-00788,2,Tomato Bruschetta,3,24600.00,73800.00,Standard,,"{""demoLine"": true}"
ROOFTOP_BAR,ORD-ROOFTOP_BAR-00788,3,Chocolate Date Tart,3,26900.00,80700.00,Standard,,"{""demoLine"": true}"
ROOFTOP_BAR,ORD-ROOFTOP_BAR-00788,4,Cafe Latte,3,13400.00,40200.00,Standard,,"{""demoLine"": true}"
GARDEN_CAFE,ORD-GARDEN_CAFE-00789,1,Sesame Chicken Skewers,2,25800.00,51600.00,Standard,,"{""demoLine"": true}"
GARDEN_CAFE,ORD-GARDEN_CAFE-00789,2,Grilled Chicken Bowl,3,38600.00,115800.00,Standard,,"{""demoLine"": true}"
GARDEN_CAFE,ORD-GARDEN_CAFE-00789,3,Beef Fillet Plate,2,51500.00,103000.00,Standard,,"{""demoLine"": true}"
GARDEN_CAFE,ORD-GARDEN_CAFE-00789,4,Berry Yoghurt Bowl,2,32000.00,64000.00,Standard,,"{""demoLine"": true}"
GARDEN_CAFE,ORD-GARDEN_CAFE-00790,1,Seasonal Salad,3,13800.00,41400.00,Standard,,"{""demoLine"": true}"
GARDEN_CAFE,ORD-GARDEN_CAFE-00790,2,Garden Breakfast Plate,2,24000.00,48000.00,Standard,,"{""demoLine"": true}"
EVENTS_KITCHEN,ORD-EVENTS_KITCHEN-00791,1,Herb Fries,1,14200.00,14200.00,Standard,,"{""demoLine"": true}"
EVENTS_KITCHEN,ORD-EVENTS_KITCHEN-00791,2,Sesame Chicken Skewers,3,33000.00,99000.00,Standard,,"{""demoLine"": true}"
EVENTS_KITCHEN,ORD-EVENTS_KITCHEN-00792,1,Herb Fries,3,14200.00,42600.00,Standard,,"{""demoLine"": true}"
EVENTS_KITCHEN,ORD-EVENTS_KITCHEN-00792,2,Passion Fruit Cheesecake,1,24800.00,24800.00,Standard,,"{""demoLine"": true}"
EVENTS_KITCHEN,ORD-EVENTS_KITCHEN-00792,3,Vegetable Lasagna Pan,1,32000.00,32000.00,Standard,,"{""demoLine"": true}"
EVENTS_KITCHEN,ORD-EVENTS_KITCHEN-00792,4,Mini Dessert Flight,3,36000.00,108000.00,Standard,,"{""demoLine"": true}"
TAPAS_DOWNTOWN,ORD-TAPAS_DOWNTOWN-00793,1,Herb Fries,2,12000.00,24000.00,Standard,,"{""demoLine"": true}"
TAPAS_DOWNTOWN,ORD-TAPAS_DOWNTOWN-00794,1,Garden Vegetable Pasta,1,36000.00,36000.00,Standard,,"{""demoLine"": true}"
TAPAS_DOWNTOWN,ORD-TAPAS_DOWNTOWN-00794,2,Cafe Latte,2,12000.00,24000.00,Standard,,"{""demoLine"": true}"
TAPAS_DOWNTOWN,ORD-TAPAS_DOWNTOWN-00795,1,Halloumi Bites,1,26000.00,26000.00,Standard,,"{""demoLine"": true}"
ROOFTOP_BAR,ORD-ROOFTOP_BAR-00796,1,Halloumi Bites,2,29100.00,58200.00,Standard,,"{""demoLine"": true}"
ROOFTOP_BAR,ORD-ROOFTOP_BAR-00796,2,Cafe Latte,2,13400.00,26800.00,Standard,,"{""demoLine"": true}"
ROOFTOP_BAR,ORD-ROOFTOP_BAR-00796,3,Ginger Hibiscus Rooftop Cooler,3,19000.00,57000.00,Standard,,"{""demoLine"": true}"
ROOFTOP_BAR,ORD-ROOFTOP_BAR-00796,4,Skyline Mezze Cups,1,16000.00,16000.00,Standard,,"{""demoLine"": true}"
ROOFTOP_BAR,ORD-ROOFTOP_BAR-00797,1,Mint Lime Sky Spritz,1,17900.00,17900.00,Standard,,"{""demoLine"": true}"
ROOFTOP_BAR,ORD-ROOFTOP_BAR-00797,2,Tilapia Lemon Herb,1,53800.00,53800.00,Standard,,"{""demoLine"": true}"
ROOFTOP_BAR,ORD-ROOFTOP_BAR-00798,1,Cucumber Basil Fizz,3,20000.00,60000.00,Standard,,"{""demoLine"": true}"
GARDEN_CAFE,ORD-GARDEN_CAFE-00799,1,Avocado Toast Stack,2,16000.00,32000.00,Standard,,"{""demoLine"": true}"
GARDEN_CAFE,ORD-GARDEN_CAFE-00800,1,Garlic Flatbread,1,9200.00,9200.00,Standard,,"{""demoLine"": true}"
GARDEN_CAFE,ORD-GARDEN_CAFE-00801,1,Tilapia Lemon Herb,1,44200.00,44200.00,Standard,,"{""demoLine"": true}"
GARDEN_CAFE,ORD-GARDEN_CAFE-00801,2,Passion Fruit Cheesecake,3,19300.00,57900.00,Standard,,"{""demoLine"": true}"
EVENTS_KITCHEN,ORD-EVENTS_KITCHEN-00802,1,Grilled Chicken Bowl,1,49600.00,49600.00,Standard,,"{""demoLine"": true}"
EVENTS_KITCHEN,ORD-EVENTS_KITCHEN-00802,2,Herb Fries,3,14200.00,42600.00,Standard,,"{""demoLine"": true}"
EVENTS_KITCHEN,ORD-EVENTS_KITCHEN-00803,1,Vegetable Lasagna Pan,1,32000.00,32000.00,Standard,,"{""demoLine"": true}"
EVENTS_KITCHEN,ORD-EVENTS_KITCHEN-00803,2,Tilapia Lemon Herb,1,56600.00,56600.00,Standard,,"{""demoLine"": true}"
EVENTS_KITCHEN,ORD-EVENTS_KITCHEN-00804,1,Crispy Plantain Cups,3,21200.00,63600.00,Standard,,"{""demoLine"": true}"
EVENTS_KITCHEN,ORD-EVENTS_KITCHEN-00804,2,Tilapia Lemon Herb,3,56600.00,169800.00,Standard,,"{""demoLine"": true}"
EVENTS_KITCHEN,ORD-EVENTS_KITCHEN-00804,3,Grilled Chicken Bowl,1,49600.00,49600.00,Standard,,"{""demoLine"": true}"
EVENTS_KITCHEN,ORD-EVENTS_KITCHEN-00804,4,Chocolate Date Tart,1,28300.00,28300.00,Standard,,"{""demoLine"": true}"
TAPAS_DOWNTOWN,ORD-TAPAS_DOWNTOWN-00805,1,Grilled Chicken Bowl,3,42000.00,126000.00,Standard,,"{""demoLine"": true}"
TAPAS_DOWNTOWN,ORD-TAPAS_DOWNTOWN-00805,2,Passion Fruit Cheesecake,2,21000.00,42000.00,Standard,,"{""demoLine"": true}"
TAPAS_DOWNTOWN,ORD-TAPAS_DOWNTOWN-00805,3,Mushroom Risotto,3,38000.00,114000.00,Standard,,"{""demoLine"": true}"
TAPAS_DOWNTOWN,ORD-TAPAS_DOWNTOWN-00806,1,Grilled Chicken Bowl,1,42000.00,42000.00,Standard,,"{""demoLine"": true}"
TAPAS_DOWNTOWN,ORD-TAPAS_DOWNTOWN-00807,1,Cafe Latte,1,12000.00,12000.00,Standard,,"{""demoLine"": true}"
TAPAS_DOWNTOWN,ORD-TAPAS_DOWNTOWN-00808,1,Cafe Latte,2,12000.00,24000.00,Standard,,"{""demoLine"": true}"
TAPAS_DOWNTOWN,ORD-TAPAS_DOWNTOWN-00808,2,Americano,3,9000.00,27000.00,Standard,,"{""demoLine"": true}"
TAPAS_DOWNTOWN,ORD-TAPAS_DOWNTOWN-00808,3,Grilled Chicken Bowl,2,42000.00,84000.00,Standard,,"{""demoLine"": true}"
TAPAS_DOWNTOWN,ORD-TAPAS_DOWNTOWN-00808,4,Mango Passion Juice,1,14000.00,14000.00,Standard,,"{""demoLine"": true}"
ROOFTOP_BAR,ORD-ROOFTOP_BAR-00809,1,Tomato Bruschetta,3,24600.00,73800.00,Standard,,"{""demoLine"": true}"
ROOFTOP_BAR,ORD-ROOFTOP_BAR-00809,2,Rosemary Tonic Highball,2,24000.00,48000.00,Standard,,"{""demoLine"": true}"
ROOFTOP_BAR,ORD-ROOFTOP_BAR-00809,3,Chocolate Date Tart,1,26900.00,26900.00,Standard,,"{""demoLine"": true}"
ROOFTOP_BAR,ORD-ROOFTOP_BAR-00810,1,Night Market Fries,2,32000.00,64000.00,Standard,,"{""demoLine"": true}"
ROOFTOP_BAR,ORD-ROOFTOP_BAR-00811,1,Seasonal Salad,1,16800.00,16800.00,Standard,,"{""demoLine"": true}"
ROOFTOP_BAR,ORD-ROOFTOP_BAR-00811,2,Spiced Chai,2,12300.00,24600.00,Standard,,"{""demoLine"": true}"
ROOFTOP_BAR,ORD-ROOFTOP_BAR-00811,3,Sesame Chicken Skewers,2,31400.00,62800.00,Standard,,"{""demoLine"": true}"
ROOFTOP_BAR,ORD-ROOFTOP_BAR-00812,1,Tomato Bruschetta,2,24600.00,49200.00,Standard,,"{""demoLine"": true}"
GARDEN_CAFE,ORD-GARDEN_CAFE-00813,1,Grilled Chicken Bowl,3,38600.00,115800.00,Standard,,"{""demoLine"": true}"
GARDEN_CAFE,ORD-GARDEN_CAFE-00813,2,Garlic Flatbread,3,9200.00,27600.00,Standard,,"{""demoLine"": true}"
GARDEN_CAFE,ORD-GARDEN_CAFE-00813,3,Beef Fillet Plate,3,51500.00,154500.00,Standard,,"{""demoLine"": true}"
GARDEN_CAFE,ORD-GARDEN_CAFE-00814,1,Garlic Flatbread,1,9200.00,9200.00,Standard,,"{""demoLine"": true}"
GARDEN_CAFE,ORD-GARDEN_CAFE-00814,2,Grilled Chicken Bowl,1,38600.00,38600.00,Standard,,"{""demoLine"": true}"
GARDEN_CAFE,ORD-GARDEN_CAFE-00814,3,Mint Lime Spritz,3,14700.00,44100.00,Standard,,"{""demoLine"": true}"
GARDEN_CAFE,ORD-GARDEN_CAFE-00814,4,Beef Fillet Plate,2,51500.00,103000.00,Standard,,"{""demoLine"": true}"
GARDEN_CAFE,ORD-GARDEN_CAFE-00815,1,Ginger Hibiscus Cooler,3,15600.00,46800.00,Standard,,"{""demoLine"": true}"
GARDEN_CAFE,ORD-GARDEN_CAFE-00815,2,Seasonal Salad,2,13800.00,27600.00,Standard,,"{""demoLine"": true}"
GARDEN_CAFE,ORD-GARDEN_CAFE-00815,3,Avocado Toast Stack,2,16000.00,32000.00,Standard,,"{""demoLine"": true}"
GARDEN_CAFE,ORD-GARDEN_CAFE-00816,1,Iced Vanilla Coffee,1,28000.00,28000.00,Standard,,"{""demoLine"": true}"
EVENTS_KITCHEN,ORD-EVENTS_KITCHEN-00817,1,Vegetable Lasagna Pan,2,32000.00,64000.00,Standard,,"{""demoLine"": true}"
EVENTS_KITCHEN,ORD-EVENTS_KITCHEN-00817,2,Grilled Chicken Bowl,2,49600.00,99200.00,Standard,,"{""demoLine"": true}"
EVENTS_KITCHEN,ORD-EVENTS_KITCHEN-00817,3,Garlic Flatbread,1,11800.00,11800.00,Standard,,"{""demoLine"": true}"
EVENTS_KITCHEN,ORD-EVENTS_KITCHEN-00818,1,Mint Lime Spritz,2,18900.00,37800.00,Standard,,"{""demoLine"": true}"
EVENTS_KITCHEN,ORD-EVENTS_KITCHEN-00818,2,Banquet Mezze Platter,3,112100.00,336300.00,Standard,,"{""demoLine"": true}"
EVENTS_KITCHEN,ORD-EVENTS_KITCHEN-00818,3,Mushroom Risotto,3,44800.00,134400.00,Standard,,"{""demoLine"": true}"
EVENTS_KITCHEN,ORD-EVENTS_KITCHEN-00818,4,Ginger Hibiscus Cooler,1,20100.00,20100.00,Standard,,"{""demoLine"": true}"
EVENTS_KITCHEN,ORD-EVENTS_KITCHEN-00819,1,Banquet Mezze Platter,3,112100.00,336300.00,Standard,,"{""demoLine"": true}"
EVENTS_KITCHEN,ORD-EVENTS_KITCHEN-00819,2,Vegetable Lasagna Pan,3,32000.00,96000.00,Standard,,"{""demoLine"": true}"
EVENTS_KITCHEN,ORD-EVENTS_KITCHEN-00820,1,Beef Fillet Plate,2,66100.00,132200.00,Standard,,"{""demoLine"": true}"
EVENTS_KITCHEN,ORD-EVENTS_KITCHEN-00820,2,Halloumi Bites,2,30700.00,61400.00,Standard,,"{""demoLine"": true}"
TAPAS_DOWNTOWN,ORD-TAPAS_DOWNTOWN-00821,1,Chicken Empanada Trio,2,24000.00,48000.00,Standard,,"{""demoLine"": true}"
TAPAS_DOWNTOWN,ORD-TAPAS_DOWNTOWN-00821,2,Sesame Chicken Skewers,1,28000.00,28000.00,Standard,,"{""demoLine"": true}"
TAPAS_DOWNTOWN,ORD-TAPAS_DOWNTOWN-00821,3,Smoked Eggplant Dip,2,16000.00,32000.00,Standard,,"{""demoLine"": true}"
TAPAS_DOWNTOWN,ORD-TAPAS_DOWNTOWN-00821,4,Charred Octopus Style Mushroom,3,20000.00,60000.00,Standard,,"{""demoLine"": true}"
TAPAS_DOWNTOWN,ORD-TAPAS_DOWNTOWN-00822,1,Garlic Flatbread,3,10000.00,30000.00,Standard,,"{""demoLine"": true}"
TAPAS_DOWNTOWN,ORD-TAPAS_DOWNTOWN-00822,2,Chocolate Date Tart,3,24000.00,72000.00,Standard,,"{""demoLine"": true}"
TAPAS_DOWNTOWN,ORD-TAPAS_DOWNTOWN-00822,3,Halloumi Bites,3,26000.00,78000.00,Standard,,"{""demoLine"": true}"
TAPAS_DOWNTOWN,ORD-TAPAS_DOWNTOWN-00822,4,Garden Vegetable Pasta,2,36000.00,72000.00,Standard,,"{""demoLine"": true}"
TAPAS_DOWNTOWN,ORD-TAPAS_DOWNTOWN-00823,1,Sesame Chicken Skewers,3,28000.00,84000.00,Standard,,"{""demoLine"": true}"
TAPAS_DOWNTOWN,ORD-TAPAS_DOWNTOWN-00823,2,Crispy Plantain Cups,3,18000.00,54000.00,Standard,,"{""demoLine"": true}"
TAPAS_DOWNTOWN,ORD-TAPAS_DOWNTOWN-00823,3,Herb Fries,3,12000.00,36000.00,Standard,,"{""demoLine"": true}"
TAPAS_DOWNTOWN,ORD-TAPAS_DOWNTOWN-00823,4,Cafe Latte,2,12000.00,24000.00,Standard,,"{""demoLine"": true}"
TAPAS_DOWNTOWN,ORD-TAPAS_DOWNTOWN-00824,1,Matoke Croquettes,2,32000.00,64000.00,Standard,,"{""demoLine"": true}"
TAPAS_DOWNTOWN,ORD-TAPAS_DOWNTOWN-00824,2,Garlic Flatbread,2,10000.00,20000.00,Standard,,"{""demoLine"": true}"
TAPAS_DOWNTOWN,ORD-TAPAS_DOWNTOWN-00824,3,Passion Fruit Cheesecake,2,21000.00,42000.00,Standard,,"{""demoLine"": true}"
TAPAS_DOWNTOWN,ORD-TAPAS_DOWNTOWN-00824,4,Chicken Empanada Trio,3,24000.00,72000.00,Standard,,"{""demoLine"": true}"
TAPAS_DOWNTOWN,ORD-TAPAS_DOWNTOWN-00825,1,Mint Lime Spritz,3,16000.00,48000.00,Standard,,"{""demoLine"": true}"
TAPAS_DOWNTOWN,ORD-TAPAS_DOWNTOWN-00825,2,Garlic Flatbread,2,10000.00,20000.00,Standard,,"{""demoLine"": true}"
TAPAS_DOWNTOWN,ORD-TAPAS_DOWNTOWN-00825,3,Smoked Eggplant Dip,2,16000.00,32000.00,Standard,,"{""demoLine"": true}"
ROOFTOP_BAR,ORD-ROOFTOP_BAR-00826,1,Mint Lime Sky Spritz,3,17900.00,53700.00,Standard,,"{""demoLine"": true}"
ROOFTOP_BAR,ORD-ROOFTOP_BAR-00826,2,Spiced Chai,1,12300.00,12300.00,Standard,,"{""demoLine"": true}"
ROOFTOP_BAR,ORD-ROOFTOP_BAR-00826,3,Cucumber Basil Fizz,2,20000.00,40000.00,Standard,,"{""demoLine"": true}"
ROOFTOP_BAR,ORD-ROOFTOP_BAR-00826,4,Americano,2,10100.00,20200.00,Standard,,"{""demoLine"": true}"
ROOFTOP_BAR,ORD-ROOFTOP_BAR-00827,1,Tilapia Lemon Herb,3,53800.00,161400.00,Standard,,"{""demoLine"": true}"
ROOFTOP_BAR,ORD-ROOFTOP_BAR-00827,2,Cafe Latte,3,13400.00,40200.00,Standard,,"{""demoLine"": true}"
ROOFTOP_BAR,ORD-ROOFTOP_BAR-00827,3,Seasonal Salad,1,16800.00,16800.00,Standard,,"{""demoLine"": true}"
ROOFTOP_BAR,ORD-ROOFTOP_BAR-00828,1,Cafe Latte,1,13400.00,13400.00,Standard,,"{""demoLine"": true}"
ROOFTOP_BAR,ORD-ROOFTOP_BAR-00829,1,Cucumber Basil Fizz,2,20000.00,40000.00,Standard,,"{""demoLine"": true}"
ROOFTOP_BAR,ORD-ROOFTOP_BAR-00830,1,Night Market Fries,2,32000.00,64000.00,Standard,,"{""demoLine"": true}"
ROOFTOP_BAR,ORD-ROOFTOP_BAR-00830,2,Garden Vegetable Pasta,1,40300.00,40300.00,Standard,,"{""demoLine"": true}"
ROOFTOP_BAR,ORD-ROOFTOP_BAR-00830,3,Crispy Plantain Cups,1,20200.00,20200.00,Standard,,"{""demoLine"": true}"
ROOFTOP_BAR,ORD-ROOFTOP_BAR-00830,4,Cafe Latte,1,13400.00,13400.00,Standard,,"{""demoLine"": true}"
GARDEN_CAFE,ORD-GARDEN_CAFE-00831,1,Iced Vanilla Coffee,2,28000.00,56000.00,Standard,,"{""demoLine"": true}"
GARDEN_CAFE,ORD-GARDEN_CAFE-00831,2,Spiced Chai,2,10100.00,20200.00,Standard,,"{""demoLine"": true}"
GARDEN_CAFE,ORD-GARDEN_CAFE-00832,1,Mango Passion Juice,1,12900.00,12900.00,Standard,,"{""demoLine"": true}"
GARDEN_CAFE,ORD-GARDEN_CAFE-00833,1,Ginger Hibiscus Cooler,2,15600.00,31200.00,Standard,,"{""demoLine"": true}"
GARDEN_CAFE,ORD-GARDEN_CAFE-00833,2,Garlic Flatbread,3,9200.00,27600.00,Standard,,"{""demoLine"": true}"
GARDEN_CAFE,ORD-GARDEN_CAFE-00833,3,Garden Breakfast Plate,1,24000.00,24000.00,Standard,,"{""demoLine"": true}"
GARDEN_CAFE,ORD-GARDEN_CAFE-00834,1,Passion Fruit Cheesecake,2,19300.00,38600.00,Standard,,"{""demoLine"": true}"
GARDEN_CAFE,ORD-GARDEN_CAFE-00835,1,Mint Lime Spritz,1,14700.00,14700.00,Standard,,"{""demoLine"": true}"
GARDEN_CAFE,ORD-GARDEN_CAFE-00835,2,Garden Vegetable Pasta,3,33100.00,99300.00,Standard,,"{""demoLine"": true}"
EVENTS_KITCHEN,ORD-EVENTS_KITCHEN-00836,1,Tilapia Lemon Herb,1,56600.00,56600.00,Standard,,"{""demoLine"": true}"
EVENTS_KITCHEN,ORD-EVENTS_KITCHEN-00836,2,Grilled Chicken Bowl,1,49600.00,49600.00,Standard,,"{""demoLine"": true}"
EVENTS_KITCHEN,ORD-EVENTS_KITCHEN-00837,1,Cafe Latte,1,14200.00,14200.00,Standard,,"{""demoLine"": true}"
EVENTS_KITCHEN,ORD-EVENTS_KITCHEN-00838,1,Seasonal Salad,3,17700.00,53100.00,Standard,,"{""demoLine"": true}"
EVENTS_KITCHEN,ORD-EVENTS_KITCHEN-00838,2,Grilled Chicken Bowl,1,49600.00,49600.00,Standard,,"{""demoLine"": true}"
EVENTS_KITCHEN,ORD-EVENTS_KITCHEN-00838,3,Beef Fillet Plate,1,66100.00,66100.00,Standard,,"{""demoLine"": true}"
EVENTS_KITCHEN,ORD-EVENTS_KITCHEN-00839,1,Tomato Bruschetta,2,26000.00,52000.00,Standard,,"{""demoLine"": true}"
EVENTS_KITCHEN,ORD-EVENTS_KITCHEN-00839,2,Vegetable Lasagna Pan,1,32000.00,32000.00,Standard,,"{""demoLine"": true}"
EVENTS_KITCHEN,ORD-EVENTS_KITCHEN-00839,3,Cafe Latte,2,14200.00,28400.00,Standard,,"{""demoLine"": true}"
EVENTS_KITCHEN,ORD-EVENTS_KITCHEN-00839,4,Executive Lunch Box,1,28000.00,28000.00,Standard,,"{""demoLine"": true}"
EVENTS_KITCHEN,ORD-EVENTS_KITCHEN-00840,1,Cafe Latte,1,14200.00,14200.00,Standard,,"{""demoLine"": true}"
EVENTS_KITCHEN,ORD-EVENTS_KITCHEN-00840,2,Tilapia Lemon Herb,3,56600.00,169800.00,Standard,,"{""demoLine"": true}"
TAPAS_DOWNTOWN,ORD-TAPAS_DOWNTOWN-00841,1,Herb Fries,2,12000.00,24000.00,Standard,,"{""demoLine"": true}"
ROOFTOP_BAR,ORD-ROOFTOP_BAR-00842,1,Ginger Hibiscus Rooftop Cooler,2,19000.00,38000.00,Standard,,"{""demoLine"": true}"
ROOFTOP_BAR,ORD-ROOFTOP_BAR-00842,2,Night Market Fries,1,32000.00,32000.00,Standard,,"{""demoLine"": true}"
ROOFTOP_BAR,ORD-ROOFTOP_BAR-00842,3,Garlic Flatbread,3,11200.00,33600.00,Standard,,"{""demoLine"": true}"
ROOFTOP_BAR,ORD-ROOFTOP_BAR-00842,4,Halloumi Bites,2,29100.00,58200.00,Standard,,"{""demoLine"": true}"
GARDEN_CAFE,ORD-GARDEN_CAFE-00843,1,Crispy Plantain Cups,3,16600.00,49800.00,Standard,,"{""demoLine"": true}"
GARDEN_CAFE,ORD-GARDEN_CAFE-00843,2,Americano,3,8300.00,24900.00,Standard,,"{""demoLine"": true}"
EVENTS_KITCHEN,ORD-EVENTS_KITCHEN-00844,1,Banquet Mezze Platter,2,112100.00,224200.00,Standard,,"{""demoLine"": true}"
TAPAS_DOWNTOWN,ORD-TAPAS_DOWNTOWN-00845,1,Spiced Chai,3,11000.00,33000.00,Standard,,"{""demoLine"": true}"
TAPAS_DOWNTOWN,ORD-TAPAS_DOWNTOWN-00845,2,Herb Fries,1,12000.00,12000.00,Standard,,"{""demoLine"": true}"
TAPAS_DOWNTOWN,ORD-TAPAS_DOWNTOWN-00846,1,Garden Vegetable Pasta,2,36000.00,72000.00,Standard,,"{""demoLine"": true}"
ROOFTOP_BAR,ORD-ROOFTOP_BAR-00847,1,Spiced Chai,2,12300.00,24600.00,Standard,,"{""demoLine"": true}"
ROOFTOP_BAR,ORD-ROOFTOP_BAR-00848,1,Cafe Latte,2,13400.00,26800.00,Standard,,"{""demoLine"": true}"
GARDEN_CAFE,ORD-GARDEN_CAFE-00849,1,Mint Lime Spritz,2,14700.00,29400.00,Standard,,"{""demoLine"": true}"
GARDEN_CAFE,ORD-GARDEN_CAFE-00850,1,Mushroom Risotto,3,35000.00,105000.00,Standard,,"{""demoLine"": true}"
GARDEN_CAFE,ORD-GARDEN_CAFE-00850,2,Passion Fruit Cheesecake,3,19300.00,57900.00,Standard,,"{""demoLine"": true}"
EVENTS_KITCHEN,ORD-EVENTS_KITCHEN-00851,1,Grilled Chicken Bowl,1,49600.00,49600.00,Standard,,"{""demoLine"": true}"
EVENTS_KITCHEN,ORD-EVENTS_KITCHEN-00851,2,Banquet Mezze Platter,2,112100.00,224200.00,Standard,,"{""demoLine"": true}"
EVENTS_KITCHEN,ORD-EVENTS_KITCHEN-00852,1,Spiced Chai,2,13000.00,26000.00,Standard,,"{""demoLine"": true}"
EVENTS_KITCHEN,ORD-EVENTS_KITCHEN-00852,2,Tomato Bruschetta,1,26000.00,26000.00,Standard,,"{""demoLine"": true}"
EVENTS_KITCHEN,ORD-EVENTS_KITCHEN-00852,3,Mango Passion Juice,2,16500.00,33000.00,Standard,,"{""demoLine"": true}"
EVENTS_KITCHEN,ORD-EVENTS_KITCHEN-00852,4,Passion Fruit Cheesecake,3,24800.00,74400.00,Standard,,"{""demoLine"": true}"
TAPAS_DOWNTOWN,ORD-TAPAS_DOWNTOWN-00853,1,Mushroom Risotto,3,38000.00,114000.00,Standard,,"{""demoLine"": true}"
TAPAS_DOWNTOWN,ORD-TAPAS_DOWNTOWN-00853,2,Chocolate Date Tart,2,24000.00,48000.00,Standard,,"{""demoLine"": true}"
TAPAS_DOWNTOWN,ORD-TAPAS_DOWNTOWN-00853,3,Passion Fruit Cheesecake,3,21000.00,63000.00,Standard,,"{""demoLine"": true}"
TAPAS_DOWNTOWN,ORD-TAPAS_DOWNTOWN-00854,1,Americano,2,9000.00,18000.00,Standard,,"{""demoLine"": true}"
TAPAS_DOWNTOWN,ORD-TAPAS_DOWNTOWN-00854,2,Chocolate Date Tart,1,24000.00,24000.00,Standard,,"{""demoLine"": true}"
TAPAS_DOWNTOWN,ORD-TAPAS_DOWNTOWN-00854,3,Mushroom Risotto,2,38000.00,76000.00,Standard,,"{""demoLine"": true}"
TAPAS_DOWNTOWN,ORD-TAPAS_DOWNTOWN-00855,1,Mushroom Risotto,2,38000.00,76000.00,Standard,,"{""demoLine"": true}"
TAPAS_DOWNTOWN,ORD-TAPAS_DOWNTOWN-00855,2,Chicken Empanada Trio,3,24000.00,72000.00,Standard,,"{""demoLine"": true}"
TAPAS_DOWNTOWN,ORD-TAPAS_DOWNTOWN-00855,3,Smoked Eggplant Dip,3,16000.00,48000.00,Standard,,"{""demoLine"": true}"
ROOFTOP_BAR,ORD-ROOFTOP_BAR-00856,1,Tomato Bruschetta,1,24600.00,24600.00,Standard,,"{""demoLine"": true}"
ROOFTOP_BAR,ORD-ROOFTOP_BAR-00856,2,Halloumi Bites,2,29100.00,58200.00,Standard,,"{""demoLine"": true}"
ROOFTOP_BAR,ORD-ROOFTOP_BAR-00857,1,Passion Fruit Cheesecake,2,23500.00,47000.00,Standard,,"{""demoLine"": true}"
ROOFTOP_BAR,ORD-ROOFTOP_BAR-00857,2,Crispy Plantain Cups,3,20200.00,60600.00,Standard,,"{""demoLine"": true}"
ROOFTOP_BAR,ORD-ROOFTOP_BAR-00857,3,Sesame Chicken Skewers,1,31400.00,31400.00,Standard,,"{""demoLine"": true}"
ROOFTOP_BAR,ORD-ROOFTOP_BAR-00858,1,Crispy Plantain Cups,3,20200.00,60600.00,Standard,,"{""demoLine"": true}"
GARDEN_CAFE,ORD-GARDEN_CAFE-00859,1,Iced Vanilla Coffee,3,28000.00,84000.00,Standard,,"{""demoLine"": true}"
GARDEN_CAFE,ORD-GARDEN_CAFE-00859,2,Beef Fillet Plate,2,51500.00,103000.00,Standard,,"{""demoLine"": true}"
GARDEN_CAFE,ORD-GARDEN_CAFE-00859,3,Seasonal Salad,2,13800.00,27600.00,Standard,,"{""demoLine"": true}"
GARDEN_CAFE,ORD-GARDEN_CAFE-00859,4,Berry Yoghurt Bowl,3,32000.00,96000.00,Standard,,"{""demoLine"": true}"
GARDEN_CAFE,ORD-GARDEN_CAFE-00860,1,Iced Vanilla Coffee,3,28000.00,84000.00,Standard,,"{""demoLine"": true}"
GARDEN_CAFE,ORD-GARDEN_CAFE-00861,1,Mint Lime Spritz,2,14700.00,29400.00,Standard,,"{""demoLine"": true}"
GARDEN_CAFE,ORD-GARDEN_CAFE-00861,2,Berry Yoghurt Bowl,2,32000.00,64000.00,Standard,,"{""demoLine"": true}"
GARDEN_CAFE,ORD-GARDEN_CAFE-00861,3,Beef Fillet Plate,2,51500.00,103000.00,Standard,,"{""demoLine"": true}"
GARDEN_CAFE,ORD-GARDEN_CAFE-00861,4,Iced Vanilla Coffee,3,28000.00,84000.00,Standard,,"{""demoLine"": true}"
EVENTS_KITCHEN,ORD-EVENTS_KITCHEN-00862,1,Cafe Latte,2,14200.00,28400.00,Standard,,"{""demoLine"": true}"
EVENTS_KITCHEN,ORD-EVENTS_KITCHEN-00862,2,Sesame Chicken Skewers,1,33000.00,33000.00,Standard,,"{""demoLine"": true}"
EVENTS_KITCHEN,ORD-EVENTS_KITCHEN-00863,1,Tomato Bruschetta,3,26000.00,78000.00,Standard,,"{""demoLine"": true}"
EVENTS_KITCHEN,ORD-EVENTS_KITCHEN-00864,1,Beef Fillet Plate,2,66100.00,132200.00,Standard,,"{""demoLine"": true}"
TAPAS_DOWNTOWN,ORD-TAPAS_DOWNTOWN-00865,1,Garden Vegetable Pasta,1,36000.00,36000.00,Standard,,"{""demoLine"": true}"
TAPAS_DOWNTOWN,ORD-TAPAS_DOWNTOWN-00865,2,Grilled Chicken Bowl,2,42000.00,84000.00,Standard,,"{""demoLine"": true}"
TAPAS_DOWNTOWN,ORD-TAPAS_DOWNTOWN-00866,1,Halloumi Bites,3,26000.00,78000.00,Standard,,"{""demoLine"": true}"
TAPAS_DOWNTOWN,ORD-TAPAS_DOWNTOWN-00866,2,Smoked Eggplant Dip,2,16000.00,32000.00,Standard,,"{""demoLine"": true}"
TAPAS_DOWNTOWN,ORD-TAPAS_DOWNTOWN-00866,3,Seasonal Salad,3,15000.00,45000.00,Standard,,"{""demoLine"": true}"
TAPAS_DOWNTOWN,ORD-TAPAS_DOWNTOWN-00866,4,Chicken Empanada Trio,2,24000.00,48000.00,Standard,,"{""demoLine"": true}"
TAPAS_DOWNTOWN,ORD-TAPAS_DOWNTOWN-00867,1,Chicken Empanada Trio,2,24000.00,48000.00,Standard,,"{""demoLine"": true}"
TAPAS_DOWNTOWN,ORD-TAPAS_DOWNTOWN-00868,1,Sesame Chicken Skewers,3,28000.00,84000.00,Standard,,"{""demoLine"": true}"
TAPAS_DOWNTOWN,ORD-TAPAS_DOWNTOWN-00868,2,Tilapia Lemon Herb,3,48000.00,144000.00,Standard,,"{""demoLine"": true}"
TAPAS_DOWNTOWN,ORD-TAPAS_DOWNTOWN-00868,3,Crispy Plantain Cups,2,18000.00,36000.00,Standard,,"{""demoLine"": true}"
ROOFTOP_BAR,ORD-ROOFTOP_BAR-00869,1,Cafe Latte,2,13400.00,26800.00,Standard,,"{""demoLine"": true}"
ROOFTOP_BAR,ORD-ROOFTOP_BAR-00870,1,Garlic Flatbread,2,11200.00,22400.00,Standard,,"{""demoLine"": true}"
ROOFTOP_BAR,ORD-ROOFTOP_BAR-00870,2,Crispy Plantain Cups,2,20200.00,40400.00,Standard,,"{""demoLine"": true}"
ROOFTOP_BAR,ORD-ROOFTOP_BAR-00870,3,Passion Fruit Cheesecake,3,23500.00,70500.00,Standard,,"{""demoLine"": true}"
ROOFTOP_BAR,ORD-ROOFTOP_BAR-00871,1,Tilapia Lemon Herb,3,53800.00,161400.00,Standard,,"{""demoLine"": true}"
ROOFTOP_BAR,ORD-ROOFTOP_BAR-00871,2,Garden Vegetable Pasta,2,40300.00,80600.00,Standard,,"{""demoLine"": true}"
ROOFTOP_BAR,ORD-ROOFTOP_BAR-00871,3,Halloumi Bites,1,29100.00,29100.00,Standard,,"{""demoLine"": true}"
ROOFTOP_BAR,ORD-ROOFTOP_BAR-00871,4,Garlic Flatbread,3,11200.00,33600.00,Standard,,"{""demoLine"": true}"
ROOFTOP_BAR,ORD-ROOFTOP_BAR-00872,1,Passion Fruit Cheesecake,1,23500.00,23500.00,Standard,,"{""demoLine"": true}"
ROOFTOP_BAR,ORD-ROOFTOP_BAR-00872,2,Rosemary Tonic Highball,2,24000.00,48000.00,Standard,,"{""demoLine"": true}"
ROOFTOP_BAR,ORD-ROOFTOP_BAR-00872,3,Seasonal Salad,1,16800.00,16800.00,Standard,,"{""demoLine"": true}"
ROOFTOP_BAR,ORD-ROOFTOP_BAR-00872,4,Chocolate Date Tart,2,26900.00,53800.00,Standard,,"{""demoLine"": true}"
GARDEN_CAFE,ORD-GARDEN_CAFE-00873,1,Mint Lime Spritz,2,14700.00,29400.00,Standard,,"{""demoLine"": true}"
GARDEN_CAFE,ORD-GARDEN_CAFE-00873,2,Chocolate Date Tart,2,22100.00,44200.00,Standard,,"{""demoLine"": true}"
GARDEN_CAFE,ORD-GARDEN_CAFE-00874,1,Mint Lime Spritz,1,14700.00,14700.00,Standard,,"{""demoLine"": true}"
GARDEN_CAFE,ORD-GARDEN_CAFE-00875,1,Garlic Flatbread,1,9200.00,9200.00,Standard,,"{""demoLine"": true}"
GARDEN_CAFE,ORD-GARDEN_CAFE-00875,2,Mushroom Risotto,1,35000.00,35000.00,Standard,,"{""demoLine"": true}"
GARDEN_CAFE,ORD-GARDEN_CAFE-00875,3,Crispy Plantain Cups,3,16600.00,49800.00,Standard,,"{""demoLine"": true}"
GARDEN_CAFE,ORD-GARDEN_CAFE-00876,1,Americano,3,8300.00,24900.00,Standard,,"{""demoLine"": true}"
EVENTS_KITCHEN,ORD-EVENTS_KITCHEN-00877,1,Conference Tea Service,3,40000.00,120000.00,Standard,,"{""demoLine"": true}"
EVENTS_KITCHEN,ORD-EVENTS_KITCHEN-00878,1,Mushroom Risotto,2,44800.00,89600.00,Standard,,"{""demoLine"": true}"
EVENTS_KITCHEN,ORD-EVENTS_KITCHEN-00878,2,Grilled Chicken Bowl,1,49600.00,49600.00,Standard,,"{""demoLine"": true}"
EVENTS_KITCHEN,ORD-EVENTS_KITCHEN-00879,1,Banquet Mezze Platter,2,112100.00,224200.00,Standard,,"{""demoLine"": true}"
EVENTS_KITCHEN,ORD-EVENTS_KITCHEN-00879,2,Mint Lime Spritz,1,18900.00,18900.00,Standard,,"{""demoLine"": true}"
EVENTS_KITCHEN,ORD-EVENTS_KITCHEN-00880,1,Cafe Latte,3,14200.00,42600.00,Standard,,"{""demoLine"": true}"
EVENTS_KITCHEN,ORD-EVENTS_KITCHEN-00880,2,Crispy Plantain Cups,2,21200.00,42400.00,Standard,,"{""demoLine"": true}"
TAPAS_DOWNTOWN,ORD-TAPAS_DOWNTOWN-00881,1,Sesame Chicken Skewers,3,28000.00,84000.00,Standard,,"{""demoLine"": true}"
TAPAS_DOWNTOWN,ORD-TAPAS_DOWNTOWN-00881,2,Spiced Chai,1,11000.00,11000.00,Standard,,"{""demoLine"": true}"
TAPAS_DOWNTOWN,ORD-TAPAS_DOWNTOWN-00881,3,Tomato Bruschetta,3,22000.00,66000.00,Standard,,"{""demoLine"": true}"
TAPAS_DOWNTOWN,ORD-TAPAS_DOWNTOWN-00881,4,Charred Octopus Style Mushroom,2,20000.00,40000.00,Standard,,"{""demoLine"": true}"
TAPAS_DOWNTOWN,ORD-TAPAS_DOWNTOWN-00882,1,Citrus Greens Bowl,2,28000.00,56000.00,Standard,,"{""demoLine"": true}"
TAPAS_DOWNTOWN,ORD-TAPAS_DOWNTOWN-00882,2,Americano,2,9000.00,18000.00,Standard,,"{""demoLine"": true}"
TAPAS_DOWNTOWN,ORD-TAPAS_DOWNTOWN-00883,1,Matoke Croquettes,3,32000.00,96000.00,Standard,,"{""demoLine"": true}"
TAPAS_DOWNTOWN,ORD-TAPAS_DOWNTOWN-00883,2,Ginger Hibiscus Cooler,1,17000.00,17000.00,Standard,,"{""demoLine"": true}"
TAPAS_DOWNTOWN,ORD-TAPAS_DOWNTOWN-00884,1,Tilapia Lemon Herb,1,48000.00,48000.00,Standard,,"{""demoLine"": true}"
TAPAS_DOWNTOWN,ORD-TAPAS_DOWNTOWN-00884,2,Sesame Chicken Skewers,1,28000.00,28000.00,Standard,,"{""demoLine"": true}"
TAPAS_DOWNTOWN,ORD-TAPAS_DOWNTOWN-00884,3,Chicken Empanada Trio,3,24000.00,72000.00,Standard,,"{""demoLine"": true}"
TAPAS_DOWNTOWN,ORD-TAPAS_DOWNTOWN-00885,1,Tomato Bruschetta,2,22000.00,44000.00,Standard,,"{""demoLine"": true}"
TAPAS_DOWNTOWN,ORD-TAPAS_DOWNTOWN-00885,2,Ginger Hibiscus Cooler,1,17000.00,17000.00,Standard,,"{""demoLine"": true}"
TAPAS_DOWNTOWN,ORD-TAPAS_DOWNTOWN-00885,3,Garden Vegetable Pasta,3,36000.00,108000.00,Standard,,"{""demoLine"": true}"
ROOFTOP_BAR,ORD-ROOFTOP_BAR-00886,1,Spiced Chai,1,12300.00,12300.00,Standard,,"{""demoLine"": true}"
ROOFTOP_BAR,ORD-ROOFTOP_BAR-00886,2,Ginger Hibiscus Rooftop Cooler,3,19000.00,57000.00,Standard,,"{""demoLine"": true}"
ROOFTOP_BAR,ORD-ROOFTOP_BAR-00887,1,Crispy Plantain Cups,1,20200.00,20200.00,Standard,,"{""demoLine"": true}"
ROOFTOP_BAR,ORD-ROOFTOP_BAR-00887,2,Cranberry Lime Nojito,1,28000.00,28000.00,Standard,,"{""demoLine"": true}"
ROOFTOP_BAR,ORD-ROOFTOP_BAR-00887,3,Night Market Fries,2,32000.00,64000.00,Standard,,"{""demoLine"": true}"
ROOFTOP_BAR,ORD-ROOFTOP_BAR-00887,4,Chocolate Date Tart,3,26900.00,80700.00,Standard,,"{""demoLine"": true}"
ROOFTOP_BAR,ORD-ROOFTOP_BAR-00888,1,Tilapia Lemon Herb,2,53800.00,107600.00,Standard,,"{""demoLine"": true}"
ROOFTOP_BAR,ORD-ROOFTOP_BAR-00889,1,Passion Fruit Cheesecake,2,23500.00,47000.00,Standard,,"{""demoLine"": true}"
ROOFTOP_BAR,ORD-ROOFTOP_BAR-00889,2,Tomato Bruschetta,2,24600.00,49200.00,Standard,,"{""demoLine"": true}"
ROOFTOP_BAR,ORD-ROOFTOP_BAR-00889,3,Garden Vegetable Pasta,3,40300.00,120900.00,Standard,,"{""demoLine"": true}"
ROOFTOP_BAR,ORD-ROOFTOP_BAR-00890,1,Garlic Flatbread,3,11200.00,33600.00,Standard,,"{""demoLine"": true}"
ROOFTOP_BAR,ORD-ROOFTOP_BAR-00890,2,Mint Lime Sky Spritz,1,17900.00,17900.00,Standard,,"{""demoLine"": true}"
ROOFTOP_BAR,ORD-ROOFTOP_BAR-00890,3,Garden Vegetable Pasta,2,40300.00,80600.00,Standard,,"{""demoLine"": true}"
ROOFTOP_BAR,ORD-ROOFTOP_BAR-00890,4,Chocolate Date Tart,1,26900.00,26900.00,Standard,,"{""demoLine"": true}"
GARDEN_CAFE,ORD-GARDEN_CAFE-00891,1,Grilled Chicken Bowl,3,38600.00,115800.00,Standard,,"{""demoLine"": true}"
GARDEN_CAFE,ORD-GARDEN_CAFE-00891,2,Sesame Chicken Skewers,1,25800.00,25800.00,Standard,,"{""demoLine"": true}"
GARDEN_CAFE,ORD-GARDEN_CAFE-00891,3,Avocado Toast Stack,3,16000.00,48000.00,Standard,,"{""demoLine"": true}"
GARDEN_CAFE,ORD-GARDEN_CAFE-00891,4,Ginger Hibiscus Cooler,3,15600.00,46800.00,Standard,,"{""demoLine"": true}"
GARDEN_CAFE,ORD-GARDEN_CAFE-00892,1,Banana Oat Pancakes,3,20000.00,60000.00,Standard,,"{""demoLine"": true}"
GARDEN_CAFE,ORD-GARDEN_CAFE-00893,1,Iced Vanilla Coffee,1,28000.00,28000.00,Standard,,"{""demoLine"": true}"
GARDEN_CAFE,ORD-GARDEN_CAFE-00893,2,Beef Fillet Plate,3,51500.00,154500.00,Standard,,"{""demoLine"": true}"
GARDEN_CAFE,ORD-GARDEN_CAFE-00894,1,Tomato Bruschetta,2,20200.00,40400.00,Standard,,"{""demoLine"": true}"
GARDEN_CAFE,ORD-GARDEN_CAFE-00894,2,Grilled Chicken Bowl,1,38600.00,38600.00,Standard,,"{""demoLine"": true}"
GARDEN_CAFE,ORD-GARDEN_CAFE-00894,3,Herb Fries,1,11000.00,11000.00,Standard,,"{""demoLine"": true}"
GARDEN_CAFE,ORD-GARDEN_CAFE-00895,1,Garden Vegetable Pasta,3,33100.00,99300.00,Standard,,"{""demoLine"": true}"
GARDEN_CAFE,ORD-GARDEN_CAFE-00895,2,Tomato Bruschetta,2,20200.00,40400.00,Standard,,"{""demoLine"": true}"
GARDEN_CAFE,ORD-GARDEN_CAFE-00895,3,Mint Lime Spritz,3,14700.00,44100.00,Standard,,"{""demoLine"": true}"
GARDEN_CAFE,ORD-GARDEN_CAFE-00895,4,Americano,1,8300.00,8300.00,Standard,,"{""demoLine"": true}"
EVENTS_KITCHEN,ORD-EVENTS_KITCHEN-00896,1,Americano,1,10600.00,10600.00,Standard,,"{""demoLine"": true}"
EVENTS_KITCHEN,ORD-EVENTS_KITCHEN-00897,1,Mini Dessert Flight,3,36000.00,108000.00,Standard,,"{""demoLine"": true}"
EVENTS_KITCHEN,ORD-EVENTS_KITCHEN-00897,2,Banquet Chicken Tray,1,24000.00,24000.00,Standard,,"{""demoLine"": true}"
EVENTS_KITCHEN,ORD-EVENTS_KITCHEN-00897,3,Tilapia Lemon Herb,1,56600.00,56600.00,Standard,,"{""demoLine"": true}"
EVENTS_KITCHEN,ORD-EVENTS_KITCHEN-00897,4,Tomato Bruschetta,3,26000.00,78000.00,Standard,,"{""demoLine"": true}"
EVENTS_KITCHEN,ORD-EVENTS_KITCHEN-00898,1,Tilapia Lemon Herb,3,56600.00,169800.00,Standard,,"{""demoLine"": true}"
EVENTS_KITCHEN,ORD-EVENTS_KITCHEN-00898,2,Ginger Hibiscus Cooler,2,20100.00,40200.00,Standard,,"{""demoLine"": true}"
EVENTS_KITCHEN,ORD-EVENTS_KITCHEN-00899,1,Vegetable Lasagna Pan,3,32000.00,96000.00,Standard,,"{""demoLine"": true}"
EVENTS_KITCHEN,ORD-EVENTS_KITCHEN-00899,2,Ginger Hibiscus Cooler,3,20100.00,60300.00,Standard,,"{""demoLine"": true}"
EVENTS_KITCHEN,ORD-EVENTS_KITCHEN-00900,1,Corporate Snack Board,3,92000.00,276000.00,Standard,,"{""demoLine"": true}"
EVENTS_KITCHEN,ORD-EVENTS_KITCHEN-00900,2,Mango Passion Juice,3,16500.00,49500.00,Standard,,"{""demoLine"": true}"
TAPAS_DOWNTOWN,ORD-TAPAS_DOWNTOWN-00901,1,Tomato Bruschetta,1,22000.00,22000.00,Standard,,"{""demoLine"": true}"
TAPAS_DOWNTOWN,ORD-TAPAS_DOWNTOWN-00901,2,Matoke Croquettes,1,32000.00,32000.00,Standard,,"{""demoLine"": true}"
ROOFTOP_BAR,ORD-ROOFTOP_BAR-00902,1,Rosemary Tonic Highball,1,24000.00,24000.00,Standard,,"{""demoLine"": true}"
GARDEN_CAFE,ORD-GARDEN_CAFE-00903,1,Herb Fries,1,11000.00,11000.00,Standard,,"{""demoLine"": true}"
GARDEN_CAFE,ORD-GARDEN_CAFE-00903,2,Garden Vegetable Pasta,3,33100.00,99300.00,Standard,,"{""demoLine"": true}"
EVENTS_KITCHEN,ORD-EVENTS_KITCHEN-00904,1,Tilapia Lemon Herb,2,56600.00,113200.00,Standard,,"{""demoLine"": true}"
EVENTS_KITCHEN,ORD-EVENTS_KITCHEN-00904,2,Mint Lime Spritz,2,18900.00,37800.00,Standard,,"{""demoLine"": true}"
EVENTS_KITCHEN,ORD-EVENTS_KITCHEN-00904,3,Halloumi Bites,1,30700.00,30700.00,Standard,,"{""demoLine"": true}"
TAPAS_DOWNTOWN,ORD-TAPAS_DOWNTOWN-00905,1,Spiced Chai,3,11000.00,33000.00,Standard,,"{""demoLine"": true}"
TAPAS_DOWNTOWN,ORD-TAPAS_DOWNTOWN-00905,2,Cafe Latte,2,12000.00,24000.00,Standard,,"{""demoLine"": true}"
TAPAS_DOWNTOWN,ORD-TAPAS_DOWNTOWN-00906,1,Smoked Eggplant Dip,3,16000.00,48000.00,Standard,,"{""demoLine"": true}"
TAPAS_DOWNTOWN,ORD-TAPAS_DOWNTOWN-00906,2,Americano,2,9000.00,18000.00,Standard,,"{""demoLine"": true}"
TAPAS_DOWNTOWN,ORD-TAPAS_DOWNTOWN-00906,3,Beef Fillet Plate,3,56000.00,168000.00,Standard,,"{""demoLine"": true}"
TAPAS_DOWNTOWN,ORD-TAPAS_DOWNTOWN-00907,1,Halloumi Bites,1,26000.00,26000.00,Standard,,"{""demoLine"": true}"
TAPAS_DOWNTOWN,ORD-TAPAS_DOWNTOWN-00907,2,Tilapia Lemon Herb,3,48000.00,144000.00,Standard,,"{""demoLine"": true}"
TAPAS_DOWNTOWN,ORD-TAPAS_DOWNTOWN-00908,1,Herb Fries,2,12000.00,24000.00,Standard,,"{""demoLine"": true}"
ROOFTOP_BAR,ORD-ROOFTOP_BAR-00909,1,Mint Lime Sky Spritz,1,17900.00,17900.00,Standard,,"{""demoLine"": true}"
ROOFTOP_BAR,ORD-ROOFTOP_BAR-00909,2,Spiced Chai,3,12300.00,36900.00,Standard,,"{""demoLine"": true}"
ROOFTOP_BAR,ORD-ROOFTOP_BAR-00910,1,Crispy Plantain Cups,1,20200.00,20200.00,Standard,,"{""demoLine"": true}"
ROOFTOP_BAR,ORD-ROOFTOP_BAR-00910,2,Chocolate Date Tart,2,26900.00,53800.00,Standard,,"{""demoLine"": true}"
ROOFTOP_BAR,ORD-ROOFTOP_BAR-00910,3,Mint Lime Sky Spritz,3,17900.00,53700.00,Standard,,"{""demoLine"": true}"
ROOFTOP_BAR,ORD-ROOFTOP_BAR-00911,1,Mango Passion Juice,2,15700.00,31400.00,Standard,,"{""demoLine"": true}"
ROOFTOP_BAR,ORD-ROOFTOP_BAR-00912,1,Passion Fruit Cheesecake,2,23500.00,47000.00,Standard,,"{""demoLine"": true}"
ROOFTOP_BAR,ORD-ROOFTOP_BAR-00912,2,Sesame Chicken Skewers,3,31400.00,94200.00,Standard,,"{""demoLine"": true}"
ROOFTOP_BAR,ORD-ROOFTOP_BAR-00912,3,Garden Vegetable Pasta,1,40300.00,40300.00,Standard,,"{""demoLine"": true}"
ROOFTOP_BAR,ORD-ROOFTOP_BAR-00912,4,Chocolate Date Tart,2,26900.00,53800.00,Standard,,"{""demoLine"": true}"
GARDEN_CAFE,ORD-GARDEN_CAFE-00913,1,Chocolate Date Tart,1,22100.00,22100.00,Standard,,"{""demoLine"": true}"
GARDEN_CAFE,ORD-GARDEN_CAFE-00913,2,Spiced Chai,3,10100.00,30300.00,Standard,,"{""demoLine"": true}"
GARDEN_CAFE,ORD-GARDEN_CAFE-00913,3,Beef Fillet Plate,3,51500.00,154500.00,Standard,,"{""demoLine"": true}"
GARDEN_CAFE,ORD-GARDEN_CAFE-00913,4,Tilapia Lemon Herb,2,44200.00,88400.00,Standard,,"{""demoLine"": true}"
GARDEN_CAFE,ORD-GARDEN_CAFE-00914,1,Garden Breakfast Plate,1,24000.00,24000.00,Standard,,"{""demoLine"": true}"
GARDEN_CAFE,ORD-GARDEN_CAFE-00914,2,Americano,2,8300.00,16600.00,Standard,,"{""demoLine"": true}"
GARDEN_CAFE,ORD-GARDEN_CAFE-00915,1,Berry Yoghurt Bowl,3,32000.00,96000.00,Standard,,"{""demoLine"": true}"
GARDEN_CAFE,ORD-GARDEN_CAFE-00915,2,Mango Passion Juice,1,12900.00,12900.00,Standard,,"{""demoLine"": true}"
GARDEN_CAFE,ORD-GARDEN_CAFE-00915,3,Banana Oat Pancakes,3,20000.00,60000.00,Standard,,"{""demoLine"": true}"
GARDEN_CAFE,ORD-GARDEN_CAFE-00915,4,Ginger Hibiscus Cooler,3,15600.00,46800.00,Standard,,"{""demoLine"": true}"
GARDEN_CAFE,ORD-GARDEN_CAFE-00916,1,Tomato Bruschetta,3,20200.00,60600.00,Standard,,"{""demoLine"": true}"
GARDEN_CAFE,ORD-GARDEN_CAFE-00916,2,Chocolate Date Tart,1,22100.00,22100.00,Standard,,"{""demoLine"": true}"
GARDEN_CAFE,ORD-GARDEN_CAFE-00916,3,Mint Lime Spritz,1,14700.00,14700.00,Standard,,"{""demoLine"": true}"
EVENTS_KITCHEN,ORD-EVENTS_KITCHEN-00917,1,Corporate Snack Board,2,92000.00,184000.00,Standard,,"{""demoLine"": true}"
EVENTS_KITCHEN,ORD-EVENTS_KITCHEN-00917,2,Vegetable Lasagna Pan,2,32000.00,64000.00,Standard,,"{""demoLine"": true}"
EVENTS_KITCHEN,ORD-EVENTS_KITCHEN-00917,3,Conference Tea Service,3,40000.00,120000.00,Standard,,"{""demoLine"": true}"
EVENTS_KITCHEN,ORD-EVENTS_KITCHEN-00918,1,Sesame Chicken Skewers,3,33000.00,99000.00,Standard,,"{""demoLine"": true}"
EVENTS_KITCHEN,ORD-EVENTS_KITCHEN-00918,2,Halloumi Bites,2,30700.00,61400.00,Standard,,"{""demoLine"": true}"
EVENTS_KITCHEN,ORD-EVENTS_KITCHEN-00918,3,Beef Fillet Plate,3,66100.00,198300.00,Standard,,"{""demoLine"": true}"
EVENTS_KITCHEN,ORD-EVENTS_KITCHEN-00919,1,Tilapia Lemon Herb,3,56600.00,169800.00,Standard,,"{""demoLine"": true}"
EVENTS_KITCHEN,ORD-EVENTS_KITCHEN-00919,2,Conference Tea Service,3,40000.00,120000.00,Standard,,"{""demoLine"": true}"
EVENTS_KITCHEN,ORD-EVENTS_KITCHEN-00919,3,Mini Dessert Flight,3,36000.00,108000.00,Standard,,"{""demoLine"": true}"
EVENTS_KITCHEN,ORD-EVENTS_KITCHEN-00920,1,Garden Vegetable Pasta,1,42500.00,42500.00,Standard,,"{""demoLine"": true}"
EVENTS_KITCHEN,ORD-EVENTS_KITCHEN-00920,2,Grilled Chicken Bowl,3,49600.00,148800.00,Standard,,"{""demoLine"": true}"
TAPAS_DOWNTOWN,ORD-TAPAS_DOWNTOWN-00921,1,Mushroom Risotto,3,38000.00,114000.00,Standard,,"{""demoLine"": true}"
TAPAS_DOWNTOWN,ORD-TAPAS_DOWNTOWN-00922,1,Passion Fruit Cheesecake,3,21000.00,63000.00,Standard,,"{""demoLine"": true}"
TAPAS_DOWNTOWN,ORD-TAPAS_DOWNTOWN-00922,2,Grilled Chicken Bowl,1,42000.00,42000.00,Standard,,"{""demoLine"": true}"
TAPAS_DOWNTOWN,ORD-TAPAS_DOWNTOWN-00922,3,Smoked Eggplant Dip,3,16000.00,48000.00,Standard,,"{""demoLine"": true}"
TAPAS_DOWNTOWN,ORD-TAPAS_DOWNTOWN-00922,4,Beef Fillet Plate,2,56000.00,112000.00,Standard,,"{""demoLine"": true}"
TAPAS_DOWNTOWN,ORD-TAPAS_DOWNTOWN-00923,1,Mango Passion Juice,1,14000.00,14000.00,Standard,,"{""demoLine"": true}"
TAPAS_DOWNTOWN,ORD-TAPAS_DOWNTOWN-00923,2,Tilapia Lemon Herb,2,48000.00,96000.00,Standard,,"{""demoLine"": true}"
TAPAS_DOWNTOWN,ORD-TAPAS_DOWNTOWN-00923,3,Cafe Latte,3,12000.00,36000.00,Standard,,"{""demoLine"": true}"
TAPAS_DOWNTOWN,ORD-TAPAS_DOWNTOWN-00923,4,Garden Vegetable Pasta,2,36000.00,72000.00,Standard,,"{""demoLine"": true}"
TAPAS_DOWNTOWN,ORD-TAPAS_DOWNTOWN-00924,1,Mango Passion Juice,1,14000.00,14000.00,Standard,,"{""demoLine"": true}"
TAPAS_DOWNTOWN,ORD-TAPAS_DOWNTOWN-00924,2,Citrus Greens Bowl,2,28000.00,56000.00,Standard,,"{""demoLine"": true}"
TAPAS_DOWNTOWN,ORD-TAPAS_DOWNTOWN-00924,3,Tilapia Lemon Herb,1,48000.00,48000.00,Standard,,"{""demoLine"": true}"
TAPAS_DOWNTOWN,ORD-TAPAS_DOWNTOWN-00924,4,Crispy Plantain Cups,3,18000.00,54000.00,Standard,,"{""demoLine"": true}"
TAPAS_DOWNTOWN,ORD-TAPAS_DOWNTOWN-00925,1,Tilapia Lemon Herb,2,48000.00,96000.00,Standard,,"{""demoLine"": true}"
TAPAS_DOWNTOWN,ORD-TAPAS_DOWNTOWN-00925,2,Mint Lime Spritz,1,16000.00,16000.00,Standard,,"{""demoLine"": true}"
TAPAS_DOWNTOWN,ORD-TAPAS_DOWNTOWN-00925,3,Mango Passion Juice,3,14000.00,42000.00,Standard,,"{""demoLine"": true}"
ROOFTOP_BAR,ORD-ROOFTOP_BAR-00926,1,Rosemary Tonic Highball,3,24000.00,72000.00,Standard,,"{""demoLine"": true}"
ROOFTOP_BAR,ORD-ROOFTOP_BAR-00927,1,Cranberry Lime Nojito,1,28000.00,28000.00,Standard,,"{""demoLine"": true}"
ROOFTOP_BAR,ORD-ROOFTOP_BAR-00927,2,Halloumi Bites,2,29100.00,58200.00,Standard,,"{""demoLine"": true}"
ROOFTOP_BAR,ORD-ROOFTOP_BAR-00927,3,Passion Fruit Cheesecake,1,23500.00,23500.00,Standard,,"{""demoLine"": true}"
ROOFTOP_BAR,ORD-ROOFTOP_BAR-00927,4,Crispy Plantain Cups,2,20200.00,40400.00,Standard,,"{""demoLine"": true}"
ROOFTOP_BAR,ORD-ROOFTOP_BAR-00928,1,Passion Fruit Cheesecake,1,23500.00,23500.00,Standard,,"{""demoLine"": true}"
ROOFTOP_BAR,ORD-ROOFTOP_BAR-00928,2,Herb Fries,3,13400.00,40200.00,Standard,,"{""demoLine"": true}"
ROOFTOP_BAR,ORD-ROOFTOP_BAR-00928,3,Cafe Latte,2,13400.00,26800.00,Standard,,"{""demoLine"": true}"
ROOFTOP_BAR,ORD-ROOFTOP_BAR-00929,1,Cafe Latte,2,13400.00,26800.00,Standard,,"{""demoLine"": true}"
ROOFTOP_BAR,ORD-ROOFTOP_BAR-00929,2,Cranberry Lime Nojito,2,28000.00,56000.00,Standard,,"{""demoLine"": true}"
ROOFTOP_BAR,ORD-ROOFTOP_BAR-00930,1,Seasonal Salad,3,16800.00,50400.00,Standard,,"{""demoLine"": true}"
ROOFTOP_BAR,ORD-ROOFTOP_BAR-00930,2,Tilapia Lemon Herb,1,53800.00,53800.00,Standard,,"{""demoLine"": true}"
ROOFTOP_BAR,ORD-ROOFTOP_BAR-00930,3,Halloumi Bites,1,29100.00,29100.00,Standard,,"{""demoLine"": true}"
GARDEN_CAFE,ORD-GARDEN_CAFE-00931,1,Avocado Toast Stack,1,16000.00,16000.00,Standard,,"{""demoLine"": true}"
GARDEN_CAFE,ORD-GARDEN_CAFE-00931,2,Banana Oat Pancakes,2,20000.00,40000.00,Standard,,"{""demoLine"": true}"
GARDEN_CAFE,ORD-GARDEN_CAFE-00931,3,Grilled Chicken Bowl,1,38600.00,38600.00,Standard,,"{""demoLine"": true}"
GARDEN_CAFE,ORD-GARDEN_CAFE-00931,4,Garden Vegetable Pasta,1,33100.00,33100.00,Standard,,"{""demoLine"": true}"
GARDEN_CAFE,ORD-GARDEN_CAFE-00932,1,Mint Lime Spritz,3,14700.00,44100.00,Standard,,"{""demoLine"": true}"
GARDEN_CAFE,ORD-GARDEN_CAFE-00932,2,Mushroom Risotto,3,35000.00,105000.00,Standard,,"{""demoLine"": true}"
GARDEN_CAFE,ORD-GARDEN_CAFE-00932,3,Halloumi Bites,1,23900.00,23900.00,Standard,,"{""demoLine"": true}"
GARDEN_CAFE,ORD-GARDEN_CAFE-00932,4,Beef Fillet Plate,3,51500.00,154500.00,Standard,,"{""demoLine"": true}"
GARDEN_CAFE,ORD-GARDEN_CAFE-00933,1,Sesame Chicken Skewers,2,25800.00,51600.00,Standard,,"{""demoLine"": true}"
GARDEN_CAFE,ORD-GARDEN_CAFE-00933,2,Garden Breakfast Plate,2,24000.00,48000.00,Standard,,"{""demoLine"": true}"
GARDEN_CAFE,ORD-GARDEN_CAFE-00933,3,Banana Oat Pancakes,3,20000.00,60000.00,Standard,,"{""demoLine"": true}"
GARDEN_CAFE,ORD-GARDEN_CAFE-00933,4,Crispy Plantain Cups,1,16600.00,16600.00,Standard,,"{""demoLine"": true}"
GARDEN_CAFE,ORD-GARDEN_CAFE-00934,1,Herb Fries,3,11000.00,33000.00,Standard,,"{""demoLine"": true}"
GARDEN_CAFE,ORD-GARDEN_CAFE-00934,2,Cafe Latte,1,11000.00,11000.00,Standard,,"{""demoLine"": true}"
GARDEN_CAFE,ORD-GARDEN_CAFE-00934,3,Garden Breakfast Plate,2,24000.00,48000.00,Standard,,"{""demoLine"": true}"
GARDEN_CAFE,ORD-GARDEN_CAFE-00934,4,Avocado Toast Stack,2,16000.00,32000.00,Standard,,"{""demoLine"": true}"
GARDEN_CAFE,ORD-GARDEN_CAFE-00935,1,Garden Breakfast Plate,3,24000.00,72000.00,Standard,,"{""demoLine"": true}"
GARDEN_CAFE,ORD-GARDEN_CAFE-00935,2,Chocolate Date Tart,3,22100.00,66300.00,Standard,,"{""demoLine"": true}"
GARDEN_CAFE,ORD-GARDEN_CAFE-00935,3,Banana Oat Pancakes,2,20000.00,40000.00,Standard,,"{""demoLine"": true}"
GARDEN_CAFE,ORD-GARDEN_CAFE-00935,4,Spiced Chai,1,10100.00,10100.00,Standard,,"{""demoLine"": true}"
EVENTS_KITCHEN,ORD-EVENTS_KITCHEN-00936,1,Mango Passion Juice,3,16500.00,49500.00,Standard,,"{""demoLine"": true}"
EVENTS_KITCHEN,ORD-EVENTS_KITCHEN-00936,2,Crispy Plantain Cups,1,21200.00,21200.00,Standard,,"{""demoLine"": true}"
EVENTS_KITCHEN,ORD-EVENTS_KITCHEN-00936,3,Banquet Mezze Platter,3,112100.00,336300.00,Standard,,"{""demoLine"": true}"
EVENTS_KITCHEN,ORD-EVENTS_KITCHEN-00936,4,Tilapia Lemon Herb,1,56600.00,56600.00,Standard,,"{""demoLine"": true}"
EVENTS_KITCHEN,ORD-EVENTS_KITCHEN-00937,1,Vegetable Lasagna Pan,1,32000.00,32000.00,Standard,,"{""demoLine"": true}"
EVENTS_KITCHEN,ORD-EVENTS_KITCHEN-00937,2,Mango Passion Juice,2,16500.00,33000.00,Standard,,"{""demoLine"": true}"
EVENTS_KITCHEN,ORD-EVENTS_KITCHEN-00937,3,Tomato Bruschetta,2,26000.00,52000.00,Standard,,"{""demoLine"": true}"
EVENTS_KITCHEN,ORD-EVENTS_KITCHEN-00937,4,Ginger Hibiscus Cooler,3,20100.00,60300.00,Standard,,"{""demoLine"": true}"
EVENTS_KITCHEN,ORD-EVENTS_KITCHEN-00938,1,Mini Dessert Flight,3,36000.00,108000.00,Standard,,"{""demoLine"": true}"
EVENTS_KITCHEN,ORD-EVENTS_KITCHEN-00939,1,Mango Passion Juice,1,16500.00,16500.00,Standard,,"{""demoLine"": true}"
EVENTS_KITCHEN,ORD-EVENTS_KITCHEN-00939,2,Mint Lime Spritz,2,18900.00,37800.00,Standard,,"{""demoLine"": true}"
EVENTS_KITCHEN,ORD-EVENTS_KITCHEN-00940,1,Banquet Mezze Platter,3,112100.00,336300.00,Standard,,"{""demoLine"": true}"
TAPAS_DOWNTOWN,ORD-TAPAS_DOWNTOWN-00941,1,Halloumi Bites,3,26000.00,78000.00,Standard,,"{""demoLine"": true}"
TAPAS_DOWNTOWN,ORD-TAPAS_DOWNTOWN-00941,2,Tilapia Lemon Herb,3,48000.00,144000.00,Standard,,"{""demoLine"": true}"
TAPAS_DOWNTOWN,ORD-TAPAS_DOWNTOWN-00941,3,Charred Octopus Style Mushroom,2,20000.00,40000.00,Standard,,"{""demoLine"": true}"
TAPAS_DOWNTOWN,ORD-TAPAS_DOWNTOWN-00942,1,Cafe Latte,1,12000.00,12000.00,Standard,,"{""demoLine"": true}"
TAPAS_DOWNTOWN,ORD-TAPAS_DOWNTOWN-00943,1,Mint Lime Spritz,2,16000.00,32000.00,Standard,,"{""demoLine"": true}"
TAPAS_DOWNTOWN,ORD-TAPAS_DOWNTOWN-00944,1,Matoke Croquettes,2,32000.00,64000.00,Standard,,"{""demoLine"": true}"
TAPAS_DOWNTOWN,ORD-TAPAS_DOWNTOWN-00944,2,Crispy Plantain Cups,1,18000.00,18000.00,Standard,,"{""demoLine"": true}"
TAPAS_DOWNTOWN,ORD-TAPAS_DOWNTOWN-00944,3,Tilapia Lemon Herb,2,48000.00,96000.00,Standard,,"{""demoLine"": true}"
TAPAS_DOWNTOWN,ORD-TAPAS_DOWNTOWN-00945,1,Crispy Plantain Cups,2,18000.00,36000.00,Standard,,"{""demoLine"": true}"
TAPAS_DOWNTOWN,ORD-TAPAS_DOWNTOWN-00945,2,Charred Octopus Style Mushroom,1,20000.00,20000.00,Standard,,"{""demoLine"": true}"
TAPAS_DOWNTOWN,ORD-TAPAS_DOWNTOWN-00945,3,Tilapia Lemon Herb,1,48000.00,48000.00,Standard,,"{""demoLine"": true}"
TAPAS_DOWNTOWN,ORD-TAPAS_DOWNTOWN-00945,4,Sesame Chicken Skewers,3,28000.00,84000.00,Standard,,"{""demoLine"": true}"
TAPAS_DOWNTOWN,ORD-TAPAS_DOWNTOWN-00946,1,Herb Fries,1,12000.00,12000.00,Standard,,"{""demoLine"": true}"
TAPAS_DOWNTOWN,ORD-TAPAS_DOWNTOWN-00946,2,Mint Lime Spritz,3,16000.00,48000.00,Standard,,"{""demoLine"": true}"
TAPAS_DOWNTOWN,ORD-TAPAS_DOWNTOWN-00946,3,Crispy Plantain Cups,2,18000.00,36000.00,Standard,,"{""demoLine"": true}"
TAPAS_DOWNTOWN,ORD-TAPAS_DOWNTOWN-00946,4,Americano,2,9000.00,18000.00,Standard,,"{""demoLine"": true}"
ROOFTOP_BAR,ORD-ROOFTOP_BAR-00947,1,Garlic Flatbread,2,11200.00,22400.00,Standard,,"{""demoLine"": true}"
ROOFTOP_BAR,ORD-ROOFTOP_BAR-00947,2,Cranberry Lime Nojito,2,28000.00,56000.00,Standard,,"{""demoLine"": true}"
ROOFTOP_BAR,ORD-ROOFTOP_BAR-00947,3,Passion Fruit Cheesecake,1,23500.00,23500.00,Standard,,"{""demoLine"": true}"
ROOFTOP_BAR,ORD-ROOFTOP_BAR-00947,4,Sesame Chicken Skewers,1,31400.00,31400.00,Standard,,"{""demoLine"": true}"
ROOFTOP_BAR,ORD-ROOFTOP_BAR-00948,1,Americano,3,10100.00,30300.00,Standard,,"{""demoLine"": true}"
ROOFTOP_BAR,ORD-ROOFTOP_BAR-00948,2,Seasonal Salad,2,16800.00,33600.00,Standard,,"{""demoLine"": true}"
ROOFTOP_BAR,ORD-ROOFTOP_BAR-00949,1,Halloumi Bites,2,29100.00,58200.00,Standard,,"{""demoLine"": true}"
ROOFTOP_BAR,ORD-ROOFTOP_BAR-00949,2,Rosemary Tonic Highball,1,24000.00,24000.00,Standard,,"{""demoLine"": true}"
ROOFTOP_BAR,ORD-ROOFTOP_BAR-00949,3,Garlic Flatbread,3,11200.00,33600.00,Standard,,"{""demoLine"": true}"
ROOFTOP_BAR,ORD-ROOFTOP_BAR-00950,1,Sesame Chicken Skewers,3,31400.00,94200.00,Standard,,"{""demoLine"": true}"
ROOFTOP_BAR,ORD-ROOFTOP_BAR-00950,2,Ginger Hibiscus Rooftop Cooler,2,19000.00,38000.00,Standard,,"{""demoLine"": true}"
ROOFTOP_BAR,ORD-ROOFTOP_BAR-00950,3,Cranberry Lime Nojito,1,28000.00,28000.00,Standard,,"{""demoLine"": true}"
ROOFTOP_BAR,ORD-ROOFTOP_BAR-00950,4,Americano,1,10100.00,10100.00,Standard,,"{""demoLine"": true}"
ROOFTOP_BAR,ORD-ROOFTOP_BAR-00951,1,Rosemary Tonic Highball,1,24000.00,24000.00,Standard,,"{""demoLine"": true}"
ROOFTOP_BAR,ORD-ROOFTOP_BAR-00951,2,Garden Vegetable Pasta,1,40300.00,40300.00,Standard,,"{""demoLine"": true}"
ROOFTOP_BAR,ORD-ROOFTOP_BAR-00952,1,Rosemary Tonic Highball,3,24000.00,72000.00,Standard,,"{""demoLine"": true}"
ROOFTOP_BAR,ORD-ROOFTOP_BAR-00952,2,Ginger Hibiscus Rooftop Cooler,2,19000.00,38000.00,Standard,,"{""demoLine"": true}"
ROOFTOP_BAR,ORD-ROOFTOP_BAR-00952,3,Mint Lime Sky Spritz,3,17900.00,53700.00,Standard,,"{""demoLine"": true}"
ROOFTOP_BAR,ORD-ROOFTOP_BAR-00952,4,Spiced Chai,3,12300.00,36900.00,Standard,,"{""demoLine"": true}"
GARDEN_CAFE,ORD-GARDEN_CAFE-00953,1,Banana Oat Pancakes,3,20000.00,60000.00,Standard,,"{""demoLine"": true}"
GARDEN_CAFE,ORD-GARDEN_CAFE-00954,1,Ginger Hibiscus Cooler,1,15600.00,15600.00,Standard,,"{""demoLine"": true}"
GARDEN_CAFE,ORD-GARDEN_CAFE-00955,1,Tilapia Lemon Herb,1,44200.00,44200.00,Standard,,"{""demoLine"": true}"
GARDEN_CAFE,ORD-GARDEN_CAFE-00956,1,Avocado Toast Stack,3,16000.00,48000.00,Standard,,"{""demoLine"": true}"
GARDEN_CAFE,ORD-GARDEN_CAFE-00956,2,Cafe Latte,1,11000.00,11000.00,Standard,,"{""demoLine"": true}"
GARDEN_CAFE,ORD-GARDEN_CAFE-00957,1,Halloumi Bites,2,23900.00,47800.00,Standard,,"{""demoLine"": true}"
GARDEN_CAFE,ORD-GARDEN_CAFE-00958,1,Grilled Chicken Bowl,1,38600.00,38600.00,Standard,,"{""demoLine"": true}"
GARDEN_CAFE,ORD-GARDEN_CAFE-00958,2,Seasonal Salad,2,13800.00,27600.00,Standard,,"{""demoLine"": true}"
GARDEN_CAFE,ORD-GARDEN_CAFE-00958,3,Avocado Toast Stack,2,16000.00,32000.00,Standard,,"{""demoLine"": true}"
EVENTS_KITCHEN,ORD-EVENTS_KITCHEN-00959,1,Mushroom Risotto,3,44800.00,134400.00,Standard,,"{""demoLine"": true}"
EVENTS_KITCHEN,ORD-EVENTS_KITCHEN-00959,2,Americano,3,10600.00,31800.00,Standard,,"{""demoLine"": true}"
EVENTS_KITCHEN,ORD-EVENTS_KITCHEN-00960,1,Banquet Chicken Tray,3,24000.00,72000.00,Standard,,"{""demoLine"": true}"
EVENTS_KITCHEN,ORD-EVENTS_KITCHEN-00960,2,Passion Fruit Cheesecake,3,24800.00,74400.00,Standard,,"{""demoLine"": true}"
EVENTS_KITCHEN,ORD-EVENTS_KITCHEN-00960,3,Mango Passion Juice,1,16500.00,16500.00,Standard,,"{""demoLine"": true}"
EVENTS_KITCHEN,ORD-EVENTS_KITCHEN-00960,4,Tomato Bruschetta,2,26000.00,52000.00,Standard,,"{""demoLine"": true}"
EVENTS_KITCHEN,ORD-EVENTS_KITCHEN-00961,1,Spiced Chai,3,13000.00,39000.00,Standard,,"{""demoLine"": true}"
EVENTS_KITCHEN,ORD-EVENTS_KITCHEN-00961,2,Chocolate Date Tart,2,28300.00,56600.00,Standard,,"{""demoLine"": true}"
EVENTS_KITCHEN,ORD-EVENTS_KITCHEN-00962,1,Banquet Chicken Tray,1,24000.00,24000.00,Standard,,"{""demoLine"": true}"
EVENTS_KITCHEN,ORD-EVENTS_KITCHEN-00962,2,Mini Dessert Flight,1,36000.00,36000.00,Standard,,"{""demoLine"": true}"
EVENTS_KITCHEN,ORD-EVENTS_KITCHEN-00962,3,Banquet Mezze Platter,1,112100.00,112100.00,Standard,,"{""demoLine"": true}"
EVENTS_KITCHEN,ORD-EVENTS_KITCHEN-00962,4,Vegetable Lasagna Pan,1,32000.00,32000.00,Standard,,"{""demoLine"": true}"
EVENTS_KITCHEN,ORD-EVENTS_KITCHEN-00963,1,Herb Fries,3,14200.00,42600.00,Standard,,"{""demoLine"": true}"
EVENTS_KITCHEN,ORD-EVENTS_KITCHEN-00963,2,Tomato Bruschetta,3,26000.00,78000.00,Standard,,"{""demoLine"": true}"
EVENTS_KITCHEN,ORD-EVENTS_KITCHEN-00963,3,Corporate Snack Board,2,92000.00,184000.00,Standard,,"{""demoLine"": true}"
EVENTS_KITCHEN,ORD-EVENTS_KITCHEN-00963,4,Grilled Chicken Bowl,2,49600.00,99200.00,Standard,,"{""demoLine"": true}"
EVENTS_KITCHEN,ORD-EVENTS_KITCHEN-00964,1,Tilapia Lemon Herb,2,56600.00,113200.00,Standard,,"{""demoLine"": true}"
EVENTS_KITCHEN,ORD-EVENTS_KITCHEN-00964,2,Mint Lime Spritz,2,18900.00,37800.00,Standard,,"{""demoLine"": true}"
EVENTS_KITCHEN,ORD-EVENTS_KITCHEN-00964,3,Corporate Snack Board,1,92000.00,92000.00,Standard,,"{""demoLine"": true}"
TAPAS_DOWNTOWN,ORD-TAPAS_DOWNTOWN-00965,1,Grilled Chicken Bowl,3,42000.00,126000.00,Standard,,"{""demoLine"": true}"
TAPAS_DOWNTOWN,ORD-TAPAS_DOWNTOWN-00966,1,Chicken Empanada Trio,1,24000.00,24000.00,Standard,,"{""demoLine"": true}"
TAPAS_DOWNTOWN,ORD-TAPAS_DOWNTOWN-00966,2,Americano,2,9000.00,18000.00,Standard,,"{""demoLine"": true}"
TAPAS_DOWNTOWN,ORD-TAPAS_DOWNTOWN-00966,3,Tilapia Lemon Herb,2,48000.00,96000.00,Standard,,"{""demoLine"": true}"
TAPAS_DOWNTOWN,ORD-TAPAS_DOWNTOWN-00967,1,Chocolate Date Tart,3,24000.00,72000.00,Standard,,"{""demoLine"": true}"
TAPAS_DOWNTOWN,ORD-TAPAS_DOWNTOWN-00967,2,Passion Fruit Cheesecake,2,21000.00,42000.00,Standard,,"{""demoLine"": true}"
TAPAS_DOWNTOWN,ORD-TAPAS_DOWNTOWN-00967,3,Mango Passion Juice,3,14000.00,42000.00,Standard,,"{""demoLine"": true}"
TAPAS_DOWNTOWN,ORD-TAPAS_DOWNTOWN-00968,1,Crispy Plantain Cups,3,18000.00,54000.00,Standard,,"{""demoLine"": true}"
TAPAS_DOWNTOWN,ORD-TAPAS_DOWNTOWN-00968,2,Herb Fries,3,12000.00,36000.00,Standard,,"{""demoLine"": true}"
TAPAS_DOWNTOWN,ORD-TAPAS_DOWNTOWN-00968,3,Chocolate Date Tart,1,24000.00,24000.00,Standard,,"{""demoLine"": true}"
TAPAS_DOWNTOWN,ORD-TAPAS_DOWNTOWN-00969,1,Ginger Hibiscus Cooler,3,17000.00,51000.00,Standard,,"{""demoLine"": true}"
TAPAS_DOWNTOWN,ORD-TAPAS_DOWNTOWN-00969,2,Garlic Flatbread,3,10000.00,30000.00,Standard,,"{""demoLine"": true}"
TAPAS_DOWNTOWN,ORD-TAPAS_DOWNTOWN-00969,3,Garden Vegetable Pasta,2,36000.00,72000.00,Standard,,"{""demoLine"": true}"
TAPAS_DOWNTOWN,ORD-TAPAS_DOWNTOWN-00969,4,Citrus Greens Bowl,1,28000.00,28000.00,Standard,,"{""demoLine"": true}"
TAPAS_DOWNTOWN,ORD-TAPAS_DOWNTOWN-00970,1,Halloumi Bites,1,26000.00,26000.00,Standard,,"{""demoLine"": true}"
TAPAS_DOWNTOWN,ORD-TAPAS_DOWNTOWN-00970,2,Chocolate Date Tart,3,24000.00,72000.00,Standard,,"{""demoLine"": true}"
TAPAS_DOWNTOWN,ORD-TAPAS_DOWNTOWN-00970,3,Ginger Hibiscus Cooler,2,17000.00,34000.00,Standard,,"{""demoLine"": true}"
TAPAS_DOWNTOWN,ORD-TAPAS_DOWNTOWN-00970,4,Americano,2,9000.00,18000.00,Standard,,"{""demoLine"": true}"
TAPAS_DOWNTOWN,ORD-TAPAS_DOWNTOWN-00971,1,Mango Passion Juice,3,14000.00,42000.00,Standard,,"{""demoLine"": true}"
TAPAS_DOWNTOWN,ORD-TAPAS_DOWNTOWN-00971,2,Ginger Hibiscus Cooler,2,17000.00,34000.00,Standard,,"{""demoLine"": true}"
ROOFTOP_BAR,ORD-ROOFTOP_BAR-00972,1,Passion Fruit Cheesecake,3,23500.00,70500.00,Standard,,"{""demoLine"": true}"
ROOFTOP_BAR,ORD-ROOFTOP_BAR-00972,2,Halloumi Bites,1,29100.00,29100.00,Standard,,"{""demoLine"": true}"
ROOFTOP_BAR,ORD-ROOFTOP_BAR-00972,3,Chocolate Date Tart,1,26900.00,26900.00,Standard,,"{""demoLine"": true}"
ROOFTOP_BAR,ORD-ROOFTOP_BAR-00972,4,Rosemary Tonic Highball,2,24000.00,48000.00,Standard,,"{""demoLine"": true}"
ROOFTOP_BAR,ORD-ROOFTOP_BAR-00973,1,Sesame Chicken Skewers,3,31400.00,94200.00,Standard,,"{""demoLine"": true}"
ROOFTOP_BAR,ORD-ROOFTOP_BAR-00974,1,Skyline Mezze Cups,2,16000.00,32000.00,Standard,,"{""demoLine"": true}"
ROOFTOP_BAR,ORD-ROOFTOP_BAR-00975,1,Cranberry Lime Nojito,3,28000.00,84000.00,Standard,,"{""demoLine"": true}"
ROOFTOP_BAR,ORD-ROOFTOP_BAR-00975,2,Rosemary Tonic Highball,3,24000.00,72000.00,Standard,,"{""demoLine"": true}"
ROOFTOP_BAR,ORD-ROOFTOP_BAR-00975,3,Sesame Chicken Skewers,1,31400.00,31400.00,Standard,,"{""demoLine"": true}"
ROOFTOP_BAR,ORD-ROOFTOP_BAR-00975,4,Garlic Flatbread,1,11200.00,11200.00,Standard,,"{""demoLine"": true}"
ROOFTOP_BAR,ORD-ROOFTOP_BAR-00976,1,Skyline Mezze Cups,1,16000.00,16000.00,Standard,,"{""demoLine"": true}"
ROOFTOP_BAR,ORD-ROOFTOP_BAR-00976,2,Sesame Chicken Skewers,3,31400.00,94200.00,Standard,,"{""demoLine"": true}"
ROOFTOP_BAR,ORD-ROOFTOP_BAR-00976,3,Cucumber Basil Fizz,1,20000.00,20000.00,Standard,,"{""demoLine"": true}"
ROOFTOP_BAR,ORD-ROOFTOP_BAR-00976,4,Halloumi Bites,2,29100.00,58200.00,Standard,,"{""demoLine"": true}"
ROOFTOP_BAR,ORD-ROOFTOP_BAR-00977,1,Americano,1,10100.00,10100.00,Standard,,"{""demoLine"": true}"
ROOFTOP_BAR,ORD-ROOFTOP_BAR-00977,2,Tilapia Lemon Herb,2,53800.00,107600.00,Standard,,"{""demoLine"": true}"
ROOFTOP_BAR,ORD-ROOFTOP_BAR-00977,3,Garden Vegetable Pasta,3,40300.00,120900.00,Standard,,"{""demoLine"": true}"
ROOFTOP_BAR,ORD-ROOFTOP_BAR-00977,4,Passion Fruit Cheesecake,3,23500.00,70500.00,Standard,,"{""demoLine"": true}"
ROOFTOP_BAR,ORD-ROOFTOP_BAR-00978,1,Halloumi Bites,3,29100.00,87300.00,Standard,,"{""demoLine"": true}"
ROOFTOP_BAR,ORD-ROOFTOP_BAR-00978,2,Rosemary Tonic Highball,3,24000.00,72000.00,Standard,,"{""demoLine"": true}"
ROOFTOP_BAR,ORD-ROOFTOP_BAR-00978,3,Crispy Plantain Cups,3,20200.00,60600.00,Standard,,"{""demoLine"": true}"
ROOFTOP_BAR,ORD-ROOFTOP_BAR-00978,4,Garlic Flatbread,1,11200.00,11200.00,Standard,,"{""demoLine"": true}"
GARDEN_CAFE,ORD-GARDEN_CAFE-00979,1,Americano,1,8300.00,8300.00,Standard,,"{""demoLine"": true}"
GARDEN_CAFE,ORD-GARDEN_CAFE-00980,1,Tilapia Lemon Herb,3,44200.00,132600.00,Standard,,"{""demoLine"": true}"
GARDEN_CAFE,ORD-GARDEN_CAFE-00980,2,Passion Fruit Cheesecake,2,19300.00,38600.00,Standard,,"{""demoLine"": true}"
GARDEN_CAFE,ORD-GARDEN_CAFE-00980,3,Tomato Bruschetta,2,20200.00,40400.00,Standard,,"{""demoLine"": true}"
GARDEN_CAFE,ORD-GARDEN_CAFE-00981,1,Iced Vanilla Coffee,1,28000.00,28000.00,Standard,,"{""demoLine"": true}"
GARDEN_CAFE,ORD-GARDEN_CAFE-00981,2,Sesame Chicken Skewers,1,25800.00,25800.00,Standard,,"{""demoLine"": true}"
GARDEN_CAFE,ORD-GARDEN_CAFE-00981,3,Passion Fruit Cheesecake,2,19300.00,38600.00,Standard,,"{""demoLine"": true}"
GARDEN_CAFE,ORD-GARDEN_CAFE-00982,1,Iced Vanilla Coffee,3,28000.00,84000.00,Standard,,"{""demoLine"": true}"
GARDEN_CAFE,ORD-GARDEN_CAFE-00982,2,Banana Oat Pancakes,1,20000.00,20000.00,Standard,,"{""demoLine"": true}"
GARDEN_CAFE,ORD-GARDEN_CAFE-00982,3,Chocolate Date Tart,1,22100.00,22100.00,Standard,,"{""demoLine"": true}"
GARDEN_CAFE,ORD-GARDEN_CAFE-00983,1,Spiced Chai,3,10100.00,30300.00,Standard,,"{""demoLine"": true}"
GARDEN_CAFE,ORD-GARDEN_CAFE-00983,2,Passion Fruit Cheesecake,1,19300.00,19300.00,Standard,,"{""demoLine"": true}"
GARDEN_CAFE,ORD-GARDEN_CAFE-00984,1,Garden Breakfast Plate,2,24000.00,48000.00,Standard,,"{""demoLine"": true}"
GARDEN_CAFE,ORD-GARDEN_CAFE-00984,2,Garlic Flatbread,3,9200.00,27600.00,Standard,,"{""demoLine"": true}"
GARDEN_CAFE,ORD-GARDEN_CAFE-00984,3,Tomato Bruschetta,2,20200.00,40400.00,Standard,,"{""demoLine"": true}"
GARDEN_CAFE,ORD-GARDEN_CAFE-00984,4,Crispy Plantain Cups,1,16600.00,16600.00,Standard,,"{""demoLine"": true}"
GARDEN_CAFE,ORD-GARDEN_CAFE-00985,1,Herb Fries,1,11000.00,11000.00,Standard,,"{""demoLine"": true}"
GARDEN_CAFE,ORD-GARDEN_CAFE-00985,2,Tilapia Lemon Herb,1,44200.00,44200.00,Standard,,"{""demoLine"": true}"
GARDEN_CAFE,ORD-GARDEN_CAFE-00985,3,Mint Lime Spritz,3,14700.00,44100.00,Standard,,"{""demoLine"": true}"
GARDEN_CAFE,ORD-GARDEN_CAFE-00985,4,Sesame Chicken Skewers,1,25800.00,25800.00,Standard,,"{""demoLine"": true}"
EVENTS_KITCHEN,ORD-EVENTS_KITCHEN-00986,1,Mini Dessert Flight,1,36000.00,36000.00,Standard,,"{""demoLine"": true}"
EVENTS_KITCHEN,ORD-EVENTS_KITCHEN-00986,2,Garlic Flatbread,3,11800.00,35400.00,Standard,,"{""demoLine"": true}"
EVENTS_KITCHEN,ORD-EVENTS_KITCHEN-00986,3,Mint Lime Spritz,1,18900.00,18900.00,Standard,,"{""demoLine"": true}"
EVENTS_KITCHEN,ORD-EVENTS_KITCHEN-00987,1,Banquet Mezze Platter,2,112100.00,224200.00,Standard,,"{""demoLine"": true}"
EVENTS_KITCHEN,ORD-EVENTS_KITCHEN-00987,2,Herb Fries,3,14200.00,42600.00,Standard,,"{""demoLine"": true}"
EVENTS_KITCHEN,ORD-EVENTS_KITCHEN-00987,3,Passion Fruit Cheesecake,1,24800.00,24800.00,Standard,,"{""demoLine"": true}"
EVENTS_KITCHEN,ORD-EVENTS_KITCHEN-00987,4,Tomato Bruschetta,1,26000.00,26000.00,Standard,,"{""demoLine"": true}"
EVENTS_KITCHEN,ORD-EVENTS_KITCHEN-00988,1,Garden Vegetable Pasta,1,42500.00,42500.00,Standard,,"{""demoLine"": true}"
EVENTS_KITCHEN,ORD-EVENTS_KITCHEN-00989,1,Conference Tea Service,2,40000.00,80000.00,Standard,,"{""demoLine"": true}"
EVENTS_KITCHEN,ORD-EVENTS_KITCHEN-00990,1,Garden Vegetable Pasta,2,42500.00,85000.00,Standard,,"{""demoLine"": true}"
EVENTS_KITCHEN,ORD-EVENTS_KITCHEN-00991,1,Mini Dessert Flight,1,36000.00,36000.00,Standard,,"{""demoLine"": true}"
EVENTS_KITCHEN,ORD-EVENTS_KITCHEN-00991,2,Banquet Chicken Tray,1,24000.00,24000.00,Standard,,"{""demoLine"": true}"
EVENTS_KITCHEN,ORD-EVENTS_KITCHEN-00991,3,Tomato Bruschetta,1,26000.00,26000.00,Standard,,"{""demoLine"": true}"
EVENTS_KITCHEN,ORD-EVENTS_KITCHEN-00991,4,Corporate Snack Board,2,92000.00,184000.00,Standard,,"{""demoLine"": true}"
EVENTS_KITCHEN,ORD-EVENTS_KITCHEN-00992,1,Halloumi Bites,2,30700.00,61400.00,Standard,,"{""demoLine"": true}"
EVENTS_KITCHEN,ORD-EVENTS_KITCHEN-00992,2,Garden Vegetable Pasta,2,42500.00,85000.00,Standard,,"{""demoLine"": true}"
EVENTS_KITCHEN,ORD-EVENTS_KITCHEN-00992,3,Grilled Chicken Bowl,3,49600.00,148800.00,Standard,,"{""demoLine"": true}"
TAPAS_DOWNTOWN,ORD-TAPAS_DOWNTOWN-00993,1,Chicken Empanada Trio,2,24000.00,48000.00,Standard,,"{""demoLine"": true}"
TAPAS_DOWNTOWN,ORD-TAPAS_DOWNTOWN-00993,2,Mint Lime Spritz,1,16000.00,16000.00,Standard,,"{""demoLine"": true}"
TAPAS_DOWNTOWN,ORD-TAPAS_DOWNTOWN-00994,1,Chocolate Date Tart,1,24000.00,24000.00,Standard,,"{""demoLine"": true}"
TAPAS_DOWNTOWN,ORD-TAPAS_DOWNTOWN-00994,2,Charred Octopus Style Mushroom,2,20000.00,40000.00,Standard,,"{""demoLine"": true}"
TAPAS_DOWNTOWN,ORD-TAPAS_DOWNTOWN-00995,1,Garden Vegetable Pasta,3,36000.00,108000.00,Standard,,"{""demoLine"": true}"
TAPAS_DOWNTOWN,ORD-TAPAS_DOWNTOWN-00995,2,Ginger Hibiscus Cooler,1,17000.00,17000.00,Standard,,"{""demoLine"": true}"
TAPAS_DOWNTOWN,ORD-TAPAS_DOWNTOWN-00995,3,Matoke Croquettes,1,32000.00,32000.00,Standard,,"{""demoLine"": true}"
ROOFTOP_BAR,ORD-ROOFTOP_BAR-00996,1,Mango Passion Juice,3,15700.00,47100.00,Standard,,"{""demoLine"": true}"
ROOFTOP_BAR,ORD-ROOFTOP_BAR-00997,1,Sesame Chicken Skewers,2,31400.00,62800.00,Standard,,"{""demoLine"": true}"
ROOFTOP_BAR,ORD-ROOFTOP_BAR-00998,1,Night Market Fries,2,32000.00,64000.00,Standard,,"{""demoLine"": true}"
GARDEN_CAFE,ORD-GARDEN_CAFE-00999,1,Beef Fillet Plate,3,51500.00,154500.00,Standard,,"{""demoLine"": true}"
GARDEN_CAFE,ORD-GARDEN_CAFE-00999,2,Mango Passion Juice,3,12900.00,38700.00,Standard,,"{""demoLine"": true}"
GARDEN_CAFE,ORD-GARDEN_CAFE-00999,3,Seasonal Salad,3,13800.00,41400.00,Standard,,"{""demoLine"": true}"
GARDEN_CAFE,ORD-GARDEN_CAFE-00999,4,Passion Fruit Cheesecake,1,19300.00,19300.00,Standard,,"{""demoLine"": true}"
GARDEN_CAFE,ORD-GARDEN_CAFE-01000,1,Garden Vegetable Pasta,1,33100.00,33100.00,Standard,,"{""demoLine"": true}"
GARDEN_CAFE,ORD-GARDEN_CAFE-01000,2,Cafe Latte,2,11000.00,22000.00,Standard,,"{""demoLine"": true}"
GARDEN_CAFE,ORD-GARDEN_CAFE-01001,1,Ginger Hibiscus Cooler,2,15600.00,31200.00,Standard,,"{""demoLine"": true}"
GARDEN_CAFE,ORD-GARDEN_CAFE-01001,2,Tomato Bruschetta,3,20200.00,60600.00,Standard,,"{""demoLine"": true}"
GARDEN_CAFE,ORD-GARDEN_CAFE-01001,3,Mango Passion Juice,1,12900.00,12900.00,Standard,,"{""demoLine"": true}"
GARDEN_CAFE,ORD-GARDEN_CAFE-01001,4,Sesame Chicken Skewers,1,25800.00,25800.00,Standard,,"{""demoLine"": true}"
EVENTS_KITCHEN,ORD-EVENTS_KITCHEN-01002,1,Banquet Chicken Tray,2,24000.00,48000.00,Standard,,"{""demoLine"": true}"
EVENTS_KITCHEN,ORD-EVENTS_KITCHEN-01002,2,Mint Lime Spritz,2,18900.00,37800.00,Standard,,"{""demoLine"": true}"
EVENTS_KITCHEN,ORD-EVENTS_KITCHEN-01003,1,Tomato Bruschetta,1,26000.00,26000.00,Standard,,"{""demoLine"": true}"
EVENTS_KITCHEN,ORD-EVENTS_KITCHEN-01004,1,Herb Fries,1,14200.00,14200.00,Standard,,"{""demoLine"": true}"
EVENTS_KITCHEN,ORD-EVENTS_KITCHEN-01004,2,Mango Passion Juice,3,16500.00,49500.00,Standard,,"{""demoLine"": true}"
EVENTS_KITCHEN,ORD-EVENTS_KITCHEN-01004,3,Passion Fruit Cheesecake,3,24800.00,74400.00,Standard,,"{""demoLine"": true}"
TAPAS_DOWNTOWN,ORD-TAPAS_DOWNTOWN-01005,1,Smoked Eggplant Dip,3,16000.00,48000.00,Standard,,"{""demoLine"": true}"
TAPAS_DOWNTOWN,ORD-TAPAS_DOWNTOWN-01006,1,Garden Vegetable Pasta,3,36000.00,108000.00,Standard,,"{""demoLine"": true}"
TAPAS_DOWNTOWN,ORD-TAPAS_DOWNTOWN-01006,2,Americano,2,9000.00,18000.00,Standard,,"{""demoLine"": true}"
TAPAS_DOWNTOWN,ORD-TAPAS_DOWNTOWN-01006,3,Mint Lime Spritz,1,16000.00,16000.00,Standard,,"{""demoLine"": true}"
TAPAS_DOWNTOWN,ORD-TAPAS_DOWNTOWN-01006,4,Smoked Eggplant Dip,3,16000.00,48000.00,Standard,,"{""demoLine"": true}"
TAPAS_DOWNTOWN,ORD-TAPAS_DOWNTOWN-01007,1,Matoke Croquettes,2,32000.00,64000.00,Standard,,"{""demoLine"": true}"
TAPAS_DOWNTOWN,ORD-TAPAS_DOWNTOWN-01007,2,Grilled Chicken Bowl,3,42000.00,126000.00,Standard,,"{""demoLine"": true}"
TAPAS_DOWNTOWN,ORD-TAPAS_DOWNTOWN-01007,3,Crispy Plantain Cups,1,18000.00,18000.00,Standard,,"{""demoLine"": true}"
TAPAS_DOWNTOWN,ORD-TAPAS_DOWNTOWN-01007,4,Mint Lime Spritz,2,16000.00,32000.00,Standard,,"{""demoLine"": true}"
TAPAS_DOWNTOWN,ORD-TAPAS_DOWNTOWN-01008,1,Tilapia Lemon Herb,3,48000.00,144000.00,Standard,,"{""demoLine"": true}"
TAPAS_DOWNTOWN,ORD-TAPAS_DOWNTOWN-01008,2,Americano,3,9000.00,27000.00,Standard,,"{""demoLine"": true}"
TAPAS_DOWNTOWN,ORD-TAPAS_DOWNTOWN-01008,3,Herb Fries,1,12000.00,12000.00,Standard,,"{""demoLine"": true}"
ROOFTOP_BAR,ORD-ROOFTOP_BAR-01009,1,Passion Fruit Cheesecake,1,23500.00,23500.00,Standard,,"{""demoLine"": true}"
ROOFTOP_BAR,ORD-ROOFTOP_BAR-01009,2,Sesame Chicken Skewers,2,31400.00,62800.00,Standard,,"{""demoLine"": true}"
ROOFTOP_BAR,ORD-ROOFTOP_BAR-01010,1,Cucumber Basil Fizz,3,20000.00,60000.00,Standard,,"{""demoLine"": true}"
ROOFTOP_BAR,ORD-ROOFTOP_BAR-01010,2,Spiced Chai,2,12300.00,24600.00,Standard,,"{""demoLine"": true}"
ROOFTOP_BAR,ORD-ROOFTOP_BAR-01011,1,Ginger Hibiscus Rooftop Cooler,1,19000.00,19000.00,Standard,,"{""demoLine"": true}"
ROOFTOP_BAR,ORD-ROOFTOP_BAR-01011,2,Tomato Bruschetta,3,24600.00,73800.00,Standard,,"{""demoLine"": true}"
ROOFTOP_BAR,ORD-ROOFTOP_BAR-01011,3,Herb Fries,1,13400.00,13400.00,Standard,,"{""demoLine"": true}"
ROOFTOP_BAR,ORD-ROOFTOP_BAR-01012,1,Rosemary Tonic Highball,1,24000.00,24000.00,Standard,,"{""demoLine"": true}"
ROOFTOP_BAR,ORD-ROOFTOP_BAR-01012,2,Spiced Chai,2,12300.00,24600.00,Standard,,"{""demoLine"": true}"
ROOFTOP_BAR,ORD-ROOFTOP_BAR-01012,3,Garlic Flatbread,3,11200.00,33600.00,Standard,,"{""demoLine"": true}"
ROOFTOP_BAR,ORD-ROOFTOP_BAR-01012,4,Sesame Chicken Skewers,2,31400.00,62800.00,Standard,,"{""demoLine"": true}"
GARDEN_CAFE,ORD-GARDEN_CAFE-01013,1,Americano,2,8300.00,16600.00,Standard,,"{""demoLine"": true}"
GARDEN_CAFE,ORD-GARDEN_CAFE-01013,2,Garden Breakfast Plate,1,24000.00,24000.00,Standard,,"{""demoLine"": true}"
GARDEN_CAFE,ORD-GARDEN_CAFE-01013,3,Passion Fruit Cheesecake,2,19300.00,38600.00,Standard,,"{""demoLine"": true}"
GARDEN_CAFE,ORD-GARDEN_CAFE-01013,4,Tomato Bruschetta,1,20200.00,20200.00,Standard,,"{""demoLine"": true}"
GARDEN_CAFE,ORD-GARDEN_CAFE-01014,1,Seasonal Salad,2,13800.00,27600.00,Standard,,"{""demoLine"": true}"
GARDEN_CAFE,ORD-GARDEN_CAFE-01015,1,Garden Vegetable Pasta,1,33100.00,33100.00,Standard,,"{""demoLine"": true}"
GARDEN_CAFE,ORD-GARDEN_CAFE-01016,1,Halloumi Bites,2,23900.00,47800.00,Standard,,"{""demoLine"": true}"
GARDEN_CAFE,ORD-GARDEN_CAFE-01016,2,Tomato Bruschetta,1,20200.00,20200.00,Standard,,"{""demoLine"": true}"
EVENTS_KITCHEN,ORD-EVENTS_KITCHEN-01017,1,Vegetable Lasagna Pan,1,32000.00,32000.00,Standard,,"{""demoLine"": true}"
EVENTS_KITCHEN,ORD-EVENTS_KITCHEN-01017,2,Crispy Plantain Cups,3,21200.00,63600.00,Standard,,"{""demoLine"": true}"
EVENTS_KITCHEN,ORD-EVENTS_KITCHEN-01017,3,Executive Lunch Box,2,28000.00,56000.00,Standard,,"{""demoLine"": true}"
EVENTS_KITCHEN,ORD-EVENTS_KITCHEN-01017,4,Ginger Hibiscus Cooler,2,20100.00,40200.00,Standard,,"{""demoLine"": true}"
EVENTS_KITCHEN,ORD-EVENTS_KITCHEN-01018,1,Mint Lime Spritz,1,18900.00,18900.00,Standard,,"{""demoLine"": true}"
EVENTS_KITCHEN,ORD-EVENTS_KITCHEN-01018,2,Garlic Flatbread,2,11800.00,23600.00,Standard,,"{""demoLine"": true}"
EVENTS_KITCHEN,ORD-EVENTS_KITCHEN-01019,1,Americano,3,10600.00,31800.00,Standard,,"{""demoLine"": true}"
EVENTS_KITCHEN,ORD-EVENTS_KITCHEN-01019,2,Chocolate Date Tart,3,28300.00,84900.00,Standard,,"{""demoLine"": true}"
EVENTS_KITCHEN,ORD-EVENTS_KITCHEN-01019,3,Mint Lime Spritz,3,18900.00,56700.00,Standard,,"{""demoLine"": true}"
EVENTS_KITCHEN,ORD-EVENTS_KITCHEN-01019,4,Herb Fries,2,14200.00,28400.00,Standard,,"{""demoLine"": true}"
EVENTS_KITCHEN,ORD-EVENTS_KITCHEN-01020,1,Vegetable Lasagna Pan,1,32000.00,32000.00,Standard,,"{""demoLine"": true}"
EVENTS_KITCHEN,ORD-EVENTS_KITCHEN-01020,2,Spiced Chai,2,13000.00,26000.00,Standard,,"{""demoLine"": true}"
TAPAS_DOWNTOWN,ORD-TAPAS_DOWNTOWN-01021,1,Spiced Chai,1,11000.00,11000.00,Standard,,"{""demoLine"": true}"
TAPAS_DOWNTOWN,ORD-TAPAS_DOWNTOWN-01021,2,Americano,2,9000.00,18000.00,Standard,,"{""demoLine"": true}"
TAPAS_DOWNTOWN,ORD-TAPAS_DOWNTOWN-01021,3,Mango Passion Juice,2,14000.00,28000.00,Standard,,"{""demoLine"": true}"
TAPAS_DOWNTOWN,ORD-TAPAS_DOWNTOWN-01021,4,Cafe Latte,3,12000.00,36000.00,Standard,,"{""demoLine"": true}"
TAPAS_DOWNTOWN,ORD-TAPAS_DOWNTOWN-01022,1,Spiced Chai,1,11000.00,11000.00,Standard,,"{""demoLine"": true}"
TAPAS_DOWNTOWN,ORD-TAPAS_DOWNTOWN-01022,2,Halloumi Bites,3,26000.00,78000.00,Standard,,"{""demoLine"": true}"
TAPAS_DOWNTOWN,ORD-TAPAS_DOWNTOWN-01022,3,Charred Octopus Style Mushroom,2,20000.00,40000.00,Standard,,"{""demoLine"": true}"
TAPAS_DOWNTOWN,ORD-TAPAS_DOWNTOWN-01023,1,Spiced Chai,2,11000.00,22000.00,Standard,,"{""demoLine"": true}"
TAPAS_DOWNTOWN,ORD-TAPAS_DOWNTOWN-01023,2,Cafe Latte,2,12000.00,24000.00,Standard,,"{""demoLine"": true}"
TAPAS_DOWNTOWN,ORD-TAPAS_DOWNTOWN-01024,1,Beef Fillet Plate,3,56000.00,168000.00,Standard,,"{""demoLine"": true}"
TAPAS_DOWNTOWN,ORD-TAPAS_DOWNTOWN-01024,2,Tomato Bruschetta,3,22000.00,66000.00,Standard,,"{""demoLine"": true}"
TAPAS_DOWNTOWN,ORD-TAPAS_DOWNTOWN-01024,3,Passion Fruit Cheesecake,1,21000.00,21000.00,Standard,,"{""demoLine"": true}"
TAPAS_DOWNTOWN,ORD-TAPAS_DOWNTOWN-01025,1,Crispy Plantain Cups,1,18000.00,18000.00,Standard,,"{""demoLine"": true}"
TAPAS_DOWNTOWN,ORD-TAPAS_DOWNTOWN-01025,2,Beef Fillet Plate,3,56000.00,168000.00,Standard,,"{""demoLine"": true}"
TAPAS_DOWNTOWN,ORD-TAPAS_DOWNTOWN-01025,3,Chicken Empanada Trio,3,24000.00,72000.00,Standard,,"{""demoLine"": true}"
TAPAS_DOWNTOWN,ORD-TAPAS_DOWNTOWN-01025,4,Sesame Chicken Skewers,3,28000.00,84000.00,Standard,,"{""demoLine"": true}"
ROOFTOP_BAR,ORD-ROOFTOP_BAR-01026,1,Garlic Flatbread,3,11200.00,33600.00,Standard,,"{""demoLine"": true}"
ROOFTOP_BAR,ORD-ROOFTOP_BAR-01027,1,Sesame Chicken Skewers,3,31400.00,94200.00,Standard,,"{""demoLine"": true}"
ROOFTOP_BAR,ORD-ROOFTOP_BAR-01027,2,Crispy Plantain Cups,3,20200.00,60600.00,Standard,,"{""demoLine"": true}"
ROOFTOP_BAR,ORD-ROOFTOP_BAR-01028,1,Skyline Mezze Cups,3,16000.00,48000.00,Standard,,"{""demoLine"": true}"
ROOFTOP_BAR,ORD-ROOFTOP_BAR-01029,1,Herb Fries,3,13400.00,40200.00,Standard,,"{""demoLine"": true}"
ROOFTOP_BAR,ORD-ROOFTOP_BAR-01029,2,Ginger Hibiscus Rooftop Cooler,1,19000.00,19000.00,Standard,,"{""demoLine"": true}"
ROOFTOP_BAR,ORD-ROOFTOP_BAR-01029,3,Mango Passion Juice,2,15700.00,31400.00,Standard,,"{""demoLine"": true}"
ROOFTOP_BAR,ORD-ROOFTOP_BAR-01029,4,Cucumber Basil Fizz,3,20000.00,60000.00,Standard,,"{""demoLine"": true}"
ROOFTOP_BAR,ORD-ROOFTOP_BAR-01030,1,Spiced Chai,3,12300.00,36900.00,Standard,,"{""demoLine"": true}"
ROOFTOP_BAR,ORD-ROOFTOP_BAR-01030,2,Cucumber Basil Fizz,2,20000.00,40000.00,Standard,,"{""demoLine"": true}"
GARDEN_CAFE,ORD-GARDEN_CAFE-01031,1,Cafe Latte,1,11000.00,11000.00,Standard,,"{""demoLine"": true}"
GARDEN_CAFE,ORD-GARDEN_CAFE-01032,1,Sesame Chicken Skewers,2,25800.00,51600.00,Standard,,"{""demoLine"": true}"
GARDEN_CAFE,ORD-GARDEN_CAFE-01033,1,Garlic Flatbread,1,9200.00,9200.00,Standard,,"{""demoLine"": true}"
GARDEN_CAFE,ORD-GARDEN_CAFE-01033,2,Tilapia Lemon Herb,1,44200.00,44200.00,Standard,,"{""demoLine"": true}"
GARDEN_CAFE,ORD-GARDEN_CAFE-01034,1,Banana Oat Pancakes,1,20000.00,20000.00,Standard,,"{""demoLine"": true}"
GARDEN_CAFE,ORD-GARDEN_CAFE-01034,2,Grilled Chicken Bowl,2,38600.00,77200.00,Standard,,"{""demoLine"": true}"
GARDEN_CAFE,ORD-GARDEN_CAFE-01035,1,Beef Fillet Plate,3,51500.00,154500.00,Standard,,"{""demoLine"": true}"
GARDEN_CAFE,ORD-GARDEN_CAFE-01035,2,Americano,3,8300.00,24900.00,Standard,,"{""demoLine"": true}"
EVENTS_KITCHEN,ORD-EVENTS_KITCHEN-01036,1,Spiced Chai,3,13000.00,39000.00,Standard,,"{""demoLine"": true}"
EVENTS_KITCHEN,ORD-EVENTS_KITCHEN-01036,2,Tomato Bruschetta,1,26000.00,26000.00,Standard,,"{""demoLine"": true}"
EVENTS_KITCHEN,ORD-EVENTS_KITCHEN-01036,3,Tilapia Lemon Herb,2,56600.00,113200.00,Standard,,"{""demoLine"": true}"
EVENTS_KITCHEN,ORD-EVENTS_KITCHEN-01036,4,Grilled Chicken Bowl,1,49600.00,49600.00,Standard,,"{""demoLine"": true}"
EVENTS_KITCHEN,ORD-EVENTS_KITCHEN-01037,1,Beef Fillet Plate,1,66100.00,66100.00,Standard,,"{""demoLine"": true}"
EVENTS_KITCHEN,ORD-EVENTS_KITCHEN-01037,2,Passion Fruit Cheesecake,3,24800.00,74400.00,Standard,,"{""demoLine"": true}"
EVENTS_KITCHEN,ORD-EVENTS_KITCHEN-01038,1,Cafe Latte,1,14200.00,14200.00,Standard,,"{""demoLine"": true}"
EVENTS_KITCHEN,ORD-EVENTS_KITCHEN-01038,2,Garden Vegetable Pasta,3,42500.00,127500.00,Standard,,"{""demoLine"": true}"
EVENTS_KITCHEN,ORD-EVENTS_KITCHEN-01039,1,Mushroom Risotto,1,44800.00,44800.00,Standard,,"{""demoLine"": true}"
EVENTS_KITCHEN,ORD-EVENTS_KITCHEN-01040,1,Cafe Latte,1,14200.00,14200.00,Standard,,"{""demoLine"": true}"
TAPAS_DOWNTOWN,ORD-TAPAS_DOWNTOWN-01041,1,Citrus Greens Bowl,2,28000.00,56000.00,Standard,,"{""demoLine"": true}"
TAPAS_DOWNTOWN,ORD-TAPAS_DOWNTOWN-01041,2,Garden Vegetable Pasta,3,36000.00,108000.00,Standard,,"{""demoLine"": true}"
TAPAS_DOWNTOWN,ORD-TAPAS_DOWNTOWN-01041,3,Smoked Eggplant Dip,1,16000.00,16000.00,Standard,,"{""demoLine"": true}"
TAPAS_DOWNTOWN,ORD-TAPAS_DOWNTOWN-01042,1,Halloumi Bites,3,26000.00,78000.00,Standard,,"{""demoLine"": true}"
TAPAS_DOWNTOWN,ORD-TAPAS_DOWNTOWN-01042,2,Garden Vegetable Pasta,1,36000.00,36000.00,Standard,,"{""demoLine"": true}"
TAPAS_DOWNTOWN,ORD-TAPAS_DOWNTOWN-01043,1,Herb Fries,1,12000.00,12000.00,Standard,,"{""demoLine"": true}"
TAPAS_DOWNTOWN,ORD-TAPAS_DOWNTOWN-01043,2,Mint Lime Spritz,2,16000.00,32000.00,Standard,,"{""demoLine"": true}"
TAPAS_DOWNTOWN,ORD-TAPAS_DOWNTOWN-01043,3,Tilapia Lemon Herb,1,48000.00,48000.00,Standard,,"{""demoLine"": true}"
TAPAS_DOWNTOWN,ORD-TAPAS_DOWNTOWN-01044,1,Mango Passion Juice,3,14000.00,42000.00,Standard,,"{""demoLine"": true}"
TAPAS_DOWNTOWN,ORD-TAPAS_DOWNTOWN-01044,2,Chocolate Date Tart,3,24000.00,72000.00,Standard,,"{""demoLine"": true}"
TAPAS_DOWNTOWN,ORD-TAPAS_DOWNTOWN-01044,3,Sesame Chicken Skewers,2,28000.00,56000.00,Standard,,"{""demoLine"": true}"
TAPAS_DOWNTOWN,ORD-TAPAS_DOWNTOWN-01045,1,Seasonal Salad,2,15000.00,30000.00,Standard,,"{""demoLine"": true}"
TAPAS_DOWNTOWN,ORD-TAPAS_DOWNTOWN-01045,2,Citrus Greens Bowl,1,28000.00,28000.00,Standard,,"{""demoLine"": true}"
TAPAS_DOWNTOWN,ORD-TAPAS_DOWNTOWN-01046,1,Citrus Greens Bowl,1,28000.00,28000.00,Standard,,"{""demoLine"": true}"
ROOFTOP_BAR,ORD-ROOFTOP_BAR-01047,1,Cucumber Basil Fizz,3,20000.00,60000.00,Standard,,"{""demoLine"": true}"
ROOFTOP_BAR,ORD-ROOFTOP_BAR-01047,2,Sesame Chicken Skewers,3,31400.00,94200.00,Standard,,"{""demoLine"": true}"
ROOFTOP_BAR,ORD-ROOFTOP_BAR-01048,1,Spiced Chai,2,12300.00,24600.00,Standard,,"{""demoLine"": true}"
ROOFTOP_BAR,ORD-ROOFTOP_BAR-01048,2,Rosemary Tonic Highball,2,24000.00,48000.00,Standard,,"{""demoLine"": true}"
ROOFTOP_BAR,ORD-ROOFTOP_BAR-01048,3,Cafe Latte,2,13400.00,26800.00,Standard,,"{""demoLine"": true}"
ROOFTOP_BAR,ORD-ROOFTOP_BAR-01048,4,Garlic Flatbread,2,11200.00,22400.00,Standard,,"{""demoLine"": true}"
ROOFTOP_BAR,ORD-ROOFTOP_BAR-01049,1,Herb Fries,1,13400.00,13400.00,Standard,,"{""demoLine"": true}"
ROOFTOP_BAR,ORD-ROOFTOP_BAR-01050,1,Mango Passion Juice,1,15700.00,15700.00,Standard,,"{""demoLine"": true}"
ROOFTOP_BAR,ORD-ROOFTOP_BAR-01050,2,Tomato Bruschetta,2,24600.00,49200.00,Standard,,"{""demoLine"": true}"
ROOFTOP_BAR,ORD-ROOFTOP_BAR-01051,1,Spiced Chai,2,12300.00,24600.00,Standard,,"{""demoLine"": true}"
ROOFTOP_BAR,ORD-ROOFTOP_BAR-01051,2,Tomato Bruschetta,2,24600.00,49200.00,Standard,,"{""demoLine"": true}"
ROOFTOP_BAR,ORD-ROOFTOP_BAR-01051,3,Chocolate Date Tart,1,26900.00,26900.00,Standard,,"{""demoLine"": true}"
ROOFTOP_BAR,ORD-ROOFTOP_BAR-01052,1,Cafe Latte,2,13400.00,26800.00,Standard,,"{""demoLine"": true}"
GARDEN_CAFE,ORD-GARDEN_CAFE-01053,1,Garlic Flatbread,3,9200.00,27600.00,Standard,,"{""demoLine"": true}"
GARDEN_CAFE,ORD-GARDEN_CAFE-01054,1,Halloumi Bites,3,23900.00,71700.00,Standard,,"{""demoLine"": true}"
GARDEN_CAFE,ORD-GARDEN_CAFE-01055,1,Sesame Chicken Skewers,3,25800.00,77400.00,Standard,,"{""demoLine"": true}"
GARDEN_CAFE,ORD-GARDEN_CAFE-01056,1,Ginger Hibiscus Cooler,1,15600.00,15600.00,Standard,,"{""demoLine"": true}"
GARDEN_CAFE,ORD-GARDEN_CAFE-01057,1,Chocolate Date Tart,1,22100.00,22100.00,Standard,,"{""demoLine"": true}"
GARDEN_CAFE,ORD-GARDEN_CAFE-01057,2,Herb Fries,1,11000.00,11000.00,Standard,,"{""demoLine"": true}"
GARDEN_CAFE,ORD-GARDEN_CAFE-01057,3,Garlic Flatbread,2,9200.00,18400.00,Standard,,"{""demoLine"": true}"
GARDEN_CAFE,ORD-GARDEN_CAFE-01057,4,Beef Fillet Plate,2,51500.00,103000.00,Standard,,"{""demoLine"": true}"
GARDEN_CAFE,ORD-GARDEN_CAFE-01058,1,Halloumi Bites,2,23900.00,47800.00,Standard,,"{""demoLine"": true}"
GARDEN_CAFE,ORD-GARDEN_CAFE-01058,2,Mushroom Risotto,2,35000.00,70000.00,Standard,,"{""demoLine"": true}"
GARDEN_CAFE,ORD-GARDEN_CAFE-01058,3,Spiced Chai,1,10100.00,10100.00,Standard,,"{""demoLine"": true}"
EVENTS_KITCHEN,ORD-EVENTS_KITCHEN-01059,1,Tomato Bruschetta,3,26000.00,78000.00,Standard,,"{""demoLine"": true}"
EVENTS_KITCHEN,ORD-EVENTS_KITCHEN-01059,2,Cafe Latte,2,14200.00,28400.00,Standard,,"{""demoLine"": true}"
EVENTS_KITCHEN,ORD-EVENTS_KITCHEN-01059,3,Mango Passion Juice,3,16500.00,49500.00,Standard,,"{""demoLine"": true}"
EVENTS_KITCHEN,ORD-EVENTS_KITCHEN-01059,4,Banquet Mezze Platter,3,112100.00,336300.00,Standard,,"{""demoLine"": true}"
EVENTS_KITCHEN,ORD-EVENTS_KITCHEN-01060,1,Garlic Flatbread,1,11800.00,11800.00,Standard,,"{""demoLine"": true}"
EVENTS_KITCHEN,ORD-EVENTS_KITCHEN-01060,2,Passion Fruit Cheesecake,3,24800.00,74400.00,Standard,,"{""demoLine"": true}"
EVENTS_KITCHEN,ORD-EVENTS_KITCHEN-01060,3,Seasonal Salad,3,17700.00,53100.00,Standard,,"{""demoLine"": true}"
EVENTS_KITCHEN,ORD-EVENTS_KITCHEN-01060,4,Spiced Chai,3,13000.00,39000.00,Standard,,"{""demoLine"": true}"
EVENTS_KITCHEN,ORD-EVENTS_KITCHEN-01061,1,Tilapia Lemon Herb,3,56600.00,169800.00,Standard,,"{""demoLine"": true}"
EVENTS_KITCHEN,ORD-EVENTS_KITCHEN-01061,2,Beef Fillet Plate,1,66100.00,66100.00,Standard,,"{""demoLine"": true}"
EVENTS_KITCHEN,ORD-EVENTS_KITCHEN-01062,1,Halloumi Bites,1,30700.00,30700.00,Standard,,"{""demoLine"": true}"
EVENTS_KITCHEN,ORD-EVENTS_KITCHEN-01062,2,Vegetable Lasagna Pan,3,32000.00,96000.00,Standard,,"{""demoLine"": true}"
EVENTS_KITCHEN,ORD-EVENTS_KITCHEN-01062,3,Garden Vegetable Pasta,3,42500.00,127500.00,Standard,,"{""demoLine"": true}"
EVENTS_KITCHEN,ORD-EVENTS_KITCHEN-01063,1,Mint Lime Spritz,3,18900.00,56700.00,Standard,,"{""demoLine"": true}"
EVENTS_KITCHEN,ORD-EVENTS_KITCHEN-01064,1,Mango Passion Juice,2,16500.00,33000.00,Standard,,"{""demoLine"": true}"
TAPAS_DOWNTOWN,ORD-TAPAS_DOWNTOWN-01065,1,Mushroom Risotto,2,38000.00,76000.00,Standard,,"{""demoLine"": true}"
TAPAS_DOWNTOWN,ORD-TAPAS_DOWNTOWN-01065,2,Chocolate Date Tart,3,24000.00,72000.00,Standard,,"{""demoLine"": true}"
TAPAS_DOWNTOWN,ORD-TAPAS_DOWNTOWN-01065,3,Garden Vegetable Pasta,1,36000.00,36000.00,Standard,,"{""demoLine"": true}"
TAPAS_DOWNTOWN,ORD-TAPAS_DOWNTOWN-01065,4,Passion Fruit Cheesecake,2,21000.00,42000.00,Standard,,"{""demoLine"": true}"
TAPAS_DOWNTOWN,ORD-TAPAS_DOWNTOWN-01066,1,Passion Fruit Cheesecake,3,21000.00,63000.00,Standard,,"{""demoLine"": true}"
TAPAS_DOWNTOWN,ORD-TAPAS_DOWNTOWN-01066,2,Charred Octopus Style Mushroom,1,20000.00,20000.00,Standard,,"{""demoLine"": true}"
TAPAS_DOWNTOWN,ORD-TAPAS_DOWNTOWN-01067,1,Grilled Chicken Bowl,3,42000.00,126000.00,Standard,,"{""demoLine"": true}"
TAPAS_DOWNTOWN,ORD-TAPAS_DOWNTOWN-01067,2,Smoked Eggplant Dip,3,16000.00,48000.00,Standard,,"{""demoLine"": true}"
TAPAS_DOWNTOWN,ORD-TAPAS_DOWNTOWN-01067,3,Tilapia Lemon Herb,3,48000.00,144000.00,Standard,,"{""demoLine"": true}"
TAPAS_DOWNTOWN,ORD-TAPAS_DOWNTOWN-01068,1,Grilled Chicken Bowl,2,42000.00,84000.00,Standard,,"{""demoLine"": true}"
TAPAS_DOWNTOWN,ORD-TAPAS_DOWNTOWN-01069,1,Matoke Croquettes,3,32000.00,96000.00,Standard,,"{""demoLine"": true}"
TAPAS_DOWNTOWN,ORD-TAPAS_DOWNTOWN-01069,2,Chicken Empanada Trio,1,24000.00,24000.00,Standard,,"{""demoLine"": true}"
TAPAS_DOWNTOWN,ORD-TAPAS_DOWNTOWN-01069,3,Halloumi Bites,2,26000.00,52000.00,Standard,,"{""demoLine"": true}"
TAPAS_DOWNTOWN,ORD-TAPAS_DOWNTOWN-01069,4,Spiced Chai,1,11000.00,11000.00,Standard,,"{""demoLine"": true}"
TAPAS_DOWNTOWN,ORD-TAPAS_DOWNTOWN-01070,1,Garden Vegetable Pasta,3,36000.00,108000.00,Standard,,"{""demoLine"": true}"
TAPAS_DOWNTOWN,ORD-TAPAS_DOWNTOWN-01071,1,Beef Fillet Plate,1,56000.00,56000.00,Standard,,"{""demoLine"": true}"
TAPAS_DOWNTOWN,ORD-TAPAS_DOWNTOWN-01071,2,Crispy Plantain Cups,1,18000.00,18000.00,Standard,,"{""demoLine"": true}"
TAPAS_DOWNTOWN,ORD-TAPAS_DOWNTOWN-01071,3,Mint Lime Spritz,2,16000.00,32000.00,Standard,,"{""demoLine"": true}"
ROOFTOP_BAR,ORD-ROOFTOP_BAR-01072,1,Garlic Flatbread,2,11200.00,22400.00,Standard,,"{""demoLine"": true}"
ROOFTOP_BAR,ORD-ROOFTOP_BAR-01072,2,Crispy Plantain Cups,3,20200.00,60600.00,Standard,,"{""demoLine"": true}"
ROOFTOP_BAR,ORD-ROOFTOP_BAR-01072,3,Halloumi Bites,2,29100.00,58200.00,Standard,,"{""demoLine"": true}"
ROOFTOP_BAR,ORD-ROOFTOP_BAR-01072,4,Sesame Chicken Skewers,1,31400.00,31400.00,Standard,,"{""demoLine"": true}"
ROOFTOP_BAR,ORD-ROOFTOP_BAR-01073,1,Sesame Chicken Skewers,2,31400.00,62800.00,Standard,,"{""demoLine"": true}"
ROOFTOP_BAR,ORD-ROOFTOP_BAR-01073,2,Tilapia Lemon Herb,1,53800.00,53800.00,Standard,,"{""demoLine"": true}"
ROOFTOP_BAR,ORD-ROOFTOP_BAR-01074,1,Crispy Plantain Cups,2,20200.00,40400.00,Standard,,"{""demoLine"": true}"
ROOFTOP_BAR,ORD-ROOFTOP_BAR-01074,2,Cucumber Basil Fizz,2,20000.00,40000.00,Standard,,"{""demoLine"": true}"
ROOFTOP_BAR,ORD-ROOFTOP_BAR-01074,3,Seasonal Salad,1,16800.00,16800.00,Standard,,"{""demoLine"": true}"
ROOFTOP_BAR,ORD-ROOFTOP_BAR-01074,4,Americano,2,10100.00,20200.00,Standard,,"{""demoLine"": true}"
ROOFTOP_BAR,ORD-ROOFTOP_BAR-01075,1,Crispy Plantain Cups,2,20200.00,40400.00,Standard,,"{""demoLine"": true}"
ROOFTOP_BAR,ORD-ROOFTOP_BAR-01075,2,Ginger Hibiscus Rooftop Cooler,2,19000.00,38000.00,Standard,,"{""demoLine"": true}"
ROOFTOP_BAR,ORD-ROOFTOP_BAR-01075,3,Night Market Fries,3,32000.00,96000.00,Standard,,"{""demoLine"": true}"
ROOFTOP_BAR,ORD-ROOFTOP_BAR-01075,4,Rosemary Tonic Highball,2,24000.00,48000.00,Standard,,"{""demoLine"": true}"
ROOFTOP_BAR,ORD-ROOFTOP_BAR-01076,1,Crispy Plantain Cups,1,20200.00,20200.00,Standard,,"{""demoLine"": true}"
ROOFTOP_BAR,ORD-ROOFTOP_BAR-01076,2,Cafe Latte,1,13400.00,13400.00,Standard,,"{""demoLine"": true}"
ROOFTOP_BAR,ORD-ROOFTOP_BAR-01077,1,Chocolate Date Tart,3,26900.00,80700.00,Standard,,"{""demoLine"": true}"
ROOFTOP_BAR,ORD-ROOFTOP_BAR-01078,1,Herb Fries,1,13400.00,13400.00,Standard,,"{""demoLine"": true}"
ROOFTOP_BAR,ORD-ROOFTOP_BAR-01078,2,Garden Vegetable Pasta,2,40300.00,80600.00,Standard,,"{""demoLine"": true}"
GARDEN_CAFE,ORD-GARDEN_CAFE-01079,1,Tomato Bruschetta,1,20200.00,20200.00,Standard,,"{""demoLine"": true}"
GARDEN_CAFE,ORD-GARDEN_CAFE-01079,2,Cafe Latte,1,11000.00,11000.00,Standard,,"{""demoLine"": true}"
GARDEN_CAFE,ORD-GARDEN_CAFE-01079,3,Seasonal Salad,2,13800.00,27600.00,Standard,,"{""demoLine"": true}"
GARDEN_CAFE,ORD-GARDEN_CAFE-01080,1,Garlic Flatbread,1,9200.00,9200.00,Standard,,"{""demoLine"": true}"
GARDEN_CAFE,ORD-GARDEN_CAFE-01080,2,Banana Oat Pancakes,3,20000.00,60000.00,Standard,,"{""demoLine"": true}"
GARDEN_CAFE,ORD-GARDEN_CAFE-01080,3,Iced Vanilla Coffee,1,28000.00,28000.00,Standard,,"{""demoLine"": true}"
GARDEN_CAFE,ORD-GARDEN_CAFE-01081,1,Banana Oat Pancakes,3,20000.00,60000.00,Standard,,"{""demoLine"": true}"
GARDEN_CAFE,ORD-GARDEN_CAFE-01081,2,Spiced Chai,3,10100.00,30300.00,Standard,,"{""demoLine"": true}"
GARDEN_CAFE,ORD-GARDEN_CAFE-01081,3,Beef Fillet Plate,2,51500.00,103000.00,Standard,,"{""demoLine"": true}"
GARDEN_CAFE,ORD-GARDEN_CAFE-01082,1,Tilapia Lemon Herb,2,44200.00,88400.00,Standard,,"{""demoLine"": true}"
GARDEN_CAFE,ORD-GARDEN_CAFE-01082,2,Garlic Flatbread,2,9200.00,18400.00,Standard,,"{""demoLine"": true}"
GARDEN_CAFE,ORD-GARDEN_CAFE-01083,1,Mushroom Risotto,1,35000.00,35000.00,Standard,,"{""demoLine"": true}"
GARDEN_CAFE,ORD-GARDEN_CAFE-01084,1,Garlic Flatbread,1,9200.00,9200.00,Standard,,"{""demoLine"": true}"
GARDEN_CAFE,ORD-GARDEN_CAFE-01084,2,Spiced Chai,1,10100.00,10100.00,Standard,,"{""demoLine"": true}"
GARDEN_CAFE,ORD-GARDEN_CAFE-01084,3,Mango Passion Juice,1,12900.00,12900.00,Standard,,"{""demoLine"": true}"
GARDEN_CAFE,ORD-GARDEN_CAFE-01084,4,Avocado Toast Stack,2,16000.00,32000.00,Standard,,"{""demoLine"": true}"
GARDEN_CAFE,ORD-GARDEN_CAFE-01085,1,Grilled Chicken Bowl,1,38600.00,38600.00,Standard,,"{""demoLine"": true}"
GARDEN_CAFE,ORD-GARDEN_CAFE-01085,2,Tilapia Lemon Herb,3,44200.00,132600.00,Standard,,"{""demoLine"": true}"
GARDEN_CAFE,ORD-GARDEN_CAFE-01085,3,Chocolate Date Tart,3,22100.00,66300.00,Standard,,"{""demoLine"": true}"
EVENTS_KITCHEN,ORD-EVENTS_KITCHEN-01086,1,Ginger Hibiscus Cooler,1,20100.00,20100.00,Standard,,"{""demoLine"": true}"
EVENTS_KITCHEN,ORD-EVENTS_KITCHEN-01086,2,Mango Passion Juice,2,16500.00,33000.00,Standard,,"{""demoLine"": true}"
EVENTS_KITCHEN,ORD-EVENTS_KITCHEN-01086,3,Corporate Snack Board,3,92000.00,276000.00,Standard,,"{""demoLine"": true}"
EVENTS_KITCHEN,ORD-EVENTS_KITCHEN-01086,4,Conference Tea Service,2,40000.00,80000.00,Standard,,"{""demoLine"": true}"
EVENTS_KITCHEN,ORD-EVENTS_KITCHEN-01087,1,Ginger Hibiscus Cooler,1,20100.00,20100.00,Standard,,"{""demoLine"": true}"
EVENTS_KITCHEN,ORD-EVENTS_KITCHEN-01087,2,Garden Vegetable Pasta,3,42500.00,127500.00,Standard,,"{""demoLine"": true}"
EVENTS_KITCHEN,ORD-EVENTS_KITCHEN-01087,3,Mini Dessert Flight,3,36000.00,108000.00,Standard,,"{""demoLine"": true}"
EVENTS_KITCHEN,ORD-EVENTS_KITCHEN-01087,4,Grilled Chicken Bowl,3,49600.00,148800.00,Standard,,"{""demoLine"": true}"
EVENTS_KITCHEN,ORD-EVENTS_KITCHEN-01088,1,Vegetable Lasagna Pan,3,32000.00,96000.00,Standard,,"{""demoLine"": true}"
EVENTS_KITCHEN,ORD-EVENTS_KITCHEN-01088,2,Americano,3,10600.00,31800.00,Standard,,"{""demoLine"": true}"
EVENTS_KITCHEN,ORD-EVENTS_KITCHEN-01088,3,Chocolate Date Tart,1,28300.00,28300.00,Standard,,"{""demoLine"": true}"
EVENTS_KITCHEN,ORD-EVENTS_KITCHEN-01088,4,Garlic Flatbread,1,11800.00,11800.00,Standard,,"{""demoLine"": true}"
EVENTS_KITCHEN,ORD-EVENTS_KITCHEN-01089,1,Halloumi Bites,1,30700.00,30700.00,Standard,,"{""demoLine"": true}"
EVENTS_KITCHEN,ORD-EVENTS_KITCHEN-01089,2,Mint Lime Spritz,2,18900.00,37800.00,Standard,,"{""demoLine"": true}"
EVENTS_KITCHEN,ORD-EVENTS_KITCHEN-01089,3,Passion Fruit Cheesecake,2,24800.00,49600.00,Standard,,"{""demoLine"": true}"
EVENTS_KITCHEN,ORD-EVENTS_KITCHEN-01090,1,Vegetable Lasagna Pan,3,32000.00,96000.00,Standard,,"{""demoLine"": true}"
EVENTS_KITCHEN,ORD-EVENTS_KITCHEN-01091,1,Banquet Mezze Platter,2,112100.00,224200.00,Standard,,"{""demoLine"": true}"
EVENTS_KITCHEN,ORD-EVENTS_KITCHEN-01091,2,Conference Tea Service,1,40000.00,40000.00,Standard,,"{""demoLine"": true}"
EVENTS_KITCHEN,ORD-EVENTS_KITCHEN-01092,1,Crispy Plantain Cups,2,21200.00,42400.00,Standard,,"{""demoLine"": true}"
EVENTS_KITCHEN,ORD-EVENTS_KITCHEN-01092,2,Mango Passion Juice,1,16500.00,16500.00,Standard,,"{""demoLine"": true}"
EVENTS_KITCHEN,ORD-EVENTS_KITCHEN-01092,3,Beef Fillet Plate,2,66100.00,132200.00,Standard,,"{""demoLine"": true}"
EVENTS_KITCHEN,ORD-EVENTS_KITCHEN-01092,4,Herb Fries,3,14200.00,42600.00,Standard,,"{""demoLine"": true}"
TAPAS_DOWNTOWN,ORD-TAPAS_DOWNTOWN-01093,1,Spiced Chai,2,11000.00,22000.00,Standard,,"{""demoLine"": true}"
TAPAS_DOWNTOWN,ORD-TAPAS_DOWNTOWN-01093,2,Tilapia Lemon Herb,2,48000.00,96000.00,Standard,,"{""demoLine"": true}"
TAPAS_DOWNTOWN,ORD-TAPAS_DOWNTOWN-01094,1,Chocolate Date Tart,2,24000.00,48000.00,Standard,,"{""demoLine"": true}"
TAPAS_DOWNTOWN,ORD-TAPAS_DOWNTOWN-01094,2,Citrus Greens Bowl,3,28000.00,84000.00,Standard,,"{""demoLine"": true}"
TAPAS_DOWNTOWN,ORD-TAPAS_DOWNTOWN-01094,3,Tilapia Lemon Herb,3,48000.00,144000.00,Standard,,"{""demoLine"": true}"
TAPAS_DOWNTOWN,ORD-TAPAS_DOWNTOWN-01095,1,Herb Fries,3,12000.00,36000.00,Standard,,"{""demoLine"": true}"
ROOFTOP_BAR,ORD-ROOFTOP_BAR-01096,1,Garlic Flatbread,1,11200.00,11200.00,Standard,,"{""demoLine"": true}"
ROOFTOP_BAR,ORD-ROOFTOP_BAR-01096,2,Skyline Mezze Cups,1,16000.00,16000.00,Standard,,"{""demoLine"": true}"
ROOFTOP_BAR,ORD-ROOFTOP_BAR-01097,1,Spiced Chai,2,12300.00,24600.00,Standard,,"{""demoLine"": true}"
ROOFTOP_BAR,ORD-ROOFTOP_BAR-01097,2,Cucumber Basil Fizz,2,20000.00,40000.00,Standard,,"{""demoLine"": true}"
ROOFTOP_BAR,ORD-ROOFTOP_BAR-01098,1,Tilapia Lemon Herb,3,53800.00,161400.00,Standard,,"{""demoLine"": true}"
ROOFTOP_BAR,ORD-ROOFTOP_BAR-01098,2,Garlic Flatbread,1,11200.00,11200.00,Standard,,"{""demoLine"": true}"
GARDEN_CAFE,ORD-GARDEN_CAFE-01099,1,Sesame Chicken Skewers,3,25800.00,77400.00,Standard,,"{""demoLine"": true}"
GARDEN_CAFE,ORD-GARDEN_CAFE-01100,1,Mango Passion Juice,1,12900.00,12900.00,Standard,,"{""demoLine"": true}"
GARDEN_CAFE,ORD-GARDEN_CAFE-01100,2,Chocolate Date Tart,3,22100.00,66300.00,Standard,,"{""demoLine"": true}"
GARDEN_CAFE,ORD-GARDEN_CAFE-01100,3,Crispy Plantain Cups,2,16600.00,33200.00,Standard,,"{""demoLine"": true}"
GARDEN_CAFE,ORD-GARDEN_CAFE-01100,4,Mushroom Risotto,3,35000.00,105000.00,Standard,,"{""demoLine"": true}"
GARDEN_CAFE,ORD-GARDEN_CAFE-01101,1,Beef Fillet Plate,1,51500.00,51500.00,Standard,,"{""demoLine"": true}"
GARDEN_CAFE,ORD-GARDEN_CAFE-01101,2,Americano,2,8300.00,16600.00,Standard,,"{""demoLine"": true}"
EVENTS_KITCHEN,ORD-EVENTS_KITCHEN-01102,1,Herb Fries,3,14200.00,42600.00,Standard,,"{""demoLine"": true}"
EVENTS_KITCHEN,ORD-EVENTS_KITCHEN-01102,2,Crispy Plantain Cups,1,21200.00,21200.00,Standard,,"{""demoLine"": true}"
EVENTS_KITCHEN,ORD-EVENTS_KITCHEN-01103,1,Corporate Snack Board,3,92000.00,276000.00,Standard,,"{""demoLine"": true}"
EVENTS_KITCHEN,ORD-EVENTS_KITCHEN-01103,2,Sesame Chicken Skewers,2,33000.00,66000.00,Standard,,"{""demoLine"": true}"
EVENTS_KITCHEN,ORD-EVENTS_KITCHEN-01103,3,Herb Fries,2,14200.00,28400.00,Standard,,"{""demoLine"": true}"
EVENTS_KITCHEN,ORD-EVENTS_KITCHEN-01104,1,Garden Vegetable Pasta,1,42500.00,42500.00,Standard,,"{""demoLine"": true}"
EVENTS_KITCHEN,ORD-EVENTS_KITCHEN-01104,2,Crispy Plantain Cups,1,21200.00,21200.00,Standard,,"{""demoLine"": true}"
TAPAS_DOWNTOWN,ORD-TAPAS_DOWNTOWN-01105,1,Tomato Bruschetta,2,22000.00,44000.00,Standard,,"{""demoLine"": true}"
TAPAS_DOWNTOWN,ORD-TAPAS_DOWNTOWN-01105,2,Sesame Chicken Skewers,2,28000.00,56000.00,Standard,,"{""demoLine"": true}"
TAPAS_DOWNTOWN,ORD-TAPAS_DOWNTOWN-01105,3,Matoke Croquettes,1,32000.00,32000.00,Standard,,"{""demoLine"": true}"
TAPAS_DOWNTOWN,ORD-TAPAS_DOWNTOWN-01106,1,Citrus Greens Bowl,1,28000.00,28000.00,Standard,,"{""demoLine"": true}"
TAPAS_DOWNTOWN,ORD-TAPAS_DOWNTOWN-01106,2,Spiced Chai,3,11000.00,33000.00,Standard,,"{""demoLine"": true}"
TAPAS_DOWNTOWN,ORD-TAPAS_DOWNTOWN-01106,3,Cafe Latte,2,12000.00,24000.00,Standard,,"{""demoLine"": true}"
TAPAS_DOWNTOWN,ORD-TAPAS_DOWNTOWN-01107,1,Crispy Plantain Cups,3,18000.00,54000.00,Standard,,"{""demoLine"": true}"
TAPAS_DOWNTOWN,ORD-TAPAS_DOWNTOWN-01107,2,Matoke Croquettes,3,32000.00,96000.00,Standard,,"{""demoLine"": true}"
TAPAS_DOWNTOWN,ORD-TAPAS_DOWNTOWN-01107,3,Chocolate Date Tart,1,24000.00,24000.00,Standard,,"{""demoLine"": true}"
TAPAS_DOWNTOWN,ORD-TAPAS_DOWNTOWN-01107,4,Americano,3,9000.00,27000.00,Standard,,"{""demoLine"": true}"
TAPAS_DOWNTOWN,ORD-TAPAS_DOWNTOWN-01108,1,Halloumi Bites,3,26000.00,78000.00,Standard,,"{""demoLine"": true}"
TAPAS_DOWNTOWN,ORD-TAPAS_DOWNTOWN-01108,2,Garden Vegetable Pasta,1,36000.00,36000.00,Standard,,"{""demoLine"": true}"
ROOFTOP_BAR,ORD-ROOFTOP_BAR-01109,1,Tilapia Lemon Herb,1,53800.00,53800.00,Standard,,"{""demoLine"": true}"
ROOFTOP_BAR,ORD-ROOFTOP_BAR-01109,2,Night Market Fries,2,32000.00,64000.00,Standard,,"{""demoLine"": true}"
ROOFTOP_BAR,ORD-ROOFTOP_BAR-01110,1,Rosemary Tonic Highball,2,24000.00,48000.00,Standard,,"{""demoLine"": true}"
ROOFTOP_BAR,ORD-ROOFTOP_BAR-01110,2,Tomato Bruschetta,3,24600.00,73800.00,Standard,,"{""demoLine"": true}"
ROOFTOP_BAR,ORD-ROOFTOP_BAR-01111,1,Halloumi Bites,3,29100.00,87300.00,Standard,,"{""demoLine"": true}"
ROOFTOP_BAR,ORD-ROOFTOP_BAR-01112,1,Crispy Plantain Cups,2,20200.00,40400.00,Standard,,"{""demoLine"": true}"
GARDEN_CAFE,ORD-GARDEN_CAFE-01113,1,Berry Yoghurt Bowl,1,32000.00,32000.00,Standard,,"{""demoLine"": true}"
GARDEN_CAFE,ORD-GARDEN_CAFE-01113,2,Garden Vegetable Pasta,1,33100.00,33100.00,Standard,,"{""demoLine"": true}"
GARDEN_CAFE,ORD-GARDEN_CAFE-01113,3,Ginger Hibiscus Cooler,1,15600.00,15600.00,Standard,,"{""demoLine"": true}"
GARDEN_CAFE,ORD-GARDEN_CAFE-01113,4,Herb Fries,1,11000.00,11000.00,Standard,,"{""demoLine"": true}"
GARDEN_CAFE,ORD-GARDEN_CAFE-01114,1,Berry Yoghurt Bowl,1,32000.00,32000.00,Standard,,"{""demoLine"": true}"
GARDEN_CAFE,ORD-GARDEN_CAFE-01114,2,Crispy Plantain Cups,1,16600.00,16600.00,Standard,,"{""demoLine"": true}"
GARDEN_CAFE,ORD-GARDEN_CAFE-01115,1,Chocolate Date Tart,2,22100.00,44200.00,Standard,,"{""demoLine"": true}"
GARDEN_CAFE,ORD-GARDEN_CAFE-01116,1,Americano,1,8300.00,8300.00,Standard,,"{""demoLine"": true}"
GARDEN_CAFE,ORD-GARDEN_CAFE-01116,2,Chocolate Date Tart,3,22100.00,66300.00,Standard,,"{""demoLine"": true}"
GARDEN_CAFE,ORD-GARDEN_CAFE-01116,3,Garden Vegetable Pasta,1,33100.00,33100.00,Standard,,"{""demoLine"": true}"
EVENTS_KITCHEN,ORD-EVENTS_KITCHEN-01117,1,Garlic Flatbread,3,11800.00,35400.00,Standard,,"{""demoLine"": true}"
EVENTS_KITCHEN,ORD-EVENTS_KITCHEN-01117,2,Mini Dessert Flight,3,36000.00,108000.00,Standard,,"{""demoLine"": true}"
EVENTS_KITCHEN,ORD-EVENTS_KITCHEN-01117,3,Americano,1,10600.00,10600.00,Standard,,"{""demoLine"": true}"
EVENTS_KITCHEN,ORD-EVENTS_KITCHEN-01118,1,Garlic Flatbread,3,11800.00,35400.00,Standard,,"{""demoLine"": true}"
EVENTS_KITCHEN,ORD-EVENTS_KITCHEN-01118,2,Tomato Bruschetta,1,26000.00,26000.00,Standard,,"{""demoLine"": true}"
EVENTS_KITCHEN,ORD-EVENTS_KITCHEN-01119,1,Seasonal Salad,1,17700.00,17700.00,Standard,,"{""demoLine"": true}"
EVENTS_KITCHEN,ORD-EVENTS_KITCHEN-01119,2,Cafe Latte,1,14200.00,14200.00,Standard,,"{""demoLine"": true}"
EVENTS_KITCHEN,ORD-EVENTS_KITCHEN-01120,1,Executive Lunch Box,3,28000.00,84000.00,Standard,,"{""demoLine"": true}"
TAPAS_DOWNTOWN,ORD-TAPAS_DOWNTOWN-01121,1,Chicken Empanada Trio,1,24000.00,24000.00,Standard,,"{""demoLine"": true}"
TAPAS_DOWNTOWN,ORD-TAPAS_DOWNTOWN-01121,2,Chocolate Date Tart,3,24000.00,72000.00,Standard,,"{""demoLine"": true}"
TAPAS_DOWNTOWN,ORD-TAPAS_DOWNTOWN-01122,1,Tilapia Lemon Herb,1,48000.00,48000.00,Standard,,"{""demoLine"": true}"
TAPAS_DOWNTOWN,ORD-TAPAS_DOWNTOWN-01122,2,Ginger Hibiscus Cooler,3,17000.00,51000.00,Standard,,"{""demoLine"": true}"
TAPAS_DOWNTOWN,ORD-TAPAS_DOWNTOWN-01123,1,Tilapia Lemon Herb,2,48000.00,96000.00,Standard,,"{""demoLine"": true}"
TAPAS_DOWNTOWN,ORD-TAPAS_DOWNTOWN-01123,2,Mushroom Risotto,3,38000.00,114000.00,Standard,,"{""demoLine"": true}"
TAPAS_DOWNTOWN,ORD-TAPAS_DOWNTOWN-01123,3,Passion Fruit Cheesecake,2,21000.00,42000.00,Standard,,"{""demoLine"": true}"
TAPAS_DOWNTOWN,ORD-TAPAS_DOWNTOWN-01123,4,Halloumi Bites,1,26000.00,26000.00,Standard,,"{""demoLine"": true}"
TAPAS_DOWNTOWN,ORD-TAPAS_DOWNTOWN-01124,1,Beef Fillet Plate,1,56000.00,56000.00,Standard,,"{""demoLine"": true}"
TAPAS_DOWNTOWN,ORD-TAPAS_DOWNTOWN-01124,2,Chocolate Date Tart,1,24000.00,24000.00,Standard,,"{""demoLine"": true}"
TAPAS_DOWNTOWN,ORD-TAPAS_DOWNTOWN-01125,1,Mango Passion Juice,1,14000.00,14000.00,Standard,,"{""demoLine"": true}"
TAPAS_DOWNTOWN,ORD-TAPAS_DOWNTOWN-01125,2,Mushroom Risotto,2,38000.00,76000.00,Standard,,"{""demoLine"": true}"
TAPAS_DOWNTOWN,ORD-TAPAS_DOWNTOWN-01125,3,Citrus Greens Bowl,2,28000.00,56000.00,Standard,,"{""demoLine"": true}"
ROOFTOP_BAR,ORD-ROOFTOP_BAR-01126,1,Seasonal Salad,1,16800.00,16800.00,Standard,,"{""demoLine"": true}"
ROOFTOP_BAR,ORD-ROOFTOP_BAR-01126,2,Tomato Bruschetta,3,24600.00,73800.00,Standard,,"{""demoLine"": true}"
ROOFTOP_BAR,ORD-ROOFTOP_BAR-01126,3,Herb Fries,1,13400.00,13400.00,Standard,,"{""demoLine"": true}"
ROOFTOP_BAR,ORD-ROOFTOP_BAR-01127,1,Rosemary Tonic Highball,2,24000.00,48000.00,Standard,,"{""demoLine"": true}"
ROOFTOP_BAR,ORD-ROOFTOP_BAR-01127,2,Passion Fruit Cheesecake,3,23500.00,70500.00,Standard,,"{""demoLine"": true}"
ROOFTOP_BAR,ORD-ROOFTOP_BAR-01127,3,Sesame Chicken Skewers,2,31400.00,62800.00,Standard,,"{""demoLine"": true}"
ROOFTOP_BAR,ORD-ROOFTOP_BAR-01128,1,Halloumi Bites,2,29100.00,58200.00,Standard,,"{""demoLine"": true}"
ROOFTOP_BAR,ORD-ROOFTOP_BAR-01129,1,Garlic Flatbread,3,11200.00,33600.00,Standard,,"{""demoLine"": true}"
ROOFTOP_BAR,ORD-ROOFTOP_BAR-01129,2,Crispy Plantain Cups,3,20200.00,60600.00,Standard,,"{""demoLine"": true}"
ROOFTOP_BAR,ORD-ROOFTOP_BAR-01129,3,Chocolate Date Tart,2,26900.00,53800.00,Standard,,"{""demoLine"": true}"
ROOFTOP_BAR,ORD-ROOFTOP_BAR-01129,4,Garden Vegetable Pasta,3,40300.00,120900.00,Standard,,"{""demoLine"": true}"
ROOFTOP_BAR,ORD-ROOFTOP_BAR-01130,1,Rosemary Tonic Highball,1,24000.00,24000.00,Standard,,"{""demoLine"": true}"
GARDEN_CAFE,ORD-GARDEN_CAFE-01131,1,Beef Fillet Plate,3,51500.00,154500.00,Standard,,"{""demoLine"": true}"
GARDEN_CAFE,ORD-GARDEN_CAFE-01131,2,Americano,3,8300.00,24900.00,Standard,,"{""demoLine"": true}"
GARDEN_CAFE,ORD-GARDEN_CAFE-01131,3,Mint Lime Spritz,2,14700.00,29400.00,Standard,,"{""demoLine"": true}"
GARDEN_CAFE,ORD-GARDEN_CAFE-01131,4,Garden Breakfast Plate,3,24000.00,72000.00,Standard,,"{""demoLine"": true}"
GARDEN_CAFE,ORD-GARDEN_CAFE-01132,1,Berry Yoghurt Bowl,2,32000.00,64000.00,Standard,,"{""demoLine"": true}"
GARDEN_CAFE,ORD-GARDEN_CAFE-01132,2,Tilapia Lemon Herb,3,44200.00,132600.00,Standard,,"{""demoLine"": true}"
GARDEN_CAFE,ORD-GARDEN_CAFE-01132,3,Chocolate Date Tart,1,22100.00,22100.00,Standard,,"{""demoLine"": true}"
GARDEN_CAFE,ORD-GARDEN_CAFE-01133,1,Grilled Chicken Bowl,2,38600.00,77200.00,Standard,,"{""demoLine"": true}"
GARDEN_CAFE,ORD-GARDEN_CAFE-01134,1,Mint Lime Spritz,1,14700.00,14700.00,Standard,,"{""demoLine"": true}"
GARDEN_CAFE,ORD-GARDEN_CAFE-01134,2,Avocado Toast Stack,3,16000.00,48000.00,Standard,,"{""demoLine"": true}"
GARDEN_CAFE,ORD-GARDEN_CAFE-01134,3,Tomato Bruschetta,3,20200.00,60600.00,Standard,,"{""demoLine"": true}"
GARDEN_CAFE,ORD-GARDEN_CAFE-01135,1,Garden Breakfast Plate,3,24000.00,72000.00,Standard,,"{""demoLine"": true}"
EVENTS_KITCHEN,ORD-EVENTS_KITCHEN-01136,1,Executive Lunch Box,2,28000.00,56000.00,Standard,,"{""demoLine"": true}"
EVENTS_KITCHEN,ORD-EVENTS_KITCHEN-01137,1,Corporate Snack Board,1,92000.00,92000.00,Standard,,"{""demoLine"": true}"
EVENTS_KITCHEN,ORD-EVENTS_KITCHEN-01137,2,Vegetable Lasagna Pan,3,32000.00,96000.00,Standard,,"{""demoLine"": true}"
EVENTS_KITCHEN,ORD-EVENTS_KITCHEN-01138,1,Corporate Snack Board,1,92000.00,92000.00,Standard,,"{""demoLine"": true}"
EVENTS_KITCHEN,ORD-EVENTS_KITCHEN-01138,2,Grilled Chicken Bowl,3,49600.00,148800.00,Standard,,"{""demoLine"": true}"
EVENTS_KITCHEN,ORD-EVENTS_KITCHEN-01138,3,Mushroom Risotto,1,44800.00,44800.00,Standard,,"{""demoLine"": true}"
EVENTS_KITCHEN,ORD-EVENTS_KITCHEN-01139,1,Chocolate Date Tart,3,28300.00,84900.00,Standard,,"{""demoLine"": true}"
EVENTS_KITCHEN,ORD-EVENTS_KITCHEN-01139,2,Herb Fries,2,14200.00,28400.00,Standard,,"{""demoLine"": true}"
EVENTS_KITCHEN,ORD-EVENTS_KITCHEN-01140,1,Spiced Chai,1,13000.00,13000.00,Standard,,"{""demoLine"": true}"
EVENTS_KITCHEN,ORD-EVENTS_KITCHEN-01140,2,Garden Vegetable Pasta,2,42500.00,85000.00,Standard,,"{""demoLine"": true}"
EVENTS_KITCHEN,ORD-EVENTS_KITCHEN-01140,3,Banquet Mezze Platter,1,112100.00,112100.00,Standard,,"{""demoLine"": true}"
TAPAS_DOWNTOWN,ORD-TAPAS_DOWNTOWN-01141,1,Crispy Plantain Cups,2,18000.00,36000.00,Standard,,"{""demoLine"": true}"
TAPAS_DOWNTOWN,ORD-TAPAS_DOWNTOWN-01141,2,Chocolate Date Tart,3,24000.00,72000.00,Standard,,"{""demoLine"": true}"
TAPAS_DOWNTOWN,ORD-TAPAS_DOWNTOWN-01141,3,Cafe Latte,3,12000.00,36000.00,Standard,,"{""demoLine"": true}"
TAPAS_DOWNTOWN,ORD-TAPAS_DOWNTOWN-01142,1,Americano,1,9000.00,9000.00,Standard,,"{""demoLine"": true}"
TAPAS_DOWNTOWN,ORD-TAPAS_DOWNTOWN-01142,2,Mango Passion Juice,3,14000.00,42000.00,Standard,,"{""demoLine"": true}"
TAPAS_DOWNTOWN,ORD-TAPAS_DOWNTOWN-01142,3,Herb Fries,1,12000.00,12000.00,Standard,,"{""demoLine"": true}"
TAPAS_DOWNTOWN,ORD-TAPAS_DOWNTOWN-01143,1,Halloumi Bites,3,26000.00,78000.00,Standard,,"{""demoLine"": true}"
TAPAS_DOWNTOWN,ORD-TAPAS_DOWNTOWN-01144,1,Chicken Empanada Trio,3,24000.00,72000.00,Standard,,"{""demoLine"": true}"
TAPAS_DOWNTOWN,ORD-TAPAS_DOWNTOWN-01144,2,Americano,2,9000.00,18000.00,Standard,,"{""demoLine"": true}"
TAPAS_DOWNTOWN,ORD-TAPAS_DOWNTOWN-01144,3,Crispy Plantain Cups,3,18000.00,54000.00,Standard,,"{""demoLine"": true}"
TAPAS_DOWNTOWN,ORD-TAPAS_DOWNTOWN-01145,1,Tilapia Lemon Herb,2,48000.00,96000.00,Standard,,"{""demoLine"": true}"
TAPAS_DOWNTOWN,ORD-TAPAS_DOWNTOWN-01145,2,Garlic Flatbread,3,10000.00,30000.00,Standard,,"{""demoLine"": true}"
TAPAS_DOWNTOWN,ORD-TAPAS_DOWNTOWN-01145,3,Seasonal Salad,2,15000.00,30000.00,Standard,,"{""demoLine"": true}"
TAPAS_DOWNTOWN,ORD-TAPAS_DOWNTOWN-01146,1,Grilled Chicken Bowl,1,42000.00,42000.00,Standard,,"{""demoLine"": true}"
ROOFTOP_BAR,ORD-ROOFTOP_BAR-01147,1,Mango Passion Juice,2,15700.00,31400.00,Standard,,"{""demoLine"": true}"
ROOFTOP_BAR,ORD-ROOFTOP_BAR-01148,1,Night Market Fries,2,32000.00,64000.00,Standard,,"{""demoLine"": true}"
ROOFTOP_BAR,ORD-ROOFTOP_BAR-01148,2,Sesame Chicken Skewers,1,31400.00,31400.00,Standard,,"{""demoLine"": true}"
ROOFTOP_BAR,ORD-ROOFTOP_BAR-01149,1,Passion Fruit Cheesecake,1,23500.00,23500.00,Standard,,"{""demoLine"": true}"
ROOFTOP_BAR,ORD-ROOFTOP_BAR-01150,1,Skyline Mezze Cups,3,16000.00,48000.00,Standard,,"{""demoLine"": true}"
ROOFTOP_BAR,ORD-ROOFTOP_BAR-01150,2,Cucumber Basil Fizz,3,20000.00,60000.00,Standard,,"{""demoLine"": true}"
ROOFTOP_BAR,ORD-ROOFTOP_BAR-01150,3,Night Market Fries,2,32000.00,64000.00,Standard,,"{""demoLine"": true}"
ROOFTOP_BAR,ORD-ROOFTOP_BAR-01150,4,Passion Fruit Cheesecake,3,23500.00,70500.00,Standard,,"{""demoLine"": true}"
ROOFTOP_BAR,ORD-ROOFTOP_BAR-01151,1,Herb Fries,1,13400.00,13400.00,Standard,,"{""demoLine"": true}"
ROOFTOP_BAR,ORD-ROOFTOP_BAR-01152,1,Crispy Plantain Cups,2,20200.00,40400.00,Standard,,"{""demoLine"": true}"
ROOFTOP_BAR,ORD-ROOFTOP_BAR-01152,2,Rosemary Tonic Highball,2,24000.00,48000.00,Standard,,"{""demoLine"": true}"
ROOFTOP_BAR,ORD-ROOFTOP_BAR-01152,3,Cafe Latte,1,13400.00,13400.00,Standard,,"{""demoLine"": true}"
GARDEN_CAFE,ORD-GARDEN_CAFE-01153,1,Beef Fillet Plate,1,51500.00,51500.00,Standard,,"{""demoLine"": true}"
GARDEN_CAFE,ORD-GARDEN_CAFE-01153,2,Seasonal Salad,2,13800.00,27600.00,Standard,,"{""demoLine"": true}"
GARDEN_CAFE,ORD-GARDEN_CAFE-01153,3,Americano,2,8300.00,16600.00,Standard,,"{""demoLine"": true}"
GARDEN_CAFE,ORD-GARDEN_CAFE-01153,4,Mango Passion Juice,3,12900.00,38700.00,Standard,,"{""demoLine"": true}"
GARDEN_CAFE,ORD-GARDEN_CAFE-01154,1,Mango Passion Juice,3,12900.00,38700.00,Standard,,"{""demoLine"": true}"
GARDEN_CAFE,ORD-GARDEN_CAFE-01154,2,Herb Fries,2,11000.00,22000.00,Standard,,"{""demoLine"": true}"
GARDEN_CAFE,ORD-GARDEN_CAFE-01154,3,Sesame Chicken Skewers,2,25800.00,51600.00,Standard,,"{""demoLine"": true}"
GARDEN_CAFE,ORD-GARDEN_CAFE-01155,1,Ginger Hibiscus Cooler,3,15600.00,46800.00,Standard,,"{""demoLine"": true}"
GARDEN_CAFE,ORD-GARDEN_CAFE-01156,1,Mint Lime Spritz,2,14700.00,29400.00,Standard,,"{""demoLine"": true}"
GARDEN_CAFE,ORD-GARDEN_CAFE-01156,2,Mushroom Risotto,1,35000.00,35000.00,Standard,,"{""demoLine"": true}"
GARDEN_CAFE,ORD-GARDEN_CAFE-01156,3,Crispy Plantain Cups,3,16600.00,49800.00,Standard,,"{""demoLine"": true}"
GARDEN_CAFE,ORD-GARDEN_CAFE-01157,1,Chocolate Date Tart,2,22100.00,44200.00,Standard,,"{""demoLine"": true}"
GARDEN_CAFE,ORD-GARDEN_CAFE-01157,2,Mint Lime Spritz,2,14700.00,29400.00,Standard,,"{""demoLine"": true}"
GARDEN_CAFE,ORD-GARDEN_CAFE-01157,3,Passion Fruit Cheesecake,2,19300.00,38600.00,Standard,,"{""demoLine"": true}"
GARDEN_CAFE,ORD-GARDEN_CAFE-01157,4,Avocado Toast Stack,2,16000.00,32000.00,Standard,,"{""demoLine"": true}"
GARDEN_CAFE,ORD-GARDEN_CAFE-01158,1,Mushroom Risotto,1,35000.00,35000.00,Standard,,"{""demoLine"": true}"
GARDEN_CAFE,ORD-GARDEN_CAFE-01158,2,Banana Oat Pancakes,2,20000.00,40000.00,Standard,,"{""demoLine"": true}"
GARDEN_CAFE,ORD-GARDEN_CAFE-01158,3,Garden Breakfast Plate,3,24000.00,72000.00,Standard,,"{""demoLine"": true}"
GARDEN_CAFE,ORD-GARDEN_CAFE-01158,4,Berry Yoghurt Bowl,2,32000.00,64000.00,Standard,,"{""demoLine"": true}"
EVENTS_KITCHEN,ORD-EVENTS_KITCHEN-01159,1,Herb Fries,1,14200.00,14200.00,Standard,,"{""demoLine"": true}"
EVENTS_KITCHEN,ORD-EVENTS_KITCHEN-01159,2,Seasonal Salad,2,17700.00,35400.00,Standard,,"{""demoLine"": true}"
EVENTS_KITCHEN,ORD-EVENTS_KITCHEN-01160,1,Seasonal Salad,2,17700.00,35400.00,Standard,,"{""demoLine"": true}"
EVENTS_KITCHEN,ORD-EVENTS_KITCHEN-01160,2,Chocolate Date Tart,2,28300.00,56600.00,Standard,,"{""demoLine"": true}"
EVENTS_KITCHEN,ORD-EVENTS_KITCHEN-01161,1,Mini Dessert Flight,3,36000.00,108000.00,Standard,,"{""demoLine"": true}"
EVENTS_KITCHEN,ORD-EVENTS_KITCHEN-01161,2,Executive Lunch Box,3,28000.00,84000.00,Standard,,"{""demoLine"": true}"
EVENTS_KITCHEN,ORD-EVENTS_KITCHEN-01161,3,Halloumi Bites,3,30700.00,92100.00,Standard,,"{""demoLine"": true}"
EVENTS_KITCHEN,ORD-EVENTS_KITCHEN-01162,1,Banquet Mezze Platter,2,112100.00,224200.00,Standard,,"{""demoLine"": true}"
EVENTS_KITCHEN,ORD-EVENTS_KITCHEN-01162,2,Executive Lunch Box,1,28000.00,28000.00,Standard,,"{""demoLine"": true}"
EVENTS_KITCHEN,ORD-EVENTS_KITCHEN-01162,3,Seasonal Salad,3,17700.00,53100.00,Standard,,"{""demoLine"": true}"
EVENTS_KITCHEN,ORD-EVENTS_KITCHEN-01163,1,Ginger Hibiscus Cooler,2,20100.00,40200.00,Standard,,"{""demoLine"": true}"
EVENTS_KITCHEN,ORD-EVENTS_KITCHEN-01163,2,Mango Passion Juice,1,16500.00,16500.00,Standard,,"{""demoLine"": true}"
EVENTS_KITCHEN,ORD-EVENTS_KITCHEN-01164,1,Garlic Flatbread,1,11800.00,11800.00,Standard,,"{""demoLine"": true}"
EVENTS_KITCHEN,ORD-EVENTS_KITCHEN-01164,2,Mushroom Risotto,3,44800.00,134400.00,Standard,,"{""demoLine"": true}"
EVENTS_KITCHEN,ORD-EVENTS_KITCHEN-01164,3,Ginger Hibiscus Cooler,3,20100.00,60300.00,Standard,,"{""demoLine"": true}"
TAPAS_DOWNTOWN,ORD-TAPAS_DOWNTOWN-01165,1,Sesame Chicken Skewers,3,28000.00,84000.00,Standard,,"{""demoLine"": true}"
TAPAS_DOWNTOWN,ORD-TAPAS_DOWNTOWN-01165,2,Citrus Greens Bowl,3,28000.00,84000.00,Standard,,"{""demoLine"": true}"
TAPAS_DOWNTOWN,ORD-TAPAS_DOWNTOWN-01165,3,Tilapia Lemon Herb,3,48000.00,144000.00,Standard,,"{""demoLine"": true}"
TAPAS_DOWNTOWN,ORD-TAPAS_DOWNTOWN-01165,4,Tomato Bruschetta,2,22000.00,44000.00,Standard,,"{""demoLine"": true}"
TAPAS_DOWNTOWN,ORD-TAPAS_DOWNTOWN-01166,1,Chocolate Date Tart,1,24000.00,24000.00,Standard,,"{""demoLine"": true}"
TAPAS_DOWNTOWN,ORD-TAPAS_DOWNTOWN-01166,2,Spiced Chai,1,11000.00,11000.00,Standard,,"{""demoLine"": true}"
TAPAS_DOWNTOWN,ORD-TAPAS_DOWNTOWN-01166,3,Tilapia Lemon Herb,2,48000.00,96000.00,Standard,,"{""demoLine"": true}"
TAPAS_DOWNTOWN,ORD-TAPAS_DOWNTOWN-01166,4,Passion Fruit Cheesecake,3,21000.00,63000.00,Standard,,"{""demoLine"": true}"
TAPAS_DOWNTOWN,ORD-TAPAS_DOWNTOWN-01167,1,Mango Passion Juice,2,14000.00,28000.00,Standard,,"{""demoLine"": true}"
TAPAS_DOWNTOWN,ORD-TAPAS_DOWNTOWN-01168,1,Garlic Flatbread,2,10000.00,20000.00,Standard,,"{""demoLine"": true}"
TAPAS_DOWNTOWN,ORD-TAPAS_DOWNTOWN-01169,1,Beef Fillet Plate,1,56000.00,56000.00,Standard,,"{""demoLine"": true}"
TAPAS_DOWNTOWN,ORD-TAPAS_DOWNTOWN-01169,2,Herb Fries,2,12000.00,24000.00,Standard,,"{""demoLine"": true}"
TAPAS_DOWNTOWN,ORD-TAPAS_DOWNTOWN-01169,3,Ginger Hibiscus Cooler,1,17000.00,17000.00,Standard,,"{""demoLine"": true}"
TAPAS_DOWNTOWN,ORD-TAPAS_DOWNTOWN-01170,1,Halloumi Bites,3,26000.00,78000.00,Standard,,"{""demoLine"": true}"
TAPAS_DOWNTOWN,ORD-TAPAS_DOWNTOWN-01170,2,Passion Fruit Cheesecake,2,21000.00,42000.00,Standard,,"{""demoLine"": true}"
TAPAS_DOWNTOWN,ORD-TAPAS_DOWNTOWN-01171,1,Smoked Eggplant Dip,2,16000.00,32000.00,Standard,,"{""demoLine"": true}"
ROOFTOP_BAR,ORD-ROOFTOP_BAR-01172,1,Garden Vegetable Pasta,1,40300.00,40300.00,Standard,,"{""demoLine"": true}"
ROOFTOP_BAR,ORD-ROOFTOP_BAR-01172,2,Night Market Fries,2,32000.00,64000.00,Standard,,"{""demoLine"": true}"
ROOFTOP_BAR,ORD-ROOFTOP_BAR-01173,1,Tomato Bruschetta,3,24600.00,73800.00,Standard,,"{""demoLine"": true}"
ROOFTOP_BAR,ORD-ROOFTOP_BAR-01173,2,Passion Fruit Cheesecake,1,23500.00,23500.00,Standard,,"{""demoLine"": true}"
ROOFTOP_BAR,ORD-ROOFTOP_BAR-01173,3,Sesame Chicken Skewers,1,31400.00,31400.00,Standard,,"{""demoLine"": true}"
ROOFTOP_BAR,ORD-ROOFTOP_BAR-01173,4,Night Market Fries,3,32000.00,96000.00,Standard,,"{""demoLine"": true}"
ROOFTOP_BAR,ORD-ROOFTOP_BAR-01174,1,Tomato Bruschetta,1,24600.00,24600.00,Standard,,"{""demoLine"": true}"
ROOFTOP_BAR,ORD-ROOFTOP_BAR-01174,2,Night Market Fries,3,32000.00,96000.00,Standard,,"{""demoLine"": true}"
ROOFTOP_BAR,ORD-ROOFTOP_BAR-01175,1,Seasonal Salad,1,16800.00,16800.00,Standard,,"{""demoLine"": true}"
ROOFTOP_BAR,ORD-ROOFTOP_BAR-01176,1,Cucumber Basil Fizz,1,20000.00,20000.00,Standard,,"{""demoLine"": true}"
ROOFTOP_BAR,ORD-ROOFTOP_BAR-01176,2,Mint Lime Sky Spritz,2,17900.00,35800.00,Standard,,"{""demoLine"": true}"
ROOFTOP_BAR,ORD-ROOFTOP_BAR-01176,3,Sesame Chicken Skewers,2,31400.00,62800.00,Standard,,"{""demoLine"": true}"
ROOFTOP_BAR,ORD-ROOFTOP_BAR-01177,1,Mint Lime Sky Spritz,3,17900.00,53700.00,Standard,,"{""demoLine"": true}"
ROOFTOP_BAR,ORD-ROOFTOP_BAR-01177,2,Crispy Plantain Cups,1,20200.00,20200.00,Standard,,"{""demoLine"": true}"
ROOFTOP_BAR,ORD-ROOFTOP_BAR-01177,3,Ginger Hibiscus Rooftop Cooler,2,19000.00,38000.00,Standard,,"{""demoLine"": true}"
ROOFTOP_BAR,ORD-ROOFTOP_BAR-01178,1,Cranberry Lime Nojito,3,28000.00,84000.00,Standard,,"{""demoLine"": true}"
ROOFTOP_BAR,ORD-ROOFTOP_BAR-01178,2,Tomato Bruschetta,3,24600.00,73800.00,Standard,,"{""demoLine"": true}"
ROOFTOP_BAR,ORD-ROOFTOP_BAR-01178,3,Garden Vegetable Pasta,1,40300.00,40300.00,Standard,,"{""demoLine"": true}"
GARDEN_CAFE,ORD-GARDEN_CAFE-01179,1,Seasonal Salad,1,13800.00,13800.00,Standard,,"{""demoLine"": true}"
GARDEN_CAFE,ORD-GARDEN_CAFE-01180,1,Passion Fruit Cheesecake,2,19300.00,38600.00,Standard,,"{""demoLine"": true}"
GARDEN_CAFE,ORD-GARDEN_CAFE-01181,1,Sesame Chicken Skewers,3,25800.00,77400.00,Standard,,"{""demoLine"": true}"
GARDEN_CAFE,ORD-GARDEN_CAFE-01182,1,Americano,1,8300.00,8300.00,Standard,,"{""demoLine"": true}"
GARDEN_CAFE,ORD-GARDEN_CAFE-01182,2,Tilapia Lemon Herb,2,44200.00,88400.00,Standard,,"{""demoLine"": true}"
GARDEN_CAFE,ORD-GARDEN_CAFE-01183,1,Crispy Plantain Cups,2,16600.00,33200.00,Standard,,"{""demoLine"": true}"
GARDEN_CAFE,ORD-GARDEN_CAFE-01184,1,Mint Lime Spritz,3,14700.00,44100.00,Standard,,"{""demoLine"": true}"
GARDEN_CAFE,ORD-GARDEN_CAFE-01184,2,Garlic Flatbread,3,9200.00,27600.00,Standard,,"{""demoLine"": true}"
GARDEN_CAFE,ORD-GARDEN_CAFE-01184,3,Avocado Toast Stack,1,16000.00,16000.00,Standard,,"{""demoLine"": true}"
GARDEN_CAFE,ORD-GARDEN_CAFE-01185,1,Ginger Hibiscus Cooler,2,15600.00,31200.00,Standard,,"{""demoLine"": true}"
GARDEN_CAFE,ORD-GARDEN_CAFE-01185,2,Beef Fillet Plate,2,51500.00,103000.00,Standard,,"{""demoLine"": true}"
GARDEN_CAFE,ORD-GARDEN_CAFE-01185,3,Cafe Latte,1,11000.00,11000.00,Standard,,"{""demoLine"": true}"
GARDEN_CAFE,ORD-GARDEN_CAFE-01185,4,Sesame Chicken Skewers,3,25800.00,77400.00,Standard,,"{""demoLine"": true}"
EVENTS_KITCHEN,ORD-EVENTS_KITCHEN-01186,1,Ginger Hibiscus Cooler,3,20100.00,60300.00,Standard,,"{""demoLine"": true}"
EVENTS_KITCHEN,ORD-EVENTS_KITCHEN-01186,2,Passion Fruit Cheesecake,1,24800.00,24800.00,Standard,,"{""demoLine"": true}"
EVENTS_KITCHEN,ORD-EVENTS_KITCHEN-01186,3,Sesame Chicken Skewers,3,33000.00,99000.00,Standard,,"{""demoLine"": true}"
EVENTS_KITCHEN,ORD-EVENTS_KITCHEN-01187,1,Mint Lime Spritz,3,18900.00,56700.00,Standard,,"{""demoLine"": true}"
EVENTS_KITCHEN,ORD-EVENTS_KITCHEN-01187,2,Conference Tea Service,3,40000.00,120000.00,Standard,,"{""demoLine"": true}"
EVENTS_KITCHEN,ORD-EVENTS_KITCHEN-01187,3,Mini Dessert Flight,2,36000.00,72000.00,Standard,,"{""demoLine"": true}"
EVENTS_KITCHEN,ORD-EVENTS_KITCHEN-01188,1,Banquet Chicken Tray,2,24000.00,48000.00,Standard,,"{""demoLine"": true}"
EVENTS_KITCHEN,ORD-EVENTS_KITCHEN-01188,2,Grilled Chicken Bowl,3,49600.00,148800.00,Standard,,"{""demoLine"": true}"
EVENTS_KITCHEN,ORD-EVENTS_KITCHEN-01189,1,Sesame Chicken Skewers,1,33000.00,33000.00,Standard,,"{""demoLine"": true}"
EVENTS_KITCHEN,ORD-EVENTS_KITCHEN-01190,1,Sesame Chicken Skewers,1,33000.00,33000.00,Standard,,"{""demoLine"": true}"
EVENTS_KITCHEN,ORD-EVENTS_KITCHEN-01190,2,Seasonal Salad,3,17700.00,53100.00,Standard,,"{""demoLine"": true}"
EVENTS_KITCHEN,ORD-EVENTS_KITCHEN-01190,3,Herb Fries,3,14200.00,42600.00,Standard,,"{""demoLine"": true}"
EVENTS_KITCHEN,ORD-EVENTS_KITCHEN-01190,4,Crispy Plantain Cups,1,21200.00,21200.00,Standard,,"{""demoLine"": true}"
EVENTS_KITCHEN,ORD-EVENTS_KITCHEN-01191,1,Spiced Chai,2,13000.00,26000.00,Standard,,"{""demoLine"": true}"
EVENTS_KITCHEN,ORD-EVENTS_KITCHEN-01192,1,Garden Vegetable Pasta,2,42500.00,85000.00,Standard,,"{""demoLine"": true}"
EVENTS_KITCHEN,ORD-EVENTS_KITCHEN-01192,2,Mushroom Risotto,3,44800.00,134400.00,Standard,,"{""demoLine"": true}"
EVENTS_KITCHEN,ORD-EVENTS_KITCHEN-01192,3,Americano,2,10600.00,21200.00,Standard,,"{""demoLine"": true}"
