organizationSlug,branchCode,orderNumber,amount,method,status,enteredByEmail,provider,transactionId,providerRef,captureMode,verificationStatus,metadata
nimbus,ROOFTOP_BAR,ORD-ROOFTOP_BAR-00002,186400.00,CASH,COMPLETED,cashier@nimbus.demo,MANUAL,PAY-ORD-ROOFTOP_BAR-00002,PAY-ORD-ROOFTOP_BAR-00002,MANUAL_REFERENCE,NOT_REQUIRED,"{""liveProvider"": false}"
nimbus,TAPAS_DOWNTOWN,ORD-TAPAS_DOWNTOWN-00005,289100.00,CASH,COMPLETED,cashier@nimbus.demo,MANUAL,PAY-ORD-TAPAS_DOWNTOWN-00005,PAY-ORD-TAPAS_DOWNTOWN-00005,MANUAL_REFERENCE,NOT_REQUIRED,"{""liveProvider"": false}"
nimbus,GARDEN_CAFE,ORD-GARDEN_CAFE-00010,223300.00,CARD,COMPLETED,cashier@nimbus.demo,CARD_STUB,PAY-ORD-GARDEN_CAFE-00010,PAY-ORD-GARDEN_CAFE-00010,MANUAL_REFERENCE,VERIFIED,"{""liveProvider"": false}"
nimbus,EVENTS_KITCHEN,ORD-EVENTS_KITCHEN-00012,325700.00,CARD,COMPLETED,cashier@nimbus.demo,CARD_STUB,PAY-ORD-EVENTS_KITCHEN-00012,PAY-ORD-EVENTS_KITCHEN-00012,MANUAL_REFERENCE,VERIFIED,"{""liveProvider"": false}"
nimbus,TAPAS_DOWNTOWN,ORD-TAPAS_DOWNTOWN-00015,155800.00,CASH,COMPLETED,cashier@nimbus.demo,MANUAL,PAY-ORD-TAPAS_DOWNTOWN-00015,PAY-ORD-TAPAS_DOWNTOWN-00015,MANUAL_REFERENCE,NOT_REQUIRED,"{""liveProvider"": false}"
nimbus,ROOFTOP_BAR,ORD-ROOFTOP_BAR-00016,124700.00,CASH,COMPLETED,cashier@nimbus.demo,MANUAL,PAY-ORD-ROOFTOP_BAR-00016,PAY-ORD-ROOFTOP_BAR-00016,MANUAL_REFERENCE,NOT_REQUIRED,"{""liveProvider"": false}"
nimbus,ROOFTOP_BAR,ORD-ROOFTOP_BAR-00017,216400.00,CASH,COMPLETED,cashier@nimbus.demo,MANUAL,PAY-ORD-ROOFTOP_BAR-00017,PAY-ORD-ROOFTOP_BAR-00017,MANUAL_REFERENCE,NOT_REQUIRED,"{""liveProvider"": false}"
nimbus,EVENTS_KITCHEN,ORD-EVENTS_KITCHEN-00022,256800.00,CASH,COMPLETED,cashier@nimbus.demo,MANUAL,PAY-ORD-EVENTS_KITCHEN-00022,PAY-ORD-EVENTS_KITCHEN-00022,MANUAL_REFERENCE,NOT_REQUIRED,"{""liveProvider"": false}"
nimbus,EVENTS_KITCHEN,ORD-EVENTS_KITCHEN-00023,264600.00,CARD,COMPLETED,cashier@nimbus.demo,CARD_STUB,PAY-ORD-EVENTS_KITCHEN-00023,PAY-ORD-EVENTS_KITCHEN-00023,MANUAL_REFERENCE,VERIFIED,"{""liveProvider"": false}"
nimbus,EVENTS_KITCHEN,ORD-EVENTS_KITCHEN-00024,334200.00,CASH,COMPLETED,cashier@nimbus.demo,MANUAL,PAY-ORD-EVENTS_KITCHEN-00024,PAY-ORD-EVENTS_KITCHEN-00024,MANUAL_REFERENCE,NOT_REQUIRED,"{""liveProvider"": false}"
nimbus,TAPAS_DOWNTOWN,ORD-TAPAS_DOWNTOWN-00025,49600.00,CARD,COMPLETED,cashier@nimbus.demo,CARD_STUB,PAY-ORD-TAPAS_DOWNTOWN-00025,PAY-ORD-TAPAS_DOWNTOWN-00025,MANUAL_REFERENCE,VERIFIED,"{""liveProvider"": false}"
nimbus,TAPAS_DOWNTOWN,ORD-TAPAS_DOWNTOWN-00027,18900.00,CARD,COMPLETED,cashier@nimbus.demo,CARD_STUB,PAY-ORD-TAPAS_DOWNTOWN-00027,PAY-ORD-TAPAS_DOWNTOWN-00027,MANUAL_REFERENCE,VERIFIED,"{""liveProvider"": false}"
nimbus,TAPAS_DOWNTOWN,ORD-TAPAS_DOWNTOWN-00028,37800.00,BANK_TRANSFER,COMPLETED,cashier@nimbus.demo,MANUAL,PAY-ORD-TAPAS_DOWNTOWN-00028,PAY-ORD-TAPAS_DOWNTOWN-00028,MANUAL_REFERENCE,VERIFIED,"{""liveProvider"": false}"
nimbus,ROOFTOP_BAR,ORD-ROOFTOP_BAR-00031,31400.00,CASH,COMPLETED,cashier@nimbus.demo,MANUAL,PAY-ORD-ROOFTOP_BAR-00031,PAY-ORD-ROOFTOP_BAR-00031,MANUAL_REFERENCE,NOT_REQUIRED,"{""liveProvider"": false}"
nimbus,ROOFTOP_BAR,ORD-ROOFTOP_BAR-00032,47400.00,CARD,COMPLETED,cashier@nimbus.demo,CARD_STUB,PAY-ORD-ROOFTOP_BAR-00032,PAY-ORD-ROOFTOP_BAR-00032,MANUAL_REFERENCE,VERIFIED,"{""liveProvider"": false}"
nimbus,GARDEN_CAFE,ORD-GARDEN_CAFE-00035,84500.00,CASH,COMPLETED,cashier@nimbus.demo,MANUAL,PAY-ORD-GARDEN_CAFE-00035,PAY-ORD-GARDEN_CAFE-00035,MANUAL_REFERENCE,NOT_REQUIRED,"{""liveProvider"": false}"
nimbus,EVENTS_KITCHEN,ORD-EVENTS_KITCHEN-00037,235300.00,CASH,COMPLETED,cashier@nimbus.demo,MANUAL,PAY-ORD-EVENTS_KITCHEN-00037,PAY-ORD-EVENTS_KITCHEN-00037,MANUAL_REFERENCE,NOT_REQUIRED,"{""liveProvider"": false}"
nimbus,EVENTS_KITCHEN,ORD-EVENTS_KITCHEN-00038,494200.00,CARD,COMPLETED,cashier@nimbus.demo,CARD_STUB,PAY-ORD-EVENTS_KITCHEN-00038,PAY-ORD-EVENTS_KITCHEN-00038,MANUAL_REFERENCE,VERIFIED,"{""liveProvider"": false}"
nimbus,EVENTS_KITCHEN,ORD-EVENTS_KITCHEN-00039,187400.00,CARD,COMPLETED,cashier@nimbus.demo,CARD_STUB,PAY-ORD-EVENTS_KITCHEN-00039,PAY-ORD-EVENTS_KITCHEN-00039,MANUAL_REFERENCE,VERIFIED,"{""liveProvider"": false}"
nimbus,TAPAS_DOWNTOWN,ORD-TAPAS_DOWNTOWN-00041,113300.00,CASH,COMPLETED,cashier@nimbus.demo,MANUAL,PAY-ORD-TAPAS_DOWNTOWN-00041,PAY-ORD-TAPAS_DOWNTOWN-00041,MANUAL_REFERENCE,NOT_REQUIRED,"{""liveProvider"": false}"
nimbus,TAPAS_DOWNTOWN,ORD-TAPAS_DOWNTOWN-00042,429500.00,CARD,COMPLETED,cashier@nimbus.demo,CARD_STUB,PAY-ORD-TAPAS_DOWNTOWN-00042,PAY-ORD-TAPAS_DOWNTOWN-00042,MANUAL_REFERENCE,VERIFIED,"{""liveProvider"": false}"
nimbus,TAPAS_DOWNTOWN,ORD-TAPAS_DOWNTOWN-00045,37800.00,CARD,COMPLETED,cashier@nimbus.demo,CARD_STUB,PAY-ORD-TAPAS_DOWNTOWN-00045,PAY-ORD-TAPAS_DOWNTOWN-00045,MANUAL_REFERENCE,VERIFIED,"{""liveProvider"": false}"
nimbus,ROOFTOP_BAR,ORD-ROOFTOP_BAR-00046,358100.00,CARD,COMPLETED,cashier@nimbus.demo,CARD_STUB,PAY-ORD-ROOFTOP_BAR-00046,PAY-ORD-ROOFTOP_BAR-00046,MANUAL_REFERENCE,VERIFIED,"{""liveProvider"": false}"
nimbus,ROOFTOP_BAR,ORD-ROOFTOP_BAR-00047,276200.00,CARD,COMPLETED,cashier@nimbus.demo,CARD_STUB,PAY-ORD-ROOFTOP_BAR-00047,PAY-ORD-ROOFTOP_BAR-00047,MANUAL_REFERENCE,VERIFIED,"{""liveProvider"": false}"
nimbus,ROOFTOP_BAR,ORD-ROOFTOP_BAR-00048,252800.00,BANK_TRANSFER,COMPLETED,cashier@nimbus.demo,MANUAL,PAY-ORD-ROOFTOP_BAR-00048,PAY-ORD-ROOFTOP_BAR-00048,MANUAL_REFERENCE,VERIFIED,"{""liveProvider"": false}"
nimbus,ROOFTOP_BAR,ORD-ROOFTOP_BAR-00049,37100.00,CASH,COMPLETED,cashier@nimbus.demo,MANUAL,PAY-ORD-ROOFTOP_BAR-00049,PAY-ORD-ROOFTOP_BAR-00049,MANUAL_REFERENCE,NOT_REQUIRED,"{""liveProvider"": false}"
nimbus,GARDEN_CAFE,ORD-GARDEN_CAFE-00051,255900.00,CASH,COMPLETED,cashier@nimbus.demo,MANUAL,PAY-ORD-GARDEN_CAFE-00051,PAY-ORD-GARDEN_CAFE-00051,MANUAL_REFERENCE,NOT_REQUIRED,"{""liveProvider"": false}"
nimbus,GARDEN_CAFE,ORD-GARDEN_CAFE-00053,84600.00,CASH,COMPLETED,cashier@nimbus.demo,MANUAL,PAY-ORD-GARDEN_CAFE-00053,PAY-ORD-GARDEN_CAFE-00053,MANUAL_REFERENCE,NOT_REQUIRED,"{""liveProvider"": false}"
nimbus,GARDEN_CAFE,ORD-GARDEN_CAFE-00054,273600.00,CARD,COMPLETED,cashier@nimbus.demo,CARD_STUB,PAY-ORD-GARDEN_CAFE-00054,PAY-ORD-GARDEN_CAFE-00054,MANUAL_REFERENCE,VERIFIED,"{""liveProvider"": false}"
nimbus,EVENTS_KITCHEN,ORD-EVENTS_KITCHEN-00057,56600.00,CASH,COMPLETED,cashier@nimbus.demo,MANUAL,PAY-ORD-EVENTS_KITCHEN-00057,PAY-ORD-EVENTS_KITCHEN-00057,MANUAL_REFERENCE,NOT_REQUIRED,"{""liveProvider"": false}"
nimbus,EVENTS_KITCHEN,ORD-EVENTS_KITCHEN-00058,341300.00,CASH,COMPLETED,cashier@nimbus.demo,MANUAL,PAY-ORD-EVENTS_KITCHEN-00058,PAY-ORD-EVENTS_KITCHEN-00058,MANUAL_REFERENCE,NOT_REQUIRED,"{""liveProvider"": false}"
nimbus,EVENTS_KITCHEN,ORD-EVENTS_KITCHEN-00059,111600.00,CARD,COMPLETED,cashier@nimbus.demo,CARD_STUB,PAY-ORD-EVENTS_KITCHEN-00059,PAY-ORD-EVENTS_KITCHEN-00059,MANUAL_REFERENCE,VERIFIED,"{""liveProvider"": false}"
nimbus,GARDEN_CAFE,ORD-GARDEN_CAFE-00063,67000.00,CARD,COMPLETED,cashier@nimbus.demo,CARD_STUB,PAY-ORD-GARDEN_CAFE-00063,PAY-ORD-GARDEN_CAFE-00063,MANUAL_REFERENCE,VERIFIED,"{""liveProvider"": false}"
nimbus,TAPAS_DOWNTOWN,ORD-TAPAS_DOWNTOWN-00065,328000.00,CARD,COMPLETED,cashier@nimbus.demo,CARD_STUB,PAY-ORD-TAPAS_DOWNTOWN-00065,PAY-ORD-TAPAS_DOWNTOWN-00065,MANUAL_REFERENCE,VERIFIED,"{""liveProvider"": false}"
nimbus,TAPAS_DOWNTOWN,ORD-TAPAS_DOWNTOWN-00066,67300.00,CARD,COMPLETED,cashier@nimbus.demo,CARD_STUB,PAY-ORD-TAPAS_DOWNTOWN-00066,PAY-ORD-TAPAS_DOWNTOWN-00066,MANUAL_REFERENCE,VERIFIED,"{""liveProvider"": false}"
nimbus,ROOFTOP_BAR,ORD-ROOFTOP_BAR-00068,22700.00,CARD,COMPLETED,cashier@nimbus.demo,CARD_STUB,PAY-ORD-ROOFTOP_BAR-00068,PAY-ORD-ROOFTOP_BAR-00068,MANUAL_REFERENCE,VERIFIED,"{""liveProvider"": false}"
nimbus,GARDEN_CAFE,ORD-GARDEN_CAFE-00069,234800.00,CASH,COMPLETED,cashier@nimbus.demo,MANUAL,PAY-ORD-GARDEN_CAFE-00069,PAY-ORD-GARDEN_CAFE-00069,MANUAL_REFERENCE,NOT_REQUIRED,"{""liveProvider"": false}"
nimbus,GARDEN_CAFE,ORD-GARDEN_CAFE-00070,23800.00,CARD,COMPLETED,cashier@nimbus.demo,CARD_STUB,PAY-ORD-GARDEN_CAFE-00070,PAY-ORD-GARDEN_CAFE-00070,MANUAL_REFERENCE,VERIFIED,"{""liveProvider"": false}"
nimbus,EVENTS_KITCHEN,ORD-EVENTS_KITCHEN-00071,201800.00,CASH,COMPLETED,cashier@nimbus.demo,MANUAL,PAY-ORD-EVENTS_KITCHEN-00071,PAY-ORD-EVENTS_KITCHEN-00071,MANUAL_REFERENCE,NOT_REQUIRED,"{""liveProvider"": false}"
nimbus,EVENTS_KITCHEN,ORD-EVENTS_KITCHEN-00072,33400.00,CASH,COMPLETED,cashier@nimbus.demo,MANUAL,PAY-ORD-EVENTS_KITCHEN-00072,PAY-ORD-EVENTS_KITCHEN-00072,MANUAL_REFERENCE,NOT_REQUIRED,"{""liveProvider"": false}"
nimbus,TAPAS_DOWNTOWN,ORD-TAPAS_DOWNTOWN-00073,166400.00,BANK_TRANSFER,COMPLETED,cashier@nimbus.demo,MANUAL,PAY-ORD-TAPAS_DOWNTOWN-00073,PAY-ORD-TAPAS_DOWNTOWN-00073,MANUAL_REFERENCE,VERIFIED,"{""liveProvider"": false}"
nimbus,TAPAS_DOWNTOWN,ORD-TAPAS_DOWNTOWN-00074,100900.00,BANK_TRANSFER,COMPLETED,cashier@nimbus.demo,MANUAL,PAY-ORD-TAPAS_DOWNTOWN-00074,PAY-ORD-TAPAS_DOWNTOWN-00074,MANUAL_REFERENCE,VERIFIED,"{""liveProvider"": false}"
nimbus,ROOFTOP_BAR,ORD-ROOFTOP_BAR-00076,63400.00,CASH,COMPLETED,cashier@nimbus.demo,MANUAL,PAY-ORD-ROOFTOP_BAR-00076,PAY-ORD-ROOFTOP_BAR-00076,MANUAL_REFERENCE,NOT_REQUIRED,"{""liveProvider"": false}"
nimbus,GARDEN_CAFE,ORD-GARDEN_CAFE-00079,273400.00,CARD,COMPLETED,cashier@nimbus.demo,CARD_STUB,PAY-ORD-GARDEN_CAFE-00079,PAY-ORD-GARDEN_CAFE-00079,MANUAL_REFERENCE,VERIFIED,"{""liveProvider"": false}"
nimbus,GARDEN_CAFE,ORD-GARDEN_CAFE-00080,247200.00,CASH,COMPLETED,cashier@nimbus.demo,MANUAL,PAY-ORD-GARDEN_CAFE-00080,PAY-ORD-GARDEN_CAFE-00080,MANUAL_REFERENCE,NOT_REQUIRED,"{""liveProvider"": false}"
nimbus,GARDEN_CAFE,ORD-GARDEN_CAFE-00081,70800.00,BANK_TRANSFER,COMPLETED,cashier@nimbus.demo,MANUAL,PAY-ORD-GARDEN_CAFE-00081,PAY-ORD-GARDEN_CAFE-00081,MANUAL_REFERENCE,VERIFIED,"{""liveProvider"": false}"
nimbus,EVENTS_KITCHEN,ORD-EVENTS_KITCHEN-00082,197900.00,CARD,COMPLETED,cashier@nimbus.demo,CARD_STUB,PAY-ORD-EVENTS_KITCHEN-00082,PAY-ORD-EVENTS_KITCHEN-00082,MANUAL_REFERENCE,VERIFIED,"{""liveProvider"": false}"
nimbus,EVENTS_KITCHEN,ORD-EVENTS_KITCHEN-00083,141600.00,CASH,COMPLETED,cashier@nimbus.demo,MANUAL,PAY-ORD-EVENTS_KITCHEN-00083,PAY-ORD-EVENTS_KITCHEN-00083,MANUAL_REFERENCE,NOT_REQUIRED,"{""liveProvider"": false}"
nimbus,TAPAS_DOWNTOWN,ORD-TAPAS_DOWNTOWN-00085,106200.00,CARD,COMPLETED,cashier@nimbus.demo,CARD_STUB,PAY-ORD-TAPAS_DOWNTOWN-00085,PAY-ORD-TAPAS_DOWNTOWN-00085,MANUAL_REFERENCE,VERIFIED,"{""liveProvider"": false}"
nimbus,TAPAS_DOWNTOWN,ORD-TAPAS_DOWNTOWN-00087,125100.00,BANK_TRANSFER,COMPLETED,cashier@nimbus.demo,MANUAL,PAY-ORD-TAPAS_DOWNTOWN-00087,PAY-ORD-TAPAS_DOWNTOWN-00087,MANUAL_REFERENCE,VERIFIED,"{""liveProvider"": false}"
nimbus,TAPAS_DOWNTOWN,ORD-TAPAS_DOWNTOWN-00088,37800.00,CARD,COMPLETED,cashier@nimbus.demo,CARD_STUB,PAY-ORD-TAPAS_DOWNTOWN-00088,PAY-ORD-TAPAS_DOWNTOWN-00088,MANUAL_REFERENCE,VERIFIED,"{""liveProvider"": false}"
nimbus,ROOFTOP_BAR,ORD-ROOFTOP_BAR-00089,56600.00,CARD,COMPLETED,cashier@nimbus.demo,CARD_STUB,PAY-ORD-ROOFTOP_BAR-00089,PAY-ORD-ROOFTOP_BAR-00089,MANUAL_REFERENCE,VERIFIED,"{""liveProvider"": false}"
nimbus,ROOFTOP_BAR,ORD-ROOFTOP_BAR-00090,70800.00,BANK_TRANSFER,COMPLETED,cashier@nimbus.demo,MANUAL,PAY-ORD-ROOFTOP_BAR-00090,PAY-ORD-ROOFTOP_BAR-00090,MANUAL_REFERENCE,VERIFIED,"{""liveProvider"": false}"
nimbus,ROOFTOP_BAR,ORD-ROOFTOP_BAR-00091,52600.00,CASH,COMPLETED,cashier@nimbus.demo,MANUAL,PAY-ORD-ROOFTOP_BAR-00091,PAY-ORD-ROOFTOP_BAR-00091,MANUAL_REFERENCE,NOT_REQUIRED,"{""liveProvider"": false}"
nimbus,GARDEN_CAFE,ORD-GARDEN_CAFE-00093,206300.00,CASH,COMPLETED,cashier@nimbus.demo,MANUAL,PAY-ORD-GARDEN_CAFE-00093,PAY-ORD-GARDEN_CAFE-00093,MANUAL_REFERENCE,NOT_REQUIRED,"{""liveProvider"": false}"
nimbus,GARDEN_CAFE,ORD-GARDEN_CAFE-00094,261700.00,CASH,COMPLETED,cashier@nimbus.demo,MANUAL,PAY-ORD-GARDEN_CAFE-00094,PAY-ORD-GARDEN_CAFE-00094,MANUAL_REFERENCE,NOT_REQUIRED,"{""liveProvider"": false}"
nimbus,GARDEN_CAFE,ORD-GARDEN_CAFE-00096,75500.00,CARD,COMPLETED,cashier@nimbus.demo,CARD_STUB,PAY-ORD-GARDEN_CAFE-00096,PAY-ORD-GARDEN_CAFE-00096,MANUAL_REFERENCE,VERIFIED,"{""liveProvider"": false}"
nimbus,EVENTS_KITCHEN,ORD-EVENTS_KITCHEN-00097,361400.00,CARD,COMPLETED,cashier@nimbus.demo,CARD_STUB,PAY-ORD-EVENTS_KITCHEN-00097,PAY-ORD-EVENTS_KITCHEN-00097,MANUAL_REFERENCE,VERIFIED,"{""liveProvider"": false}"
nimbus,EVENTS_KITCHEN,ORD-EVENTS_KITCHEN-00098,330500.00,CARD,COMPLETED,cashier@nimbus.demo,CARD_STUB,PAY-ORD-EVENTS_KITCHEN-00098,PAY-ORD-EVENTS_KITCHEN-00098,MANUAL_REFERENCE,VERIFIED,"{""liveProvider"": false}"
nimbus,EVENTS_KITCHEN,ORD-EVENTS_KITCHEN-00100,66800.00,CARD,COMPLETED,cashier@nimbus.demo,CARD_STUB,PAY-ORD-EVENTS_KITCHEN-00100,PAY-ORD-EVENTS_KITCHEN-00100,MANUAL_REFERENCE,VERIFIED,"{""liveProvider"": false}"
nimbus,TAPAS_DOWNTOWN,ORD-TAPAS_DOWNTOWN-00101,74300.00,CASH,COMPLETED,cashier@nimbus.demo,MANUAL,PAY-ORD-TAPAS_DOWNTOWN-00101,PAY-ORD-TAPAS_DOWNTOWN-00101,MANUAL_REFERENCE,NOT_REQUIRED,"{""liveProvider"": false}"
nimbus,TAPAS_DOWNTOWN,ORD-TAPAS_DOWNTOWN-00104,144700.00,CARD,COMPLETED,cashier@nimbus.demo,CARD_STUB,PAY-ORD-TAPAS_DOWNTOWN-00104,PAY-ORD-TAPAS_DOWNTOWN-00104,MANUAL_REFERENCE,VERIFIED,"{""liveProvider"": false}"
nimbus,TAPAS_DOWNTOWN,ORD-TAPAS_DOWNTOWN-00105,110900.00,CASH,COMPLETED,cashier@nimbus.demo,MANUAL,PAY-ORD-TAPAS_DOWNTOWN-00105,PAY-ORD-TAPAS_DOWNTOWN-00105,MANUAL_REFERENCE,NOT_REQUIRED,"{""liveProvider"": false}"
nimbus,ROOFTOP_BAR,ORD-ROOFTOP_BAR-00106,106000.00,CARD,COMPLETED,cashier@nimbus.demo,CARD_STUB,PAY-ORD-ROOFTOP_BAR-00106,PAY-ORD-ROOFTOP_BAR-00106,MANUAL_REFERENCE,VERIFIED,"{""liveProvider"": false}"
nimbus,ROOFTOP_BAR,ORD-ROOFTOP_BAR-00108,63100.00,CARD,COMPLETED,cashier@nimbus.demo,CARD_STUB,PAY-ORD-ROOFTOP_BAR-00108,PAY-ORD-ROOFTOP_BAR-00108,MANUAL_REFERENCE,VERIFIED,"{""liveProvider"": false}"
nimbus,ROOFTOP_BAR,ORD-ROOFTOP_BAR-00109,114900.00,CARD,COMPLETED,cashier@nimbus.demo,CARD_STUB,PAY-ORD-ROOFTOP_BAR-00109,PAY-ORD-ROOFTOP_BAR-00109,MANUAL_REFERENCE,VERIFIED,"{""liveProvider"": false}"
nimbus,ROOFTOP_BAR,ORD-ROOFTOP_BAR-00110,60200.00,CARD,COMPLETED,cashier@nimbus.demo,CARD_STUB,PAY-ORD-ROOFTOP_BAR-00110,PAY-ORD-ROOFTOP_BAR-00110,MANUAL_REFERENCE,VERIFIED,"{""liveProvider"": false}"
nimbus,GARDEN_CAFE,ORD-GARDEN_CAFE-00112,17500.00,CASH,COMPLETED,cashier@nimbus.demo,MANUAL,PAY-ORD-GARDEN_CAFE-00112,PAY-ORD-GARDEN_CAFE-00112,MANUAL_REFERENCE,NOT_REQUIRED,"{""liveProvider"": false}"
nimbus,GARDEN_CAFE,ORD-GARDEN_CAFE-00113,39100.00,CARD,COMPLETED,cashier@nimbus.demo,CARD_STUB,PAY-ORD-GARDEN_CAFE-00113,PAY-ORD-GARDEN_CAFE-00113,MANUAL_REFERENCE,VERIFIED,"{""liveProvider"": false}"
nimbus,GARDEN_CAFE,ORD-GARDEN_CAFE-00114,75000.00,CASH,COMPLETED,cashier@nimbus.demo,MANUAL,PAY-ORD-GARDEN_CAFE-00114,PAY-ORD-GARDEN_CAFE-00114,MANUAL_REFERENCE,NOT_REQUIRED,"{""liveProvider"": false}"
nimbus,GARDEN_CAFE,ORD-GARDEN_CAFE-00115,163000.00,CASH,COMPLETED,cashier@nimbus.demo,MANUAL,PAY-ORD-GARDEN_CAFE-00115,PAY-ORD-GARDEN_CAFE-00115,MANUAL_REFERENCE,NOT_REQUIRED,"{""liveProvider"": false}"
nimbus,EVENTS_KITCHEN,ORD-EVENTS_KITCHEN-00116,206400.00,CASH,COMPLETED,cashier@nimbus.demo,MANUAL,PAY-ORD-EVENTS_KITCHEN-00116,PAY-ORD-EVENTS_KITCHEN-00116,MANUAL_REFERENCE,NOT_REQUIRED,"{""liveProvider"": false}"
nimbus,EVENTS_KITCHEN,ORD-EVENTS_KITCHEN-00117,308800.00,CARD,COMPLETED,cashier@nimbus.demo,CARD_STUB,PAY-ORD-EVENTS_KITCHEN-00117,PAY-ORD-EVENTS_KITCHEN-00117,MANUAL_REFERENCE,VERIFIED,"{""liveProvider"": false}"
nimbus,EVENTS_KITCHEN,ORD-EVENTS_KITCHEN-00118,161800.00,CASH,COMPLETED,cashier@nimbus.demo,MANUAL,PAY-ORD-EVENTS_KITCHEN-00118,PAY-ORD-EVENTS_KITCHEN-00118,MANUAL_REFERENCE,NOT_REQUIRED,"{""liveProvider"": false}"
nimbus,TAPAS_DOWNTOWN,ORD-TAPAS_DOWNTOWN-00121,60200.00,BANK_TRANSFER,COMPLETED,cashier@nimbus.demo,MANUAL,PAY-ORD-TAPAS_DOWNTOWN-00121,PAY-ORD-TAPAS_DOWNTOWN-00121,MANUAL_REFERENCE,VERIFIED,"{""liveProvider"": false}"
nimbus,ROOFTOP_BAR,ORD-ROOFTOP_BAR-00122,11900.00,CASH,COMPLETED,cashier@nimbus.demo,MANUAL,PAY-ORD-ROOFTOP_BAR-00122,PAY-ORD-ROOFTOP_BAR-00122,MANUAL_REFERENCE,NOT_REQUIRED,"{""liveProvider"": false}"
nimbus,TAPAS_DOWNTOWN,ORD-TAPAS_DOWNTOWN-00125,267900.00,CASH,COMPLETED,cashier@nimbus.demo,MANUAL,PAY-ORD-TAPAS_DOWNTOWN-00125,PAY-ORD-TAPAS_DOWNTOWN-00125,MANUAL_REFERENCE,NOT_REQUIRED,"{""liveProvider"": false}"
nimbus,TAPAS_DOWNTOWN,ORD-TAPAS_DOWNTOWN-00126,38900.00,CASH,COMPLETED,cashier@nimbus.demo,MANUAL,PAY-ORD-TAPAS_DOWNTOWN-00126,PAY-ORD-TAPAS_DOWNTOWN-00126,MANUAL_REFERENCE,NOT_REQUIRED,"{""liveProvider"": false}"
nimbus,ROOFTOP_BAR,ORD-ROOFTOP_BAR-00127,35900.00,CASH,COMPLETED,cashier@nimbus.demo,MANUAL,PAY-ORD-ROOFTOP_BAR-00127,PAY-ORD-ROOFTOP_BAR-00127,MANUAL_REFERENCE,NOT_REQUIRED,"{""liveProvider"": false}"
nimbus,ROOFTOP_BAR,ORD-ROOFTOP_BAR-00128,253600.00,CARD,COMPLETED,cashier@nimbus.demo,CARD_STUB,PAY-ORD-ROOFTOP_BAR-00128,PAY-ORD-ROOFTOP_BAR-00128,MANUAL_REFERENCE,VERIFIED,"{""liveProvider"": false}"
nimbus,EVENTS_KITCHEN,ORD-EVENTS_KITCHEN-00131,337100.00,CASH,COMPLETED,cashier@nimbus.demo,MANUAL,PAY-ORD-EVENTS_KITCHEN-00131,PAY-ORD-EVENTS_KITCHEN-00131,MANUAL_REFERENCE,NOT_REQUIRED,"{""liveProvider"": false}"
nimbus,TAPAS_DOWNTOWN,ORD-TAPAS_DOWNTOWN-00133,177000.00,CARD,COMPLETED,cashier@nimbus.demo,CARD_STUB,PAY-ORD-TAPAS_DOWNTOWN-00133,PAY-ORD-TAPAS_DOWNTOWN-00133,MANUAL_REFERENCE,VERIFIED,"{""liveProvider"": false}"
nimbus,TAPAS_DOWNTOWN,ORD-TAPAS_DOWNTOWN-00134,69600.00,CARD,COMPLETED,cashier@nimbus.demo,CARD_STUB,PAY-ORD-TAPAS_DOWNTOWN-00134,PAY-ORD-TAPAS_DOWNTOWN-00134,MANUAL_REFERENCE,VERIFIED,"{""liveProvider"": false}"
nimbus,ROOFTOP_BAR,ORD-ROOFTOP_BAR-00136,63500.00,CARD,COMPLETED,cashier@nimbus.demo,CARD_STUB,PAY-ORD-ROOFTOP_BAR-00136,PAY-ORD-ROOFTOP_BAR-00136,MANUAL_REFERENCE,VERIFIED,"{""liveProvider"": false}"
nimbus,ROOFTOP_BAR,ORD-ROOFTOP_BAR-00137,180400.00,CASH,COMPLETED,cashier@nimbus.demo,MANUAL,PAY-ORD-ROOFTOP_BAR-00137,PAY-ORD-ROOFTOP_BAR-00137,MANUAL_REFERENCE,NOT_REQUIRED,"{""liveProvider"": false}"
nimbus,ROOFTOP_BAR,ORD-ROOFTOP_BAR-00138,325200.00,CARD,COMPLETED,cashier@nimbus.demo,CARD_STUB,PAY-ORD-ROOFTOP_BAR-00138,PAY-ORD-ROOFTOP_BAR-00138,MANUAL_REFERENCE,VERIFIED,"{""liveProvider"": false}"
nimbus,GARDEN_CAFE,ORD-GARDEN_CAFE-00139,16500.00,CARD,COMPLETED,cashier@nimbus.demo,CARD_STUB,PAY-ORD-GARDEN_CAFE-00139,PAY-ORD-GARDEN_CAFE-00139,MANUAL_REFERENCE,VERIFIED,"{""liveProvider"": false}"
nimbus,GARDEN_CAFE,ORD-GARDEN_CAFE-00140,108700.00,CASH,COMPLETED,cashier@nimbus.demo,MANUAL,PAY-ORD-GARDEN_CAFE-00140,PAY-ORD-GARDEN_CAFE-00140,MANUAL_REFERENCE,NOT_REQUIRED,"{""liveProvider"": false}"
nimbus,GARDEN_CAFE,ORD-GARDEN_CAFE-00141,55700.00,CARD,COMPLETED,cashier@nimbus.demo,CARD_STUB,PAY-ORD-GARDEN_CAFE-00141,PAY-ORD-GARDEN_CAFE-00141,MANUAL_REFERENCE,VERIFIED,"{""liveProvider"": false}"
nimbus,EVENTS_KITCHEN,ORD-EVENTS_KITCHEN-00142,392900.00,CASH,COMPLETED,cashier@nimbus.demo,MANUAL,PAY-ORD-EVENTS_KITCHEN-00142,PAY-ORD-EVENTS_KITCHEN-00142,MANUAL_REFERENCE,NOT_REQUIRED,"{""liveProvider"": false}"
nimbus,TAPAS_DOWNTOWN,ORD-TAPAS_DOWNTOWN-00145,96400.00,CASH,COMPLETED,cashier@nimbus.demo,MANUAL,PAY-ORD-TAPAS_DOWNTOWN-00145,PAY-ORD-TAPAS_DOWNTOWN-00145,MANUAL_REFERENCE,NOT_REQUIRED,"{""liveProvider"": false}"
nimbus,TAPAS_DOWNTOWN,ORD-TAPAS_DOWNTOWN-00146,213600.00,CARD,COMPLETED,cashier@nimbus.demo,CARD_STUB,PAY-ORD-TAPAS_DOWNTOWN-00146,PAY-ORD-TAPAS_DOWNTOWN-00146,MANUAL_REFERENCE,VERIFIED,"{""liveProvider"": false}"
nimbus,TAPAS_DOWNTOWN,ORD-TAPAS_DOWNTOWN-00148,75500.00,CASH,COMPLETED,cashier@nimbus.demo,MANUAL,PAY-ORD-TAPAS_DOWNTOWN-00148,PAY-ORD-TAPAS_DOWNTOWN-00148,MANUAL_REFERENCE,NOT_REQUIRED,"{""liveProvider"": false}"
nimbus,ROOFTOP_BAR,ORD-ROOFTOP_BAR-00149,58100.00,CASH,COMPLETED,cashier@nimbus.demo,MANUAL,PAY-ORD-ROOFTOP_BAR-00149,PAY-ORD-ROOFTOP_BAR-00149,MANUAL_REFERENCE,NOT_REQUIRED,"{""liveProvider"": false}"
nimbus,ROOFTOP_BAR,ORD-ROOFTOP_BAR-00151,157300.00,CARD,COMPLETED,cashier@nimbus.demo,CARD_STUB,PAY-ORD-ROOFTOP_BAR-00151,PAY-ORD-ROOFTOP_BAR-00151,MANUAL_REFERENCE,VERIFIED,"{""liveProvider"": false}"
nimbus,GARDEN_CAFE,ORD-GARDEN_CAFE-00154,128100.00,CARD,COMPLETED,cashier@nimbus.demo,CARD_STUB,PAY-ORD-GARDEN_CAFE-00154,PAY-ORD-GARDEN_CAFE-00154,MANUAL_REFERENCE,VERIFIED,"{""liveProvider"": false}"
nimbus,GARDEN_CAFE,ORD-GARDEN_CAFE-00155,18400.00,BANK_TRANSFER,COMPLETED,cashier@nimbus.demo,MANUAL,PAY-ORD-GARDEN_CAFE-00155,PAY-ORD-GARDEN_CAFE-00155,MANUAL_REFERENCE,VERIFIED,"{""liveProvider"": false}"
nimbus,GARDEN_CAFE,ORD-GARDEN_CAFE-00156,167300.00,BANK_TRANSFER,COMPLETED,cashier@nimbus.demo,MANUAL,PAY-ORD-GARDEN_CAFE-00156,PAY-ORD-GARDEN_CAFE-00156,MANUAL_REFERENCE,VERIFIED,"{""liveProvider"": false}"
nimbus,EVENTS_KITCHEN,ORD-EVENTS_KITCHEN-00158,100200.00,CARD,COMPLETED,cashier@nimbus.demo,CARD_STUB,PAY-ORD-EVENTS_KITCHEN-00158,PAY-ORD-EVENTS_KITCHEN-00158,MANUAL_REFERENCE,VERIFIED,"{""liveProvider"": false}"
nimbus,EVENTS_KITCHEN,ORD-EVENTS_KITCHEN-00159,127100.00,CASH,COMPLETED,cashier@nimbus.demo,MANUAL,PAY-ORD-EVENTS_KITCHEN-00159,PAY-ORD-EVENTS_KITCHEN-00159,MANUAL_REFERENCE,NOT_REQUIRED,"{""liveProvider"": false}"
nimbus,TAPAS_DOWNTOWN,ORD-TAPAS_DOWNTOWN-00165,127400.00,CARD,COMPLETED,cashier@nimbus.demo,CARD_STUB,PAY-ORD-TAPAS_DOWNTOWN-00165,PAY-ORD-TAPAS_DOWNTOWN-00165,MANUAL_REFERENCE,VERIFIED,"{""liveProvider"": false}"
nimbus,ROOFTOP_BAR,ORD-ROOFTOP_BAR-00167,183700.00,CASH,COMPLETED,cashier@nimbus.demo,MANUAL,PAY-ORD-ROOFTOP_BAR-00167,PAY-ORD-ROOFTOP_BAR-00167,MANUAL_REFERENCE,NOT_REQUIRED,"{""liveProvider"": false}"
nimbus,ROOFTOP_BAR,ORD-ROOFTOP_BAR-00168,56500.00,CARD,COMPLETED,cashier@nimbus.demo,CARD_STUB,PAY-ORD-ROOFTOP_BAR-00168,PAY-ORD-ROOFTOP_BAR-00168,MANUAL_REFERENCE,VERIFIED,"{""liveProvider"": false}"
nimbus,ROOFTOP_BAR,ORD-ROOFTOP_BAR-00169,99800.00,CARD,COMPLETED,cashier@nimbus.demo,CARD_STUB,PAY-ORD-ROOFTOP_BAR-00169,PAY-ORD-ROOFTOP_BAR-00169,MANUAL_REFERENCE,VERIFIED,"{""liveProvider"": false}"
nimbus,GARDEN_CAFE,ORD-GARDEN_CAFE-00171,49900.00,BANK_TRANSFER,COMPLETED,cashier@nimbus.demo,MANUAL,PAY-ORD-GARDEN_CAFE-00171,PAY-ORD-GARDEN_CAFE-00171,MANUAL_REFERENCE,VERIFIED,"{""liveProvider"": false}"
nimbus,GARDEN_CAFE,ORD-GARDEN_CAFE-00172,166600.00,BANK_TRANSFER,COMPLETED,cashier@nimbus.demo,MANUAL,PAY-ORD-GARDEN_CAFE-00172,PAY-ORD-GARDEN_CAFE-00172,MANUAL_REFERENCE,VERIFIED,"{""liveProvider"": false}"
nimbus,GARDEN_CAFE,ORD-GARDEN_CAFE-00173,86700.00,CARD,COMPLETED,cashier@nimbus.demo,CARD_STUB,PAY-ORD-GARDEN_CAFE-00173,PAY-ORD-GARDEN_CAFE-00173,MANUAL_REFERENCE,VERIFIED,"{""liveProvider"": false}"
nimbus,GARDEN_CAFE,ORD-GARDEN_CAFE-00175,39200.00,CASH,COMPLETED,cashier@nimbus.demo,MANUAL,PAY-ORD-GARDEN_CAFE-00175,PAY-ORD-GARDEN_CAFE-00175,MANUAL_REFERENCE,NOT_REQUIRED,"{""liveProvider"": false}"
nimbus,EVENTS_KITCHEN,ORD-EVENTS_KITCHEN-00176,70600.00,CARD,COMPLETED,cashier@nimbus.demo,CARD_STUB,PAY-ORD-EVENTS_KITCHEN-00176,PAY-ORD-EVENTS_KITCHEN-00176,MANUAL_REFERENCE,VERIFIED,"{""liveProvider"": false}"
nimbus,EVENTS_KITCHEN,ORD-EVENTS_KITCHEN-00177,401300.00,CASH,COMPLETED,cashier@nimbus.demo,MANUAL,PAY-ORD-EVENTS_KITCHEN-00177,PAY-ORD-EVENTS_KITCHEN-00177,MANUAL_REFERENCE,NOT_REQUIRED,"{""liveProvider"": false}"
nimbus,EVENTS_KITCHEN,ORD-EVENTS_KITCHEN-00178,113300.00,CASH,COMPLETED,cashier@nimbus.demo,MANUAL,PAY-ORD-EVENTS_KITCHEN-00178,PAY-ORD-EVENTS_KITCHEN-00178,MANUAL_REFERENCE,NOT_REQUIRED,"{""liveProvider"": false}"
nimbus,EVENTS_KITCHEN,ORD-EVENTS_KITCHEN-00179,190300.00,CARD,COMPLETED,cashier@nimbus.demo,CARD_STUB,PAY-ORD-EVENTS_KITCHEN-00179,PAY-ORD-EVENTS_KITCHEN-00179,MANUAL_REFERENCE,VERIFIED,"{""liveProvider"": false}"
nimbus,EVENTS_KITCHEN,ORD-EVENTS_KITCHEN-00180,16800.00,CARD,COMPLETED,cashier@nimbus.demo,CARD_STUB,PAY-ORD-EVENTS_KITCHEN-00180,PAY-ORD-EVENTS_KITCHEN-00180,MANUAL_REFERENCE,VERIFIED,"{""liveProvider"": false}"
nimbus,TAPAS_DOWNTOWN,ORD-TAPAS_DOWNTOWN-00181,323300.00,CARD,COMPLETED,cashier@nimbus.demo,CARD_STUB,PAY-ORD-TAPAS_DOWNTOWN-00181,PAY-ORD-TAPAS_DOWNTOWN-00181,MANUAL_REFERENCE,VERIFIED,"{""liveProvider"": false}"
nimbus,ROOFTOP_BAR,ORD-ROOFTOP_BAR-00182,237800.00,CARD,COMPLETED,cashier@nimbus.demo,CARD_STUB,PAY-ORD-ROOFTOP_BAR-00182,PAY-ORD-ROOFTOP_BAR-00182,MANUAL_REFERENCE,VERIFIED,"{""liveProvider"": false}"
nimbus,GARDEN_CAFE,ORD-GARDEN_CAFE-00183,21700.00,BANK_TRANSFER,COMPLETED,cashier@nimbus.demo,MANUAL,PAY-ORD-GARDEN_CAFE-00183,PAY-ORD-GARDEN_CAFE-00183,MANUAL_REFERENCE,VERIFIED,"{""liveProvider"": false}"
nimbus,EVENTS_KITCHEN,ORD-EVENTS_KITCHEN-00184,542200.00,CARD,COMPLETED,cashier@nimbus.demo,CARD_STUB,PAY-ORD-EVENTS_KITCHEN-00184,PAY-ORD-EVENTS_KITCHEN-00184,MANUAL_REFERENCE,VERIFIED,"{""liveProvider"": false}"
nimbus,TAPAS_DOWNTOWN,ORD-TAPAS_DOWNTOWN-00185,298500.00,CARD,COMPLETED,cashier@nimbus.demo,CARD_STUB,PAY-ORD-TAPAS_DOWNTOWN-00185,PAY-ORD-TAPAS_DOWNTOWN-00185,MANUAL_REFERENCE,VERIFIED,"{""liveProvider"": false}"
nimbus,TAPAS_DOWNTOWN,ORD-TAPAS_DOWNTOWN-00186,224200.00,CARD,COMPLETED,cashier@nimbus.demo,CARD_STUB,PAY-ORD-TAPAS_DOWNTOWN-00186,PAY-ORD-TAPAS_DOWNTOWN-00186,MANUAL_REFERENCE,VERIFIED,"{""liveProvider"": false}"
nimbus,ROOFTOP_BAR,ORD-ROOFTOP_BAR-00188,116100.00,CARD,COMPLETED,cashier@nimbus.demo,CARD_STUB,PAY-ORD-ROOFTOP_BAR-00188,PAY-ORD-ROOFTOP_BAR-00188,MANUAL_REFERENCE,VERIFIED,"{""liveProvider"": false}"
nimbus,EVENTS_KITCHEN,ORD-EVENTS_KITCHEN-00192,186800.00,CARD,COMPLETED,cashier@nimbus.demo,CARD_STUB,PAY-ORD-EVENTS_KITCHEN-00192,PAY-ORD-EVENTS_KITCHEN-00192,MANUAL_REFERENCE,VERIFIED,"{""liveProvider"": false}"
nimbus,TAPAS_DOWNTOWN,ORD-TAPAS_DOWNTOWN-00193,33000.00,CASH,COMPLETED,cashier@nimbus.demo,MANUAL,PAY-ORD-TAPAS_DOWNTOWN-00193,PAY-ORD-TAPAS_DOWNTOWN-00193,MANUAL_REFERENCE,NOT_REQUIRED,"{""liveProvider"": false}"
nimbus,ROOFTOP_BAR,ORD-ROOFTOP_BAR-00197,14500.00,CASH,COMPLETED,cashier@nimbus.demo,MANUAL,PAY-ORD-ROOFTOP_BAR-00197,PAY-ORD-ROOFTOP_BAR-00197,MANUAL_REFERENCE,NOT_REQUIRED,"{""liveProvider"": false}"
nimbus,GARDEN_CAFE,ORD-GARDEN_CAFE-00199,127100.00,CARD,COMPLETED,cashier@nimbus.demo,CARD_STUB,PAY-ORD-GARDEN_CAFE-00199,PAY-ORD-GARDEN_CAFE-00199,MANUAL_REFERENCE,VERIFIED,"{""liveProvider"": false}"
nimbus,EVENTS_KITCHEN,ORD-EVENTS_KITCHEN-00202,33000.00,CASH,COMPLETED,cashier@nimbus.demo,MANUAL,PAY-ORD-EVENTS_KITCHEN-00202,PAY-ORD-EVENTS_KITCHEN-00202,MANUAL_REFERENCE,NOT_REQUIRED,"{""liveProvider"": false}"
nimbus,TAPAS_DOWNTOWN,ORD-TAPAS_DOWNTOWN-00205,214800.00,CASH,COMPLETED,cashier@nimbus.demo,MANUAL,PAY-ORD-TAPAS_DOWNTOWN-00205,PAY-ORD-TAPAS_DOWNTOWN-00205,MANUAL_REFERENCE,NOT_REQUIRED,"{""liveProvider"": false}"
nimbus,TAPAS_DOWNTOWN,ORD-TAPAS_DOWNTOWN-00206,191200.00,CARD,COMPLETED,cashier@nimbus.demo,CARD_STUB,PAY-ORD-TAPAS_DOWNTOWN-00206,PAY-ORD-TAPAS_DOWNTOWN-00206,MANUAL_REFERENCE,VERIFIED,"{""liveProvider"": false}"
nimbus,ROOFTOP_BAR,ORD-ROOFTOP_BAR-00209,279200.00,CARD,COMPLETED,cashier@nimbus.demo,CARD_STUB,PAY-ORD-ROOFTOP_BAR-00209,PAY-ORD-ROOFTOP_BAR-00209,MANUAL_REFERENCE,VERIFIED,"{""liveProvider"": false}"
nimbus,ROOFTOP_BAR,ORD-ROOFTOP_BAR-00210,129400.00,CASH,COMPLETED,cashier@nimbus.demo,MANUAL,PAY-ORD-ROOFTOP_BAR-00210,PAY-ORD-ROOFTOP_BAR-00210,MANUAL_REFERENCE,NOT_REQUIRED,"{""liveProvider"": false}"
nimbus,ROOFTOP_BAR,ORD-ROOFTOP_BAR-00211,183300.00,CASH,COMPLETED,cashier@nimbus.demo,MANUAL,PAY-ORD-ROOFTOP_BAR-00211,PAY-ORD-ROOFTOP_BAR-00211,MANUAL_REFERENCE,NOT_REQUIRED,"{""liveProvider"": false}"
nimbus,ROOFTOP_BAR,ORD-ROOFTOP_BAR-00212,114900.00,CARD,COMPLETED,cashier@nimbus.demo,CARD_STUB,PAY-ORD-ROOFTOP_BAR-00212,PAY-ORD-ROOFTOP_BAR-00212,MANUAL_REFERENCE,VERIFIED,"{""liveProvider"": false}"
nimbus,GARDEN_CAFE,ORD-GARDEN_CAFE-00214,134800.00,CASH,COMPLETED,cashier@nimbus.demo,MANUAL,PAY-ORD-GARDEN_CAFE-00214,PAY-ORD-GARDEN_CAFE-00214,MANUAL_REFERENCE,NOT_REQUIRED,"{""liveProvider"": false}"
nimbus,GARDEN_CAFE,ORD-GARDEN_CAFE-00216,141800.00,CARD,COMPLETED,cashier@nimbus.demo,CARD_STUB,PAY-ORD-GARDEN_CAFE-00216,PAY-ORD-GARDEN_CAFE-00216,MANUAL_REFERENCE,VERIFIED,"{""liveProvider"": false}"
nimbus,TAPAS_DOWNTOWN,ORD-TAPAS_DOWNTOWN-00221,56600.00,CARD,COMPLETED,cashier@nimbus.demo,CARD_STUB,PAY-ORD-TAPAS_DOWNTOWN-00221,PAY-ORD-TAPAS_DOWNTOWN-00221,MANUAL_REFERENCE,VERIFIED,"{""liveProvider"": false}"
nimbus,TAPAS_DOWNTOWN,ORD-TAPAS_DOWNTOWN-00223,269000.00,CARD,COMPLETED,cashier@nimbus.demo,CARD_STUB,PAY-ORD-TAPAS_DOWNTOWN-00223,PAY-ORD-TAPAS_DOWNTOWN-00223,MANUAL_REFERENCE,VERIFIED,"{""liveProvider"": false}"
nimbus,TAPAS_DOWNTOWN,ORD-TAPAS_DOWNTOWN-00224,99100.00,CARD,COMPLETED,cashier@nimbus.demo,CARD_STUB,PAY-ORD-TAPAS_DOWNTOWN-00224,PAY-ORD-TAPAS_DOWNTOWN-00224,MANUAL_REFERENCE,VERIFIED,"{""liveProvider"": false}"
nimbus,TAPAS_DOWNTOWN,ORD-TAPAS_DOWNTOWN-00225,149900.00,CASH,COMPLETED,cashier@nimbus.demo,MANUAL,PAY-ORD-TAPAS_DOWNTOWN-00225,PAY-ORD-TAPAS_DOWNTOWN-00225,MANUAL_REFERENCE,NOT_REQUIRED,"{""liveProvider"": false}"
nimbus,ROOFTOP_BAR,ORD-ROOFTOP_BAR-00227,232900.00,CARD,COMPLETED,cashier@nimbus.demo,CARD_STUB,PAY-ORD-ROOFTOP_BAR-00227,PAY-ORD-ROOFTOP_BAR-00227,MANUAL_REFERENCE,VERIFIED,"{""liveProvider"": false}"
nimbus,ROOFTOP_BAR,ORD-ROOFTOP_BAR-00229,27700.00,CARD,COMPLETED,cashier@nimbus.demo,CARD_STUB,PAY-ORD-ROOFTOP_BAR-00229,PAY-ORD-ROOFTOP_BAR-00229,MANUAL_REFERENCE,VERIFIED,"{""liveProvider"": false}"
nimbus,GARDEN_CAFE,ORD-GARDEN_CAFE-00231,12300.00,CARD,COMPLETED,cashier@nimbus.demo,CARD_STUB,PAY-ORD-GARDEN_CAFE-00231,PAY-ORD-GARDEN_CAFE-00231,MANUAL_REFERENCE,VERIFIED,"{""liveProvider"": false}"
nimbus,GARDEN_CAFE,ORD-GARDEN_CAFE-00232,176600.00,BANK_TRANSFER,COMPLETED,cashier@nimbus.demo,MANUAL,PAY-ORD-GARDEN_CAFE-00232,PAY-ORD-GARDEN_CAFE-00232,MANUAL_REFERENCE,VERIFIED,"{""liveProvider"": false}"
nimbus,GARDEN_CAFE,ORD-GARDEN_CAFE-00235,256200.00,CASH,COMPLETED,cashier@nimbus.demo,MANUAL,PAY-ORD-GARDEN_CAFE-00235,PAY-ORD-GARDEN_CAFE-00235,MANUAL_REFERENCE,NOT_REQUIRED,"{""liveProvider"": false}"
nimbus,EVENTS_KITCHEN,ORD-EVENTS_KITCHEN-00236,271800.00,CASH,COMPLETED,cashier@nimbus.demo,MANUAL,PAY-ORD-EVENTS_KITCHEN-00236,PAY-ORD-EVENTS_KITCHEN-00236,MANUAL_REFERENCE,NOT_REQUIRED,"{""liveProvider"": false}"
nimbus,EVENTS_KITCHEN,ORD-EVENTS_KITCHEN-00237,171900.00,BANK_TRANSFER,COMPLETED,cashier@nimbus.demo,MANUAL,PAY-ORD-EVENTS_KITCHEN-00237,PAY-ORD-EVENTS_KITCHEN-00237,MANUAL_REFERENCE,VERIFIED,"{""liveProvider"": false}"
nimbus,EVENTS_KITCHEN,ORD-EVENTS_KITCHEN-00238,388900.00,CARD,COMPLETED,cashier@nimbus.demo,CARD_STUB,PAY-ORD-EVENTS_KITCHEN-00238,PAY-ORD-EVENTS_KITCHEN-00238,MANUAL_REFERENCE,VERIFIED,"{""liveProvider"": false}"
nimbus,EVENTS_KITCHEN,ORD-EVENTS_KITCHEN-00239,147400.00,BANK_TRANSFER,COMPLETED,cashier@nimbus.demo,MANUAL,PAY-ORD-EVENTS_KITCHEN-00239,PAY-ORD-EVENTS_KITCHEN-00239,MANUAL_REFERENCE,VERIFIED,"{""liveProvider"": false}"
nimbus,EVENTS_KITCHEN,ORD-EVENTS_KITCHEN-00240,188000.00,CARD,COMPLETED,cashier@nimbus.demo,CARD_STUB,PAY-ORD-EVENTS_KITCHEN-00240,PAY-ORD-EVENTS_KITCHEN-00240,MANUAL_REFERENCE,VERIFIED,"{""liveProvider"": false}"
nimbus,GARDEN_CAFE,ORD-GARDEN_CAFE-00243,76700.00,CARD,COMPLETED,cashier@nimbus.demo,CARD_STUB,PAY-ORD-GARDEN_CAFE-00243,PAY-ORD-GARDEN_CAFE-00243,MANUAL_REFERENCE,VERIFIED,"{""liveProvider"": false}"
nimbus,TAPAS_DOWNTOWN,ORD-TAPAS_DOWNTOWN-00245,136900.00,CASH,COMPLETED,cashier@nimbus.demo,MANUAL,PAY-ORD-TAPAS_DOWNTOWN-00245,PAY-ORD-TAPAS_DOWNTOWN-00245,MANUAL_REFERENCE,NOT_REQUIRED,"{""liveProvider"": false}"
nimbus,TAPAS_DOWNTOWN,ORD-TAPAS_DOWNTOWN-00246,234800.00,CASH,COMPLETED,cashier@nimbus.demo,MANUAL,PAY-ORD-TAPAS_DOWNTOWN-00246,PAY-ORD-TAPAS_DOWNTOWN-00246,MANUAL_REFERENCE,NOT_REQUIRED,"{""liveProvider"": false}"
nimbus,ROOFTOP_BAR,ORD-ROOFTOP_BAR-00247,169800.00,CARD,COMPLETED,cashier@nimbus.demo,CARD_STUB,PAY-ORD-ROOFTOP_BAR-00247,PAY-ORD-ROOFTOP_BAR-00247,MANUAL_REFERENCE,VERIFIED,"{""liveProvider"": false}"
nimbus,ROOFTOP_BAR,ORD-ROOFTOP_BAR-00248,17900.00,CARD,COMPLETED,cashier@nimbus.demo,CARD_STUB,PAY-ORD-ROOFTOP_BAR-00248,PAY-ORD-ROOFTOP_BAR-00248,MANUAL_REFERENCE,VERIFIED,"{""liveProvider"": false}"
nimbus,GARDEN_CAFE,ORD-GARDEN_CAFE-00249,173500.00,CASH,COMPLETED,cashier@nimbus.demo,MANUAL,PAY-ORD-GARDEN_CAFE-00249,PAY-ORD-GARDEN_CAFE-00249,MANUAL_REFERENCE,NOT_REQUIRED,"{""liveProvider"": false}"
nimbus,EVENTS_KITCHEN,ORD-EVENTS_KITCHEN-00252,87800.00,CASH,COMPLETED,cashier@nimbus.demo,MANUAL,PAY-ORD-EVENTS_KITCHEN-00252,PAY-ORD-EVENTS_KITCHEN-00252,MANUAL_REFERENCE,NOT_REQUIRED,"{""liveProvider"": false}"
nimbus,TAPAS_DOWNTOWN,ORD-TAPAS_DOWNTOWN-00253,81400.00,CASH,COMPLETED,cashier@nimbus.demo,MANUAL,PAY-ORD-TAPAS_DOWNTOWN-00253,PAY-ORD-TAPAS_DOWNTOWN-00253,MANUAL_REFERENCE,NOT_REQUIRED,"{""liveProvider"": false}"
nimbus,TAPAS_DOWNTOWN,ORD-TAPAS_DOWNTOWN-00254,79500.00,CASH,COMPLETED,cashier@nimbus.demo,MANUAL,PAY-ORD-TAPAS_DOWNTOWN-00254,PAY-ORD-TAPAS_DOWNTOWN-00254,MANUAL_REFERENCE,NOT_REQUIRED,"{""liveProvider"": false}"
nimbus,TAPAS_DOWNTOWN,ORD-TAPAS_DOWNTOWN-00255,85000.00,CARD,COMPLETED,cashier@nimbus.demo,CARD_STUB,PAY-ORD-TAPAS_DOWNTOWN-00255,PAY-ORD-TAPAS_DOWNTOWN-00255,MANUAL_REFERENCE,VERIFIED,"{""liveProvider"": false}"
nimbus,ROOFTOP_BAR,ORD-ROOFTOP_BAR-00256,148600.00,CASH,COMPLETED,cashier@nimbus.demo,MANUAL,PAY-ORD-ROOFTOP_BAR-00256,PAY-ORD-ROOFTOP_BAR-00256,MANUAL_REFERENCE,NOT_REQUIRED,"{""liveProvider"": false}"
nimbus,ROOFTOP_BAR,ORD-ROOFTOP_BAR-00258,37100.00,CASH,COMPLETED,cashier@nimbus.demo,MANUAL,PAY-ORD-ROOFTOP_BAR-00258,PAY-ORD-ROOFTOP_BAR-00258,MANUAL_REFERENCE,NOT_REQUIRED,"{""liveProvider"": false}"
nimbus,GARDEN_CAFE,ORD-GARDEN_CAFE-00261,37800.00,CARD,COMPLETED,cashier@nimbus.demo,CARD_STUB,PAY-ORD-GARDEN_CAFE-00261,PAY-ORD-GARDEN_CAFE-00261,MANUAL_REFERENCE,VERIFIED,"{""liveProvider"": false}"
nimbus,EVENTS_KITCHEN,ORD-EVENTS_KITCHEN-00262,115500.00,CASH,COMPLETED,cashier@nimbus.demo,MANUAL,PAY-ORD-EVENTS_KITCHEN-00262,PAY-ORD-EVENTS_KITCHEN-00262,MANUAL_REFERENCE,NOT_REQUIRED,"{""liveProvider"": false}"
nimbus,EVENTS_KITCHEN,ORD-EVENTS_KITCHEN-00263,41800.00,BANK_TRANSFER,COMPLETED,cashier@nimbus.demo,MANUAL,PAY-ORD-EVENTS_KITCHEN-00263,PAY-ORD-EVENTS_KITCHEN-00263,MANUAL_REFERENCE,VERIFIED,"{""liveProvider"": false}"
nimbus,TAPAS_DOWNTOWN,ORD-TAPAS_DOWNTOWN-00266,292600.00,CARD,COMPLETED,cashier@nimbus.demo,CARD_STUB,PAY-ORD-TAPAS_DOWNTOWN-00266,PAY-ORD-TAPAS_DOWNTOWN-00266,MANUAL_REFERENCE,VERIFIED,"{""liveProvider"": false}"
nimbus,TAPAS_DOWNTOWN,ORD-TAPAS_DOWNTOWN-00267,182900.00,CASH,COMPLETED,cashier@nimbus.demo,MANUAL,PAY-ORD-TAPAS_DOWNTOWN-00267,PAY-ORD-TAPAS_DOWNTOWN-00267,MANUAL_REFERENCE,NOT_REQUIRED,"{""liveProvider"": false}"
nimbus,TAPAS_DOWNTOWN,ORD-TAPAS_DOWNTOWN-00268,75500.00,CARD,COMPLETED,cashier@nimbus.demo,CARD_STUB,PAY-ORD-TAPAS_DOWNTOWN-00268,PAY-ORD-TAPAS_DOWNTOWN-00268,MANUAL_REFERENCE,VERIFIED,"{""liveProvider"": false}"
nimbus,ROOFTOP_BAR,ORD-ROOFTOP_BAR-00269,253800.00,CASH,COMPLETED,cashier@nimbus.demo,MANUAL,PAY-ORD-ROOFTOP_BAR-00269,PAY-ORD-ROOFTOP_BAR-00269,MANUAL_REFERENCE,NOT_REQUIRED,"{""liveProvider"": false}"
nimbus,ROOFTOP_BAR,ORD-ROOFTOP_BAR-00270,55500.00,CASH,COMPLETED,cashier@nimbus.demo,MANUAL,PAY-ORD-ROOFTOP_BAR-00270,PAY-ORD-ROOFTOP_BAR-00270,MANUAL_REFERENCE,NOT_REQUIRED,"{""liveProvider"": false}"
nimbus,ROOFTOP_BAR,ORD-ROOFTOP_BAR-00271,182300.00,CASH,COMPLETED,cashier@nimbus.demo,MANUAL,PAY-ORD-ROOFTOP_BAR-00271,PAY-ORD-ROOFTOP_BAR-00271,MANUAL_REFERENCE,NOT_REQUIRED,"{""liveProvider"": false}"
nimbus,ROOFTOP_BAR,ORD-ROOFTOP_BAR-00272,55500.00,CASH,COMPLETED,cashier@nimbus.demo,MANUAL,PAY-ORD-ROOFTOP_BAR-00272,PAY-ORD-ROOFTOP_BAR-00272,MANUAL_REFERENCE,NOT_REQUIRED,"{""liveProvider"": false}"
nimbus,GARDEN_CAFE,ORD-GARDEN_CAFE-00273,134900.00,CASH,COMPLETED,cashier@nimbus.demo,MANUAL,PAY-ORD-GARDEN_CAFE-00273,PAY-ORD-GARDEN_CAFE-00273,MANUAL_REFERENCE,NOT_REQUIRED,"{""liveProvider"": false}"
nimbus,EVENTS_KITCHEN,ORD-EVENTS_KITCHEN-00277,392800.00,CARD,COMPLETED,cashier@nimbus.demo,CARD_STUB,PAY-ORD-EVENTS_KITCHEN-00277,PAY-ORD-EVENTS_KITCHEN-00277,MANUAL_REFERENCE,VERIFIED,"{""liveProvider"": false}"
nimbus,EVENTS_KITCHEN,ORD-EVENTS_KITCHEN-00278,227000.00,CARD,COMPLETED,cashier@nimbus.demo,CARD_STUB,PAY-ORD-EVENTS_KITCHEN-00278,PAY-ORD-EVENTS_KITCHEN-00278,MANUAL_REFERENCE,VERIFIED,"{""liveProvider"": false}"
nimbus,EVENTS_KITCHEN,ORD-EVENTS_KITCHEN-00279,261100.00,CASH,COMPLETED,cashier@nimbus.demo,MANUAL,PAY-ORD-EVENTS_KITCHEN-00279,PAY-ORD-EVENTS_KITCHEN-00279,MANUAL_REFERENCE,NOT_REQUIRED,"{""liveProvider"": false}"
nimbus,EVENTS_KITCHEN,ORD-EVENTS_KITCHEN-00280,396800.00,CARD,COMPLETED,cashier@nimbus.demo,CARD_STUB,PAY-ORD-EVENTS_KITCHEN-00280,PAY-ORD-EVENTS_KITCHEN-00280,MANUAL_REFERENCE,VERIFIED,"{""liveProvider"": false}"
nimbus,TAPAS_DOWNTOWN,ORD-TAPAS_DOWNTOWN-00282,191200.00,CARD,COMPLETED,cashier@nimbus.demo,CARD_STUB,PAY-ORD-TAPAS_DOWNTOWN-00282,PAY-ORD-TAPAS_DOWNTOWN-00282,MANUAL_REFERENCE,VERIFIED,"{""liveProvider"": false}"
nimbus,TAPAS_DOWNTOWN,ORD-TAPAS_DOWNTOWN-00283,120400.00,CARD,COMPLETED,cashier@nimbus.demo,CARD_STUB,PAY-ORD-TAPAS_DOWNTOWN-00283,PAY-ORD-TAPAS_DOWNTOWN-00283,MANUAL_REFERENCE,VERIFIED,"{""liveProvider"": false}"
nimbus,TAPAS_DOWNTOWN,ORD-TAPAS_DOWNTOWN-00284,167600.00,CASH,COMPLETED,cashier@nimbus.demo,MANUAL,PAY-ORD-TAPAS_DOWNTOWN-00284,PAY-ORD-TAPAS_DOWNTOWN-00284,MANUAL_REFERENCE,NOT_REQUIRED,"{""liveProvider"": false}"
nimbus,TAPAS_DOWNTOWN,ORD-TAPAS_DOWNTOWN-00285,148700.00,CARD,COMPLETED,cashier@nimbus.demo,CARD_STUB,PAY-ORD-TAPAS_DOWNTOWN-00285,PAY-ORD-TAPAS_DOWNTOWN-00285,MANUAL_REFERENCE,VERIFIED,"{""liveProvider"": false}"
nimbus,ROOFTOP_BAR,ORD-ROOFTOP_BAR-00286,215800.00,CARD,COMPLETED,cashier@nimbus.demo,CARD_STUB,PAY-ORD-ROOFTOP_BAR-00286,PAY-ORD-ROOFTOP_BAR-00286,MANUAL_REFERENCE,VERIFIED,"{""liveProvider"": false}"
nimbus,ROOFTOP_BAR,ORD-ROOFTOP_BAR-00288,98800.00,CASH,COMPLETED,cashier@nimbus.demo,MANUAL,PAY-ORD-ROOFTOP_BAR-00288,PAY-ORD-ROOFTOP_BAR-00288,MANUAL_REFERENCE,NOT_REQUIRED,"{""liveProvider"": false}"
nimbus,ROOFTOP_BAR,ORD-ROOFTOP_BAR-00289,134600.00,CASH,COMPLETED,cashier@nimbus.demo,MANUAL,PAY-ORD-ROOFTOP_BAR-00289,PAY-ORD-ROOFTOP_BAR-00289,MANUAL_REFERENCE,NOT_REQUIRED,"{""liveProvider"": false}"
nimbus,GARDEN_CAFE,ORD-GARDEN_CAFE-00292,150500.00,CASH,COMPLETED,cashier@nimbus.demo,MANUAL,PAY-ORD-GARDEN_CAFE-00292,PAY-ORD-GARDEN_CAFE-00292,MANUAL_REFERENCE,NOT_REQUIRED,"{""liveProvider"": false}"
nimbus,GARDEN_CAFE,ORD-GARDEN_CAFE-00293,159500.00,CASH,COMPLETED,cashier@nimbus.demo,MANUAL,PAY-ORD-GARDEN_CAFE-00293,PAY-ORD-GARDEN_CAFE-00293,MANUAL_REFERENCE,NOT_REQUIRED,"{""liveProvider"": false}"
nimbus,GARDEN_CAFE,ORD-GARDEN_CAFE-00294,37200.00,CARD,COMPLETED,cashier@nimbus.demo,CARD_STUB,PAY-ORD-GARDEN_CAFE-00294,PAY-ORD-GARDEN_CAFE-00294,MANUAL_REFERENCE,VERIFIED,"{""liveProvider"": false}"
nimbus,GARDEN_CAFE,ORD-GARDEN_CAFE-00295,207300.00,CARD,COMPLETED,cashier@nimbus.demo,CARD_STUB,PAY-ORD-GARDEN_CAFE-00295,PAY-ORD-GARDEN_CAFE-00295,MANUAL_REFERENCE,VERIFIED,"{""liveProvider"": false}"
nimbus,EVENTS_KITCHEN,ORD-EVENTS_KITCHEN-00297,105800.00,CASH,COMPLETED,cashier@nimbus.demo,MANUAL,PAY-ORD-EVENTS_KITCHEN-00297,PAY-ORD-EVENTS_KITCHEN-00297,MANUAL_REFERENCE,NOT_REQUIRED,"{""liveProvider"": false}"
nimbus,EVENTS_KITCHEN,ORD-EVENTS_KITCHEN-00300,131000.00,CARD,COMPLETED,cashier@nimbus.demo,CARD_STUB,PAY-ORD-EVENTS_KITCHEN-00300,PAY-ORD-EVENTS_KITCHEN-00300,MANUAL_REFERENCE,VERIFIED,"{""liveProvider"": false}"
nimbus,ROOFTOP_BAR,ORD-ROOFTOP_BAR-00302,112200.00,CARD,COMPLETED,cashier@nimbus.demo,CARD_STUB,PAY-ORD-ROOFTOP_BAR-00302,PAY-ORD-ROOFTOP_BAR-00302,MANUAL_REFERENCE,VERIFIED,"{""liveProvider"": false}"
nimbus,EVENTS_KITCHEN,ORD-EVENTS_KITCHEN-00304,115200.00,BANK_TRANSFER,COMPLETED,cashier@nimbus.demo,MANUAL,PAY-ORD-EVENTS_KITCHEN-00304,PAY-ORD-EVENTS_KITCHEN-00304,MANUAL_REFERENCE,VERIFIED,"{""liveProvider"": false}"
nimbus,TAPAS_DOWNTOWN,ORD-TAPAS_DOWNTOWN-00306,56600.00,CASH,COMPLETED,cashier@nimbus.demo,MANUAL,PAY-ORD-TAPAS_DOWNTOWN-00306,PAY-ORD-TAPAS_DOWNTOWN-00306,MANUAL_REFERENCE,NOT_REQUIRED,"{""liveProvider"": false}"
nimbus,ROOFTOP_BAR,ORD-ROOFTOP_BAR-00307,131200.00,CARD,COMPLETED,cashier@nimbus.demo,CARD_STUB,PAY-ORD-ROOFTOP_BAR-00307,PAY-ORD-ROOFTOP_BAR-00307,MANUAL_REFERENCE,VERIFIED,"{""liveProvider"": false}"
nimbus,GARDEN_CAFE,ORD-GARDEN_CAFE-00310,238100.00,CARD,COMPLETED,cashier@nimbus.demo,CARD_STUB,PAY-ORD-GARDEN_CAFE-00310,PAY-ORD-GARDEN_CAFE-00310,MANUAL_REFERENCE,VERIFIED,"{""liveProvider"": false}"
nimbus,TAPAS_DOWNTOWN,ORD-TAPAS_DOWNTOWN-00314,263100.00,CARD,COMPLETED,cashier@nimbus.demo,CARD_STUB,PAY-ORD-TAPAS_DOWNTOWN-00314,PAY-ORD-TAPAS_DOWNTOWN-00314,MANUAL_REFERENCE,VERIFIED,"{""liveProvider"": false}"
nimbus,TAPAS_DOWNTOWN,ORD-TAPAS_DOWNTOWN-00315,169900.00,CARD,COMPLETED,cashier@nimbus.demo,CARD_STUB,PAY-ORD-TAPAS_DOWNTOWN-00315,PAY-ORD-TAPAS_DOWNTOWN-00315,MANUAL_REFERENCE,VERIFIED,"{""liveProvider"": false}"
nimbus,ROOFTOP_BAR,ORD-ROOFTOP_BAR-00317,97000.00,CARD,COMPLETED,cashier@nimbus.demo,CARD_STUB,PAY-ORD-ROOFTOP_BAR-00317,PAY-ORD-ROOFTOP_BAR-00317,MANUAL_REFERENCE,VERIFIED,"{""liveProvider"": false}"
nimbus,ROOFTOP_BAR,ORD-ROOFTOP_BAR-00318,51400.00,CASH,COMPLETED,cashier@nimbus.demo,MANUAL,PAY-ORD-ROOFTOP_BAR-00318,PAY-ORD-ROOFTOP_BAR-00318,MANUAL_REFERENCE,NOT_REQUIRED,"{""liveProvider"": false}"
nimbus,GARDEN_CAFE,ORD-GARDEN_CAFE-00320,19600.00,CARD,COMPLETED,cashier@nimbus.demo,CARD_STUB,PAY-ORD-GARDEN_CAFE-00320,PAY-ORD-GARDEN_CAFE-00320,MANUAL_REFERENCE,VERIFIED,"{""liveProvider"": false}"
nimbus,EVENTS_KITCHEN,ORD-EVENTS_KITCHEN-00323,354900.00,CARD,COMPLETED,cashier@nimbus.demo,CARD_STUB,PAY-ORD-EVENTS_KITCHEN-00323,PAY-ORD-EVENTS_KITCHEN-00323,MANUAL_REFERENCE,VERIFIED,"{""liveProvider"": false}"
nimbus,EVENTS_KITCHEN,ORD-EVENTS_KITCHEN-00324,164300.00,CARD,COMPLETED,cashier@nimbus.demo,CARD_STUB,PAY-ORD-EVENTS_KITCHEN-00324,PAY-ORD-EVENTS_KITCHEN-00324,MANUAL_REFERENCE,VERIFIED,"{""liveProvider"": false}"
nimbus,TAPAS_DOWNTOWN,ORD-TAPAS_DOWNTOWN-00325,156900.00,CARD,COMPLETED,cashier@nimbus.demo,CARD_STUB,PAY-ORD-TAPAS_DOWNTOWN-00325,PAY-ORD-TAPAS_DOWNTOWN-00325,MANUAL_REFERENCE,VERIFIED,"{""liveProvider"": false}"
nimbus,TAPAS_DOWNTOWN,ORD-TAPAS_DOWNTOWN-00326,129800.00,BANK_TRANSFER,COMPLETED,cashier@nimbus.demo,MANUAL,PAY-ORD-TAPAS_DOWNTOWN-00326,PAY-ORD-TAPAS_DOWNTOWN-00326,MANUAL_REFERENCE,VERIFIED,"{""liveProvider"": false}"
nimbus,TAPAS_DOWNTOWN,ORD-TAPAS_DOWNTOWN-00327,146300.00,CARD,COMPLETED,cashier@nimbus.demo,CARD_STUB,PAY-ORD-TAPAS_DOWNTOWN-00327,PAY-ORD-TAPAS_DOWNTOWN-00327,MANUAL_REFERENCE,VERIFIED,"{""liveProvider"": false}"
nimbus,TAPAS_DOWNTOWN,ORD-TAPAS_DOWNTOWN-00328,77900.00,CASH,COMPLETED,cashier@nimbus.demo,MANUAL,PAY-ORD-TAPAS_DOWNTOWN-00328,PAY-ORD-TAPAS_DOWNTOWN-00328,MANUAL_REFERENCE,NOT_REQUIRED,"{""liveProvider"": false}"
nimbus,ROOFTOP_BAR,ORD-ROOFTOP_BAR-00330,161200.00,CASH,COMPLETED,cashier@nimbus.demo,MANUAL,PAY-ORD-ROOFTOP_BAR-00330,PAY-ORD-ROOFTOP_BAR-00330,MANUAL_REFERENCE,NOT_REQUIRED,"{""liveProvider"": false}"
nimbus,ROOFTOP_BAR,ORD-ROOFTOP_BAR-00332,71500.00,BANK_TRANSFER,COMPLETED,cashier@nimbus.demo,MANUAL,PAY-ORD-ROOFTOP_BAR-00332,PAY-ORD-ROOFTOP_BAR-00332,MANUAL_REFERENCE,VERIFIED,"{""liveProvider"": false}"
nimbus,GARDEN_CAFE,ORD-GARDEN_CAFE-00333,286000.00,CARD,COMPLETED,cashier@nimbus.demo,CARD_STUB,PAY-ORD-GARDEN_CAFE-00333,PAY-ORD-GARDEN_CAFE-00333,MANUAL_REFERENCE,VERIFIED,"{""liveProvider"": false}"
nimbus,GARDEN_CAFE,ORD-GARDEN_CAFE-00334,113900.00,CASH,COMPLETED,cashier@nimbus.demo,MANUAL,PAY-ORD-GARDEN_CAFE-00334,PAY-ORD-GARDEN_CAFE-00334,MANUAL_REFERENCE,NOT_REQUIRED,"{""liveProvider"": false}"
nimbus,GARDEN_CAFE,ORD-GARDEN_CAFE-00336,189600.00,CASH,COMPLETED,cashier@nimbus.demo,MANUAL,PAY-ORD-GARDEN_CAFE-00336,PAY-ORD-GARDEN_CAFE-00336,MANUAL_REFERENCE,NOT_REQUIRED,"{""liveProvider"": false}"
nimbus,EVENTS_KITCHEN,ORD-EVENTS_KITCHEN-00337,275900.00,CASH,COMPLETED,cashier@nimbus.demo,MANUAL,PAY-ORD-EVENTS_KITCHEN-00337,PAY-ORD-EVENTS_KITCHEN-00337,MANUAL_REFERENCE,NOT_REQUIRED,"{""liveProvider"": false}"
nimbus,EVENTS_KITCHEN,ORD-EVENTS_KITCHEN-00338,368400.00,CARD,COMPLETED,cashier@nimbus.demo,CARD_STUB,PAY-ORD-EVENTS_KITCHEN-00338,PAY-ORD-EVENTS_KITCHEN-00338,MANUAL_REFERENCE,VERIFIED,"{""liveProvider"": false}"
nimbus,EVENTS_KITCHEN,ORD-EVENTS_KITCHEN-00339,116300.00,CASH,COMPLETED,cashier@nimbus.demo,MANUAL,PAY-ORD-EVENTS_KITCHEN-00339,PAY-ORD-EVENTS_KITCHEN-00339,MANUAL_REFERENCE,NOT_REQUIRED,"{""liveProvider"": false}"
nimbus,TAPAS_DOWNTOWN,ORD-TAPAS_DOWNTOWN-00341,169900.00,CARD,COMPLETED,cashier@nimbus.demo,CARD_STUB,PAY-ORD-TAPAS_DOWNTOWN-00341,PAY-ORD-TAPAS_DOWNTOWN-00341,MANUAL_REFERENCE,VERIFIED,"{""liveProvider"": false}"
nimbus,TAPAS_DOWNTOWN,ORD-TAPAS_DOWNTOWN-00342,81400.00,CASH,COMPLETED,cashier@nimbus.demo,MANUAL,PAY-ORD-TAPAS_DOWNTOWN-00342,PAY-ORD-TAPAS_DOWNTOWN-00342,MANUAL_REFERENCE,NOT_REQUIRED,"{""liveProvider"": false}"
nimbus,TAPAS_DOWNTOWN,ORD-TAPAS_DOWNTOWN-00343,105400.00,CARD,COMPLETED,cashier@nimbus.demo,CARD_STUB,PAY-ORD-TAPAS_DOWNTOWN-00343,PAY-ORD-TAPAS_DOWNTOWN-00343,MANUAL_REFERENCE,VERIFIED,"{""liveProvider"": false}"
nimbus,TAPAS_DOWNTOWN,ORD-TAPAS_DOWNTOWN-00345,292600.00,CASH,COMPLETED,cashier@nimbus.demo,MANUAL,PAY-ORD-TAPAS_DOWNTOWN-00345,PAY-ORD-TAPAS_DOWNTOWN-00345,MANUAL_REFERENCE,NOT_REQUIRED,"{""liveProvider"": false}"
nimbus,ROOFTOP_BAR,ORD-ROOFTOP_BAR-00346,188400.00,CASH,COMPLETED,cashier@nimbus.demo,MANUAL,PAY-ORD-ROOFTOP_BAR-00346,PAY-ORD-ROOFTOP_BAR-00346,MANUAL_REFERENCE,NOT_REQUIRED,"{""liveProvider"": false}"
nimbus,ROOFTOP_BAR,ORD-ROOFTOP_BAR-00347,236900.00,BANK_TRANSFER,COMPLETED,cashier@nimbus.demo,MANUAL,PAY-ORD-ROOFTOP_BAR-00347,PAY-ORD-ROOFTOP_BAR-00347,MANUAL_REFERENCE,VERIFIED,"{""liveProvider"": false}"
nimbus,ROOFTOP_BAR,ORD-ROOFTOP_BAR-00348,196400.00,CARD,COMPLETED,cashier@nimbus.demo,CARD_STUB,PAY-ORD-ROOFTOP_BAR-00348,PAY-ORD-ROOFTOP_BAR-00348,MANUAL_REFERENCE,VERIFIED,"{""liveProvider"": false}"
nimbus,ROOFTOP_BAR,ORD-ROOFTOP_BAR-00349,113300.00,CARD,COMPLETED,cashier@nimbus.demo,CARD_STUB,PAY-ORD-ROOFTOP_BAR-00349,PAY-ORD-ROOFTOP_BAR-00349,MANUAL_REFERENCE,VERIFIED,"{""liveProvider"": false}"
nimbus,ROOFTOP_BAR,ORD-ROOFTOP_BAR-00350,50900.00,CARD,COMPLETED,cashier@nimbus.demo,CARD_STUB,PAY-ORD-ROOFTOP_BAR-00350,PAY-ORD-ROOFTOP_BAR-00350,MANUAL_REFERENCE,VERIFIED,"{""liveProvider"": false}"
nimbus,GARDEN_CAFE,ORD-GARDEN_CAFE-00352,38900.00,CASH,COMPLETED,cashier@nimbus.demo,MANUAL,PAY-ORD-GARDEN_CAFE-00352,PAY-ORD-GARDEN_CAFE-00352,MANUAL_REFERENCE,NOT_REQUIRED,"{""liveProvider"": false}"
nimbus,GARDEN_CAFE,ORD-GARDEN_CAFE-00353,71500.00,CARD,COMPLETED,cashier@nimbus.demo,CARD_STUB,PAY-ORD-GARDEN_CAFE-00353,PAY-ORD-GARDEN_CAFE-00353,MANUAL_REFERENCE,VERIFIED,"{""liveProvider"": false}"
nimbus,GARDEN_CAFE,ORD-GARDEN_CAFE-00354,180300.00,CASH,COMPLETED,cashier@nimbus.demo,MANUAL,PAY-ORD-GARDEN_CAFE-00354,PAY-ORD-GARDEN_CAFE-00354,MANUAL_REFERENCE,NOT_REQUIRED,"{""liveProvider"": false}"
nimbus,GARDEN_CAFE,ORD-GARDEN_CAFE-00355,46400.00,CASH,COMPLETED,cashier@nimbus.demo,MANUAL,PAY-ORD-GARDEN_CAFE-00355,PAY-ORD-GARDEN_CAFE-00355,MANUAL_REFERENCE,NOT_REQUIRED,"{""liveProvider"": false}"
nimbus,EVENTS_KITCHEN,ORD-EVENTS_KITCHEN-00356,468000.00,CARD,COMPLETED,cashier@nimbus.demo,CARD_STUB,PAY-ORD-EVENTS_KITCHEN-00356,PAY-ORD-EVENTS_KITCHEN-00356,MANUAL_REFERENCE,VERIFIED,"{""liveProvider"": false}"
nimbus,EVENTS_KITCHEN,ORD-EVENTS_KITCHEN-00357,110600.00,CASH,COMPLETED,cashier@nimbus.demo,MANUAL,PAY-ORD-EVENTS_KITCHEN-00357,PAY-ORD-EVENTS_KITCHEN-00357,MANUAL_REFERENCE,NOT_REQUIRED,"{""liveProvider"": false}"
nimbus,EVENTS_KITCHEN,ORD-EVENTS_KITCHEN-00359,247700.00,CARD,COMPLETED,cashier@nimbus.demo,CARD_STUB,PAY-ORD-EVENTS_KITCHEN-00359,PAY-ORD-EVENTS_KITCHEN-00359,MANUAL_REFERENCE,VERIFIED,"{""liveProvider"": false}"
nimbus,EVENTS_KITCHEN,ORD-EVENTS_KITCHEN-00360,146800.00,CARD,COMPLETED,cashier@nimbus.demo,CARD_STUB,PAY-ORD-EVENTS_KITCHEN-00360,PAY-ORD-EVENTS_KITCHEN-00360,MANUAL_REFERENCE,VERIFIED,"{""liveProvider"": false}"
nimbus,TAPAS_DOWNTOWN,ORD-TAPAS_DOWNTOWN-00361,217100.00,CARD,COMPLETED,cashier@nimbus.demo,CARD_STUB,PAY-ORD-TAPAS_DOWNTOWN-00361,PAY-ORD-TAPAS_DOWNTOWN-00361,MANUAL_REFERENCE,VERIFIED,"{""liveProvider"": false}"
nimbus,TAPAS_DOWNTOWN,ORD-TAPAS_DOWNTOWN-00366,316200.00,CARD,COMPLETED,cashier@nimbus.demo,CARD_STUB,PAY-ORD-TAPAS_DOWNTOWN-00366,PAY-ORD-TAPAS_DOWNTOWN-00366,MANUAL_REFERENCE,VERIFIED,"{""liveProvider"": false}"
nimbus,ROOFTOP_BAR,ORD-ROOFTOP_BAR-00367,58200.00,BANK_TRANSFER,COMPLETED,cashier@nimbus.demo,MANUAL,PAY-ORD-ROOFTOP_BAR-00367,PAY-ORD-ROOFTOP_BAR-00367,MANUAL_REFERENCE,VERIFIED,"{""liveProvider"": false}"
nimbus,ROOFTOP_BAR,ORD-ROOFTOP_BAR-00368,33000.00,CARD,COMPLETED,cashier@nimbus.demo,CARD_STUB,PAY-ORD-ROOFTOP_BAR-00368,PAY-ORD-ROOFTOP_BAR-00368,MANUAL_REFERENCE,VERIFIED,"{""liveProvider"": false}"
nimbus,GARDEN_CAFE,ORD-GARDEN_CAFE-00370,347200.00,CARD,COMPLETED,cashier@nimbus.demo,CARD_STUB,PAY-ORD-GARDEN_CAFE-00370,PAY-ORD-GARDEN_CAFE-00370,MANUAL_REFERENCE,VERIFIED,"{""liveProvider"": false}"
nimbus,TAPAS_DOWNTOWN,ORD-TAPAS_DOWNTOWN-00373,188800.00,CASH,COMPLETED,cashier@nimbus.demo,MANUAL,PAY-ORD-TAPAS_DOWNTOWN-00373,PAY-ORD-TAPAS_DOWNTOWN-00373,MANUAL_REFERENCE,NOT_REQUIRED,"{""liveProvider"": false}"
nimbus,TAPAS_DOWNTOWN,ORD-TAPAS_DOWNTOWN-00375,321000.00,CARD,COMPLETED,cashier@nimbus.demo,CARD_STUB,PAY-ORD-TAPAS_DOWNTOWN-00375,PAY-ORD-TAPAS_DOWNTOWN-00375,MANUAL_REFERENCE,VERIFIED,"{""liveProvider"": false}"
nimbus,ROOFTOP_BAR,ORD-ROOFTOP_BAR-00376,182300.00,CASH,COMPLETED,cashier@nimbus.demo,MANUAL,PAY-ORD-ROOFTOP_BAR-00376,PAY-ORD-ROOFTOP_BAR-00376,MANUAL_REFERENCE,NOT_REQUIRED,"{""liveProvider"": false}"
nimbus,GARDEN_CAFE,ORD-GARDEN_CAFE-00379,47800.00,CARD,COMPLETED,cashier@nimbus.demo,CARD_STUB,PAY-ORD-GARDEN_CAFE-00379,PAY-ORD-GARDEN_CAFE-00379,MANUAL_REFERENCE,VERIFIED,"{""liveProvider"": false}"
nimbus,GARDEN_CAFE,ORD-GARDEN_CAFE-00380,30400.00,CASH,COMPLETED,cashier@nimbus.demo,MANUAL,PAY-ORD-GARDEN_CAFE-00380,PAY-ORD-GARDEN_CAFE-00380,MANUAL_REFERENCE,NOT_REQUIRED,"{""liveProvider"": false}"
nimbus,EVENTS_KITCHEN,ORD-EVENTS_KITCHEN-00382,95300.00,CASH,COMPLETED,cashier@nimbus.demo,MANUAL,PAY-ORD-EVENTS_KITCHEN-00382,PAY-ORD-EVENTS_KITCHEN-00382,MANUAL_REFERENCE,NOT_REQUIRED,"{""liveProvider"": false}"
nimbus,EVENTS_KITCHEN,ORD-EVENTS_KITCHEN-00383,266700.00,CASH,COMPLETED,cashier@nimbus.demo,MANUAL,PAY-ORD-EVENTS_KITCHEN-00383,PAY-ORD-EVENTS_KITCHEN-00383,MANUAL_REFERENCE,NOT_REQUIRED,"{""liveProvider"": false}"
nimbus,TAPAS_DOWNTOWN,ORD-TAPAS_DOWNTOWN-00386,55500.00,CARD,COMPLETED,cashier@nimbus.demo,CARD_STUB,PAY-ORD-TAPAS_DOWNTOWN-00386,PAY-ORD-TAPAS_DOWNTOWN-00386,MANUAL_REFERENCE,VERIFIED,"{""liveProvider"": false}"
nimbus,TAPAS_DOWNTOWN,ORD-TAPAS_DOWNTOWN-00388,66100.00,CARD,COMPLETED,cashier@nimbus.demo,CARD_STUB,PAY-ORD-TAPAS_DOWNTOWN-00388,PAY-ORD-TAPAS_DOWNTOWN-00388,MANUAL_REFERENCE,VERIFIED,"{""liveProvider"": false}"
nimbus,ROOFTOP_BAR,ORD-ROOFTOP_BAR-00391,129400.00,CASH,COMPLETED,cashier@nimbus.demo,MANUAL,PAY-ORD-ROOFTOP_BAR-00391,PAY-ORD-ROOFTOP_BAR-00391,MANUAL_REFERENCE,NOT_REQUIRED,"{""liveProvider"": false}"
nimbus,ROOFTOP_BAR,ORD-ROOFTOP_BAR-00392,35900.00,CASH,COMPLETED,cashier@nimbus.demo,MANUAL,PAY-ORD-ROOFTOP_BAR-00392,PAY-ORD-ROOFTOP_BAR-00392,MANUAL_REFERENCE,NOT_REQUIRED,"{""liveProvider"": false}"
nimbus,GARDEN_CAFE,ORD-GARDEN_CAFE-00393,33000.00,CASH,COMPLETED,cashier@nimbus.demo,MANUAL,PAY-ORD-GARDEN_CAFE-00393,PAY-ORD-GARDEN_CAFE-00393,MANUAL_REFERENCE,NOT_REQUIRED,"{""liveProvider"": false}"
nimbus,GARDEN_CAFE,ORD-GARDEN_CAFE-00394,107300.00,CASH,COMPLETED,cashier@nimbus.demo,MANUAL,PAY-ORD-GARDEN_CAFE-00394,PAY-ORD-GARDEN_CAFE-00394,MANUAL_REFERENCE,NOT_REQUIRED,"{""liveProvider"": false}"
nimbus,GARDEN_CAFE,ORD-GARDEN_CAFE-00396,302300.00,CARD,COMPLETED,cashier@nimbus.demo,CARD_STUB,PAY-ORD-GARDEN_CAFE-00396,PAY-ORD-GARDEN_CAFE-00396,MANUAL_REFERENCE,VERIFIED,"{""liveProvider"": false}"
nimbus,EVENTS_KITCHEN,ORD-EVENTS_KITCHEN-00398,194200.00,CARD,COMPLETED,cashier@nimbus.demo,CARD_STUB,PAY-ORD-EVENTS_KITCHEN-00398,PAY-ORD-EVENTS_KITCHEN-00398,MANUAL_REFERENCE,VERIFIED,"{""liveProvider"": false}"
nimbus,TAPAS_DOWNTOWN,ORD-TAPAS_DOWNTOWN-00401,62800.00,CARD,COMPLETED,cashier@nimbus.demo,CARD_STUB,PAY-ORD-TAPAS_DOWNTOWN-00401,PAY-ORD-TAPAS_DOWNTOWN-00401,MANUAL_REFERENCE,VERIFIED,"{""liveProvider"": false}"
nimbus,TAPAS_DOWNTOWN,ORD-TAPAS_DOWNTOWN-00402,208900.00,CARD,COMPLETED,cashier@nimbus.demo,CARD_STUB,PAY-ORD-TAPAS_DOWNTOWN-00402,PAY-ORD-TAPAS_DOWNTOWN-00402,MANUAL_REFERENCE,VERIFIED,"{""liveProvider"": false}"
nimbus,TAPAS_DOWNTOWN,ORD-TAPAS_DOWNTOWN-00403,169900.00,CASH,COMPLETED,cashier@nimbus.demo,MANUAL,PAY-ORD-TAPAS_DOWNTOWN-00403,PAY-ORD-TAPAS_DOWNTOWN-00403,MANUAL_REFERENCE,NOT_REQUIRED,"{""liveProvider"": false}"
nimbus,TAPAS_DOWNTOWN,ORD-TAPAS_DOWNTOWN-00404,10600.00,CARD,COMPLETED,cashier@nimbus.demo,CARD_STUB,PAY-ORD-TAPAS_DOWNTOWN-00404,PAY-ORD-TAPAS_DOWNTOWN-00404,MANUAL_REFERENCE,VERIFIED,"{""liveProvider"": false}"
nimbus,TAPAS_DOWNTOWN,ORD-TAPAS_DOWNTOWN-00405,346900.00,CARD,COMPLETED,cashier@nimbus.demo,CARD_STUB,PAY-ORD-TAPAS_DOWNTOWN-00405,PAY-ORD-TAPAS_DOWNTOWN-00405,MANUAL_REFERENCE,VERIFIED,"{""liveProvider"": false}"
nimbus,ROOFTOP_BAR,ORD-ROOFTOP_BAR-00406,193500.00,CARD,COMPLETED,cashier@nimbus.demo,CARD_STUB,PAY-ORD-ROOFTOP_BAR-00406,PAY-ORD-ROOFTOP_BAR-00406,MANUAL_REFERENCE,VERIFIED,"{""liveProvider"": false}"
nimbus,ROOFTOP_BAR,ORD-ROOFTOP_BAR-00407,216900.00,CASH,COMPLETED,cashier@nimbus.demo,MANUAL,PAY-ORD-ROOFTOP_BAR-00407,PAY-ORD-ROOFTOP_BAR-00407,MANUAL_REFERENCE,NOT_REQUIRED,"{""liveProvider"": false}"
nimbus,ROOFTOP_BAR,ORD-ROOFTOP_BAR-00409,175200.00,CASH,COMPLETED,cashier@nimbus.demo,MANUAL,PAY-ORD-ROOFTOP_BAR-00409,PAY-ORD-ROOFTOP_BAR-00409,MANUAL_REFERENCE,NOT_REQUIRED,"{""liveProvider"": false}"
nimbus,ROOFTOP_BAR,ORD-ROOFTOP_BAR-00410,42200.00,BANK_TRANSFER,COMPLETED,cashier@nimbus.demo,MANUAL,PAY-ORD-ROOFTOP_BAR-00410,PAY-ORD-ROOFTOP_BAR-00410,MANUAL_REFERENCE,VERIFIED,"{""liveProvider"": false}"
nimbus,GARDEN_CAFE,ORD-GARDEN_CAFE-00411,111400.00,CARD,COMPLETED,cashier@nimbus.demo,CARD_STUB,PAY-ORD-GARDEN_CAFE-00411,PAY-ORD-GARDEN_CAFE-00411,MANUAL_REFERENCE,VERIFIED,"{""liveProvider"": false}"
nimbus,GARDEN_CAFE,ORD-GARDEN_CAFE-00413,33000.00,CARD,COMPLETED,cashier@nimbus.demo,CARD_STUB,PAY-ORD-GARDEN_CAFE-00413,PAY-ORD-GARDEN_CAFE-00413,MANUAL_REFERENCE,VERIFIED,"{""liveProvider"": false}"
nimbus,GARDEN_CAFE,ORD-GARDEN_CAFE-00414,298900.00,CARD,COMPLETED,cashier@nimbus.demo,CARD_STUB,PAY-ORD-GARDEN_CAFE-00414,PAY-ORD-GARDEN_CAFE-00414,MANUAL_REFERENCE,VERIFIED,"{""liveProvider"": false}"
nimbus,GARDEN_CAFE,ORD-GARDEN_CAFE-00415,73600.00,CARD,COMPLETED,cashier@nimbus.demo,CARD_STUB,PAY-ORD-GARDEN_CAFE-00415,PAY-ORD-GARDEN_CAFE-00415,MANUAL_REFERENCE,VERIFIED,"{""liveProvider"": false}"
nimbus,EVENTS_KITCHEN,ORD-EVENTS_KITCHEN-00416,70100.00,CASH,COMPLETED,cashier@nimbus.demo,MANUAL,PAY-ORD-EVENTS_KITCHEN-00416,PAY-ORD-EVENTS_KITCHEN-00416,MANUAL_REFERENCE,NOT_REQUIRED,"{""liveProvider"": false}"
nimbus,EVENTS_KITCHEN,ORD-EVENTS_KITCHEN-00417,108600.00,BANK_TRANSFER,COMPLETED,cashier@nimbus.demo,MANUAL,PAY-ORD-EVENTS_KITCHEN-00417,PAY-ORD-EVENTS_KITCHEN-00417,MANUAL_REFERENCE,VERIFIED,"{""liveProvider"": false}"
nimbus,EVENTS_KITCHEN,ORD-EVENTS_KITCHEN-00419,188000.00,CARD,COMPLETED,cashier@nimbus.demo,CARD_STUB,PAY-ORD-EVENTS_KITCHEN-00419,PAY-ORD-EVENTS_KITCHEN-00419,MANUAL_REFERENCE,VERIFIED,"{""liveProvider"": false}"
nimbus,EVENTS_KITCHEN,ORD-EVENTS_KITCHEN-00420,226000.00,CASH,COMPLETED,cashier@nimbus.demo,MANUAL,PAY-ORD-EVENTS_KITCHEN-00420,PAY-ORD-EVENTS_KITCHEN-00420,MANUAL_REFERENCE,NOT_REQUIRED,"{""liveProvider"": false}"
nimbus,ROOFTOP_BAR,ORD-ROOFTOP_BAR-00422,99100.00,CARD,COMPLETED,cashier@nimbus.demo,CARD_STUB,PAY-ORD-ROOFTOP_BAR-00422,PAY-ORD-ROOFTOP_BAR-00422,MANUAL_REFERENCE,VERIFIED,"{""liveProvider"": false}"
nimbus,GARDEN_CAFE,ORD-GARDEN_CAFE-00423,89400.00,CARD,COMPLETED,cashier@nimbus.demo,CARD_STUB,PAY-ORD-GARDEN_CAFE-00423,PAY-ORD-GARDEN_CAFE-00423,MANUAL_REFERENCE,VERIFIED,"{""liveProvider"": false}"
nimbus,EVENTS_KITCHEN,ORD-EVENTS_KITCHEN-00424,108600.00,CASH,COMPLETED,cashier@nimbus.demo,MANUAL,PAY-ORD-EVENTS_KITCHEN-00424,PAY-ORD-EVENTS_KITCHEN-00424,MANUAL_REFERENCE,NOT_REQUIRED,"{""liveProvider"": false}"
nimbus,TAPAS_DOWNTOWN,ORD-TAPAS_DOWNTOWN-00425,75500.00,CASH,COMPLETED,cashier@nimbus.demo,MANUAL,PAY-ORD-TAPAS_DOWNTOWN-00425,PAY-ORD-TAPAS_DOWNTOWN-00425,MANUAL_REFERENCE,NOT_REQUIRED,"{""liveProvider"": false}"
nimbus,GARDEN_CAFE,ORD-GARDEN_CAFE-00430,155800.00,CARD,COMPLETED,cashier@nimbus.demo,CARD_STUB,PAY-ORD-GARDEN_CAFE-00430,PAY-ORD-GARDEN_CAFE-00430,MANUAL_REFERENCE,VERIFIED,"{""liveProvider"": false}"
nimbus,EVENTS_KITCHEN,ORD-EVENTS_KITCHEN-00431,19500.00,CASH,COMPLETED,cashier@nimbus.demo,MANUAL,PAY-ORD-EVENTS_KITCHEN-00431,PAY-ORD-EVENTS_KITCHEN-00431,MANUAL_REFERENCE,NOT_REQUIRED,"{""liveProvider"": false}"
nimbus,EVENTS_KITCHEN,ORD-EVENTS_KITCHEN-00432,142800.00,CARD,COMPLETED,cashier@nimbus.demo,CARD_STUB,PAY-ORD-EVENTS_KITCHEN-00432,PAY-ORD-EVENTS_KITCHEN-00432,MANUAL_REFERENCE,VERIFIED,"{""liveProvider"": false}"
nimbus,TAPAS_DOWNTOWN,ORD-TAPAS_DOWNTOWN-00434,44800.00,CARD,COMPLETED,cashier@nimbus.demo,CARD_STUB,PAY-ORD-TAPAS_DOWNTOWN-00434,PAY-ORD-TAPAS_DOWNTOWN-00434,MANUAL_REFERENCE,VERIFIED,"{""liveProvider"": false}"
nimbus,ROOFTOP_BAR,ORD-ROOFTOP_BAR-00436,54000.00,CASH,COMPLETED,cashier@nimbus.demo,MANUAL,PAY-ORD-ROOFTOP_BAR-00436,PAY-ORD-ROOFTOP_BAR-00436,MANUAL_REFERENCE,NOT_REQUIRED,"{""liveProvider"": false}"
nimbus,ROOFTOP_BAR,ORD-ROOFTOP_BAR-00437,63500.00,CARD,COMPLETED,cashier@nimbus.demo,CARD_STUB,PAY-ORD-ROOFTOP_BAR-00437,PAY-ORD-ROOFTOP_BAR-00437,MANUAL_REFERENCE,VERIFIED,"{""liveProvider"": false}"
nimbus,GARDEN_CAFE,ORD-GARDEN_CAFE-00440,30400.00,CASH,COMPLETED,cashier@nimbus.demo,MANUAL,PAY-ORD-GARDEN_CAFE-00440,PAY-ORD-GARDEN_CAFE-00440,MANUAL_REFERENCE,NOT_REQUIRED,"{""liveProvider"": false}"
nimbus,GARDEN_CAFE,ORD-GARDEN_CAFE-00441,144800.00,CARD,COMPLETED,cashier@nimbus.demo,CARD_STUB,PAY-ORD-GARDEN_CAFE-00441,PAY-ORD-GARDEN_CAFE-00441,MANUAL_REFERENCE,VERIFIED,"{""liveProvider"": false}"
nimbus,EVENTS_KITCHEN,ORD-EVENTS_KITCHEN-00444,156100.00,CASH,COMPLETED,cashier@nimbus.demo,MANUAL,PAY-ORD-EVENTS_KITCHEN-00444,PAY-ORD-EVENTS_KITCHEN-00444,MANUAL_REFERENCE,NOT_REQUIRED,"{""liveProvider"": false}"
nimbus,TAPAS_DOWNTOWN,ORD-TAPAS_DOWNTOWN-00445,67300.00,CARD,COMPLETED,cashier@nimbus.demo,CARD_STUB,PAY-ORD-TAPAS_DOWNTOWN-00445,PAY-ORD-TAPAS_DOWNTOWN-00445,MANUAL_REFERENCE,VERIFIED,"{""liveProvider"": false}"
nimbus,TAPAS_DOWNTOWN,ORD-TAPAS_DOWNTOWN-00446,187600.00,CASH,COMPLETED,cashier@nimbus.demo,MANUAL,PAY-ORD-TAPAS_DOWNTOWN-00446,PAY-ORD-TAPAS_DOWNTOWN-00446,MANUAL_REFERENCE,NOT_REQUIRED,"{""liveProvider"": false}"
nimbus,TAPAS_DOWNTOWN,ORD-TAPAS_DOWNTOWN-00447,89700.00,CARD,COMPLETED,cashier@nimbus.demo,CARD_STUB,PAY-ORD-TAPAS_DOWNTOWN-00447,PAY-ORD-TAPAS_DOWNTOWN-00447,MANUAL_REFERENCE,VERIFIED,"{""liveProvider"": false}"
nimbus,TAPAS_DOWNTOWN,ORD-TAPAS_DOWNTOWN-00448,165200.00,CARD,COMPLETED,cashier@nimbus.demo,CARD_STUB,PAY-ORD-TAPAS_DOWNTOWN-00448,PAY-ORD-TAPAS_DOWNTOWN-00448,MANUAL_REFERENCE,VERIFIED,"{""liveProvider"": false}"
nimbus,ROOFTOP_BAR,ORD-ROOFTOP_BAR-00450,334500.00,CARD,COMPLETED,cashier@nimbus.demo,CARD_STUB,PAY-ORD-ROOFTOP_BAR-00450,PAY-ORD-ROOFTOP_BAR-00450,MANUAL_REFERENCE,VERIFIED,"{""liveProvider"": false}"
nimbus,ROOFTOP_BAR,ORD-ROOFTOP_BAR-00452,103800.00,CASH,COMPLETED,cashier@nimbus.demo,MANUAL,PAY-ORD-ROOFTOP_BAR-00452,PAY-ORD-ROOFTOP_BAR-00452,MANUAL_REFERENCE,NOT_REQUIRED,"{""liveProvider"": false}"
nimbus,GARDEN_CAFE,ORD-GARDEN_CAFE-00453,283700.00,CASH,COMPLETED,cashier@nimbus.demo,MANUAL,PAY-ORD-GARDEN_CAFE-00453,PAY-ORD-GARDEN_CAFE-00453,MANUAL_REFERENCE,NOT_REQUIRED,"{""liveProvider"": false}"
nimbus,EVENTS_KITCHEN,ORD-EVENTS_KITCHEN-00458,566000.00,CASH,COMPLETED,cashier@nimbus.demo,MANUAL,PAY-ORD-EVENTS_KITCHEN-00458,PAY-ORD-EVENTS_KITCHEN-00458,MANUAL_REFERENCE,NOT_REQUIRED,"{""liveProvider"": false}"
nimbus,EVENTS_KITCHEN,ORD-EVENTS_KITCHEN-00459,217100.00,CARD,COMPLETED,cashier@nimbus.demo,CARD_STUB,PAY-ORD-EVENTS_KITCHEN-00459,PAY-ORD-EVENTS_KITCHEN-00459,MANUAL_REFERENCE,VERIFIED,"{""liveProvider"": false}"
nimbus,EVENTS_KITCHEN,ORD-EVENTS_KITCHEN-00460,285400.00,BANK_TRANSFER,COMPLETED,cashier@nimbus.demo,MANUAL,PAY-ORD-EVENTS_KITCHEN-00460,PAY-ORD-EVENTS_KITCHEN-00460,MANUAL_REFERENCE,VERIFIED,"{""liveProvider"": false}"
nimbus,TAPAS_DOWNTOWN,ORD-TAPAS_DOWNTOWN-00461,18900.00,CASH,COMPLETED,cashier@nimbus.demo,MANUAL,PAY-ORD-TAPAS_DOWNTOWN-00461,PAY-ORD-TAPAS_DOWNTOWN-00461,MANUAL_REFERENCE,NOT_REQUIRED,"{""liveProvider"": false}"
nimbus,TAPAS_DOWNTOWN,ORD-TAPAS_DOWNTOWN-00462,188800.00,BANK_TRANSFER,COMPLETED,cashier@nimbus.demo,MANUAL,PAY-ORD-TAPAS_DOWNTOWN-00462,PAY-ORD-TAPAS_DOWNTOWN-00462,MANUAL_REFERENCE,VERIFIED,"{""liveProvider"": false}"
nimbus,TAPAS_DOWNTOWN,ORD-TAPAS_DOWNTOWN-00464,92000.00,CARD,COMPLETED,cashier@nimbus.demo,CARD_STUB,PAY-ORD-TAPAS_DOWNTOWN-00464,PAY-ORD-TAPAS_DOWNTOWN-00464,MANUAL_REFERENCE,VERIFIED,"{""liveProvider"": false}"
nimbus,TAPAS_DOWNTOWN,ORD-TAPAS_DOWNTOWN-00465,146300.00,CARD,COMPLETED,cashier@nimbus.demo,CARD_STUB,PAY-ORD-TAPAS_DOWNTOWN-00465,PAY-ORD-TAPAS_DOWNTOWN-00465,MANUAL_REFERENCE,VERIFIED,"{""liveProvider"": false}"
nimbus,ROOFTOP_BAR,ORD-ROOFTOP_BAR-00466,165700.00,CARD,COMPLETED,cashier@nimbus.demo,CARD_STUB,PAY-ORD-ROOFTOP_BAR-00466,PAY-ORD-ROOFTOP_BAR-00466,MANUAL_REFERENCE,VERIFIED,"{""liveProvider"": false}"
nimbus,ROOFTOP_BAR,ORD-ROOFTOP_BAR-00467,15800.00,CARD,COMPLETED,cashier@nimbus.demo,CARD_STUB,PAY-ORD-ROOFTOP_BAR-00467,PAY-ORD-ROOFTOP_BAR-00467,MANUAL_REFERENCE,VERIFIED,"{""liveProvider"": false}"
nimbus,ROOFTOP_BAR,ORD-ROOFTOP_BAR-00469,113200.00,CASH,COMPLETED,cashier@nimbus.demo,MANUAL,PAY-ORD-ROOFTOP_BAR-00469,PAY-ORD-ROOFTOP_BAR-00469,MANUAL_REFERENCE,NOT_REQUIRED,"{""liveProvider"": false}"
nimbus,ROOFTOP_BAR,ORD-ROOFTOP_BAR-00470,220200.00,CASH,COMPLETED,cashier@nimbus.demo,MANUAL,PAY-ORD-ROOFTOP_BAR-00470,PAY-ORD-ROOFTOP_BAR-00470,MANUAL_REFERENCE,NOT_REQUIRED,"{""liveProvider"": false}"
nimbus,GARDEN_CAFE,ORD-GARDEN_CAFE-00471,146600.00,CASH,COMPLETED,cashier@nimbus.demo,MANUAL,PAY-ORD-GARDEN_CAFE-00471,PAY-ORD-GARDEN_CAFE-00471,MANUAL_REFERENCE,NOT_REQUIRED,"{""liveProvider"": false}"
nimbus,GARDEN_CAFE,ORD-GARDEN_CAFE-00473,159500.00,CASH,COMPLETED,cashier@nimbus.demo,MANUAL,PAY-ORD-GARDEN_CAFE-00473,PAY-ORD-GARDEN_CAFE-00473,MANUAL_REFERENCE,NOT_REQUIRED,"{""liveProvider"": false}"
nimbus,GARDEN_CAFE,ORD-GARDEN_CAFE-00474,161800.00,CARD,COMPLETED,cashier@nimbus.demo,CARD_STUB,PAY-ORD-GARDEN_CAFE-00474,PAY-ORD-GARDEN_CAFE-00474,MANUAL_REFERENCE,VERIFIED,"{""liveProvider"": false}"
nimbus,GARDEN_CAFE,ORD-GARDEN_CAFE-00475,163100.00,CARD,COMPLETED,cashier@nimbus.demo,CARD_STUB,PAY-ORD-GARDEN_CAFE-00475,PAY-ORD-GARDEN_CAFE-00475,MANUAL_REFERENCE,VERIFIED,"{""liveProvider"": false}"
nimbus,TAPAS_DOWNTOWN,ORD-TAPAS_DOWNTOWN-00481,125100.00,CARD,COMPLETED,cashier@nimbus.demo,CARD_STUB,PAY-ORD-TAPAS_DOWNTOWN-00481,PAY-ORD-TAPAS_DOWNTOWN-00481,MANUAL_REFERENCE,VERIFIED,"{""liveProvider"": false}"
nimbus,GARDEN_CAFE,ORD-GARDEN_CAFE-00483,229500.00,CARD,COMPLETED,cashier@nimbus.demo,CARD_STUB,PAY-ORD-GARDEN_CAFE-00483,PAY-ORD-GARDEN_CAFE-00483,MANUAL_REFERENCE,VERIFIED,"{""liveProvider"": false}"
nimbus,EVENTS_KITCHEN,ORD-EVENTS_KITCHEN-00484,448400.00,CARD,COMPLETED,cashier@nimbus.demo,CARD_STUB,PAY-ORD-EVENTS_KITCHEN-00484,PAY-ORD-EVENTS_KITCHEN-00484,MANUAL_REFERENCE,VERIFIED,"{""liveProvider"": false}"
nimbus,TAPAS_DOWNTOWN,ORD-TAPAS_DOWNTOWN-00485,129800.00,CASH,COMPLETED,cashier@nimbus.demo,MANUAL,PAY-ORD-TAPAS_DOWNTOWN-00485,PAY-ORD-TAPAS_DOWNTOWN-00485,MANUAL_REFERENCE,NOT_REQUIRED,"{""liveProvider"": false}"
nimbus,ROOFTOP_BAR,ORD-ROOFTOP_BAR-00487,73500.00,CARD,COMPLETED,cashier@nimbus.demo,CARD_STUB,PAY-ORD-ROOFTOP_BAR-00487,PAY-ORD-ROOFTOP_BAR-00487,MANUAL_REFERENCE,VERIFIED,"{""liveProvider"": false}"
nimbus,ROOFTOP_BAR,ORD-ROOFTOP_BAR-00488,213700.00,CASH,COMPLETED,cashier@nimbus.demo,MANUAL,PAY-ORD-ROOFTOP_BAR-00488,PAY-ORD-ROOFTOP_BAR-00488,MANUAL_REFERENCE,NOT_REQUIRED,"{""liveProvider"": false}"
nimbus,GARDEN_CAFE,ORD-GARDEN_CAFE-00489,107400.00,CARD,COMPLETED,cashier@nimbus.demo,CARD_STUB,PAY-ORD-GARDEN_CAFE-00489,PAY-ORD-GARDEN_CAFE-00489,MANUAL_REFERENCE,VERIFIED,"{""liveProvider"": false}"
nimbus,EVENTS_KITCHEN,ORD-EVENTS_KITCHEN-00491,325300.00,CARD,COMPLETED,cashier@nimbus.demo,CARD_STUB,PAY-ORD-EVENTS_KITCHEN-00491,PAY-ORD-EVENTS_KITCHEN-00491,MANUAL_REFERENCE,VERIFIED,"{""liveProvider"": false}"
nimbus,EVENTS_KITCHEN,ORD-EVENTS_KITCHEN-00492,533400.00,CASH,COMPLETED,cashier@nimbus.demo,MANUAL,PAY-ORD-EVENTS_KITCHEN-00492,PAY-ORD-EVENTS_KITCHEN-00492,MANUAL_REFERENCE,NOT_REQUIRED,"{""liveProvider"": false}"
nimbus,TAPAS_DOWNTOWN,ORD-TAPAS_DOWNTOWN-00495,57100.00,CARD,COMPLETED,cashier@nimbus.demo,CARD_STUB,PAY-ORD-TAPAS_DOWNTOWN-00495,PAY-ORD-TAPAS_DOWNTOWN-00495,MANUAL_REFERENCE,VERIFIED,"{""liveProvider"": false}"
nimbus,ROOFTOP_BAR,ORD-ROOFTOP_BAR-00497,200800.00,CARD,COMPLETED,cashier@nimbus.demo,CARD_STUB,PAY-ORD-ROOFTOP_BAR-00497,PAY-ORD-ROOFTOP_BAR-00497,MANUAL_REFERENCE,VERIFIED,"{""liveProvider"": false}"
nimbus,ROOFTOP_BAR,ORD-ROOFTOP_BAR-00498,135700.00,CASH,COMPLETED,cashier@nimbus.demo,MANUAL,PAY-ORD-ROOFTOP_BAR-00498,PAY-ORD-ROOFTOP_BAR-00498,MANUAL_REFERENCE,NOT_REQUIRED,"{""liveProvider"": false}"
nimbus,GARDEN_CAFE,ORD-GARDEN_CAFE-00501,142300.00,BANK_TRANSFER,COMPLETED,cashier@nimbus.demo,MANUAL,PAY-ORD-GARDEN_CAFE-00501,PAY-ORD-GARDEN_CAFE-00501,MANUAL_REFERENCE,VERIFIED,"{""liveProvider"": false}"
nimbus,EVENTS_KITCHEN,ORD-EVENTS_KITCHEN-00502,132000.00,CARD,COMPLETED,cashier@nimbus.demo,CARD_STUB,PAY-ORD-EVENTS_KITCHEN-00502,PAY-ORD-EVENTS_KITCHEN-00502,MANUAL_REFERENCE,VERIFIED,"{""liveProvider"": false}"
nimbus,EVENTS_KITCHEN,ORD-EVENTS_KITCHEN-00503,167100.00,CARD,COMPLETED,cashier@nimbus.demo,CARD_STUB,PAY-ORD-EVENTS_KITCHEN-00503,PAY-ORD-EVENTS_KITCHEN-00503,MANUAL_REFERENCE,VERIFIED,"{""liveProvider"": false}"
nimbus,EVENTS_KITCHEN,ORD-EVENTS_KITCHEN-00504,133600.00,CARD,COMPLETED,cashier@nimbus.demo,CARD_STUB,PAY-ORD-EVENTS_KITCHEN-00504,PAY-ORD-EVENTS_KITCHEN-00504,MANUAL_REFERENCE,VERIFIED,"{""liveProvider"": false}"
nimbus,TAPAS_DOWNTOWN,ORD-TAPAS_DOWNTOWN-00507,128600.00,CASH,COMPLETED,cashier@nimbus.demo,MANUAL,PAY-ORD-TAPAS_DOWNTOWN-00507,PAY-ORD-TAPAS_DOWNTOWN-00507,MANUAL_REFERENCE,NOT_REQUIRED,"{""liveProvider"": false}"
nimbus,ROOFTOP_BAR,ORD-ROOFTOP_BAR-00510,344600.00,CARD,COMPLETED,cashier@nimbus.demo,CARD_STUB,PAY-ORD-ROOFTOP_BAR-00510,PAY-ORD-ROOFTOP_BAR-00510,MANUAL_REFERENCE,VERIFIED,"{""liveProvider"": false}"
nimbus,ROOFTOP_BAR,ORD-ROOFTOP_BAR-00511,101700.00,BANK_TRANSFER,COMPLETED,cashier@nimbus.demo,MANUAL,PAY-ORD-ROOFTOP_BAR-00511,PAY-ORD-ROOFTOP_BAR-00511,MANUAL_REFERENCE,VERIFIED,"{""liveProvider"": false}"
nimbus,GARDEN_CAFE,ORD-GARDEN_CAFE-00513,73200.00,CARD,COMPLETED,cashier@nimbus.demo,CARD_STUB,PAY-ORD-GARDEN_CAFE-00513,PAY-ORD-GARDEN_CAFE-00513,MANUAL_REFERENCE,VERIFIED,"{""liveProvider"": false}"
nimbus,GARDEN_CAFE,ORD-GARDEN_CAFE-00514,174900.00,CARD,COMPLETED,cashier@nimbus.demo,CARD_STUB,PAY-ORD-GARDEN_CAFE-00514,PAY-ORD-GARDEN_CAFE-00514,MANUAL_REFERENCE,VERIFIED,"{""liveProvider"": false}"
nimbus,GARDEN_CAFE,ORD-GARDEN_CAFE-00515,182500.00,CASH,COMPLETED,cashier@nimbus.demo,MANUAL,PAY-ORD-GARDEN_CAFE-00515,PAY-ORD-GARDEN_CAFE-00515,MANUAL_REFERENCE,NOT_REQUIRED,"{""liveProvider"": false}"
nimbus,GARDEN_CAFE,ORD-GARDEN_CAFE-00516,136600.00,CARD,COMPLETED,cashier@nimbus.demo,CARD_STUB,PAY-ORD-GARDEN_CAFE-00516,PAY-ORD-GARDEN_CAFE-00516,MANUAL_REFERENCE,VERIFIED,"{""liveProvider"": false}"
nimbus,EVENTS_KITCHEN,ORD-EVENTS_KITCHEN-00519,254100.00,CARD,COMPLETED,cashier@nimbus.demo,CARD_STUB,PAY-ORD-EVENTS_KITCHEN-00519,PAY-ORD-EVENTS_KITCHEN-00519,MANUAL_REFERENCE,VERIFIED,"{""liveProvider"": false}"
nimbus,EVENTS_KITCHEN,ORD-EVENTS_KITCHEN-00520,221400.00,CARD,COMPLETED,cashier@nimbus.demo,CARD_STUB,PAY-ORD-EVENTS_KITCHEN-00520,PAY-ORD-EVENTS_KITCHEN-00520,MANUAL_REFERENCE,VERIFIED,"{""liveProvider"": false}"
nimbus,TAPAS_DOWNTOWN,ORD-TAPAS_DOWNTOWN-00521,245400.00,CASH,COMPLETED,cashier@nimbus.demo,MANUAL,PAY-ORD-TAPAS_DOWNTOWN-00521,PAY-ORD-TAPAS_DOWNTOWN-00521,MANUAL_REFERENCE,NOT_REQUIRED,"{""liveProvider"": false}"
nimbus,TAPAS_DOWNTOWN,ORD-TAPAS_DOWNTOWN-00522,274900.00,CARD,COMPLETED,cashier@nimbus.demo,CARD_STUB,PAY-ORD-TAPAS_DOWNTOWN-00522,PAY-ORD-TAPAS_DOWNTOWN-00522,MANUAL_REFERENCE,VERIFIED,"{""liveProvider"": false}"
nimbus,TAPAS_DOWNTOWN,ORD-TAPAS_DOWNTOWN-00523,188300.00,CARD,COMPLETED,cashier@nimbus.demo,CARD_STUB,PAY-ORD-TAPAS_DOWNTOWN-00523,PAY-ORD-TAPAS_DOWNTOWN-00523,MANUAL_REFERENCE,VERIFIED,"{""liveProvider"": false}"
nimbus,TAPAS_DOWNTOWN,ORD-TAPAS_DOWNTOWN-00524,152200.00,CARD,COMPLETED,cashier@nimbus.demo,CARD_STUB,PAY-ORD-TAPAS_DOWNTOWN-00524,PAY-ORD-TAPAS_DOWNTOWN-00524,MANUAL_REFERENCE,VERIFIED,"{""liveProvider"": false}"
nimbus,ROOFTOP_BAR,ORD-ROOFTOP_BAR-00528,94900.00,CARD,COMPLETED,cashier@nimbus.demo,CARD_STUB,PAY-ORD-ROOFTOP_BAR-00528,PAY-ORD-ROOFTOP_BAR-00528,MANUAL_REFERENCE,VERIFIED,"{""liveProvider"": false}"
nimbus,ROOFTOP_BAR,ORD-ROOFTOP_BAR-00529,100200.00,CARD,COMPLETED,cashier@nimbus.demo,CARD_STUB,PAY-ORD-ROOFTOP_BAR-00529,PAY-ORD-ROOFTOP_BAR-00529,MANUAL_REFERENCE,VERIFIED,"{""liveProvider"": false}"
nimbus,GARDEN_CAFE,ORD-GARDEN_CAFE-00531,63800.00,CARD,COMPLETED,cashier@nimbus.demo,CARD_STUB,PAY-ORD-GARDEN_CAFE-00531,PAY-ORD-GARDEN_CAFE-00531,MANUAL_REFERENCE,VERIFIED,"{""liveProvider"": false}"
nimbus,GARDEN_CAFE,ORD-GARDEN_CAFE-00532,76000.00,CARD,COMPLETED,cashier@nimbus.demo,CARD_STUB,PAY-ORD-GARDEN_CAFE-00532,PAY-ORD-GARDEN_CAFE-00532,MANUAL_REFERENCE,VERIFIED,"{""liveProvider"": false}"
nimbus,GARDEN_CAFE,ORD-GARDEN_CAFE-00535,45500.00,BANK_TRANSFER,COMPLETED,cashier@nimbus.demo,MANUAL,PAY-ORD-GARDEN_CAFE-00535,PAY-ORD-GARDEN_CAFE-00535,MANUAL_REFERENCE,VERIFIED,"{""liveProvider"": false}"
nimbus,EVENTS_KITCHEN,ORD-EVENTS_KITCHEN-00536,413800.00,CARD,COMPLETED,cashier@nimbus.demo,CARD_STUB,PAY-ORD-EVENTS_KITCHEN-00536,PAY-ORD-EVENTS_KITCHEN-00536,MANUAL_REFERENCE,VERIFIED,"{""liveProvider"": false}"
nimbus,EVENTS_KITCHEN,ORD-EVENTS_KITCHEN-00538,100300.00,CARD,COMPLETED,cashier@nimbus.demo,CARD_STUB,PAY-ORD-EVENTS_KITCHEN-00538,PAY-ORD-EVENTS_KITCHEN-00538,MANUAL_REFERENCE,VERIFIED,"{""liveProvider"": false}"
nimbus,EVENTS_KITCHEN,ORD-EVENTS_KITCHEN-00540,103800.00,CARD,COMPLETED,cashier@nimbus.demo,CARD_STUB,PAY-ORD-EVENTS_KITCHEN-00540,PAY-ORD-EVENTS_KITCHEN-00540,MANUAL_REFERENCE,VERIFIED,"{""liveProvider"": false}"
nimbus,TAPAS_DOWNTOWN,ORD-TAPAS_DOWNTOWN-00541,160500.00,CASH,COMPLETED,cashier@nimbus.demo,MANUAL,PAY-ORD-TAPAS_DOWNTOWN-00541,PAY-ORD-TAPAS_DOWNTOWN-00541,MANUAL_REFERENCE,NOT_REQUIRED,"{""liveProvider"": false}"
nimbus,ROOFTOP_BAR,ORD-ROOFTOP_BAR-00542,97900.00,BANK_TRANSFER,COMPLETED,cashier@nimbus.demo,MANUAL,PAY-ORD-ROOFTOP_BAR-00542,PAY-ORD-ROOFTOP_BAR-00542,MANUAL_REFERENCE,VERIFIED,"{""liveProvider"": false}"
nimbus,EVENTS_KITCHEN,ORD-EVENTS_KITCHEN-00544,89200.00,CASH,COMPLETED,cashier@nimbus.demo,MANUAL,PAY-ORD-EVENTS_KITCHEN-00544,PAY-ORD-EVENTS_KITCHEN-00544,MANUAL_REFERENCE,NOT_REQUIRED,"{""liveProvider"": false}"
nimbus,TAPAS_DOWNTOWN,ORD-TAPAS_DOWNTOWN-00545,20200.00,CASH,COMPLETED,cashier@nimbus.demo,MANUAL,PAY-ORD-TAPAS_DOWNTOWN-00545,PAY-ORD-TAPAS_DOWNTOWN-00545,MANUAL_REFERENCE,NOT_REQUIRED,"{""liveProvider"": false}"
nimbus,TAPAS_DOWNTOWN,ORD-TAPAS_DOWNTOWN-00546,53100.00,CARD,COMPLETED,cashier@nimbus.demo,CARD_STUB,PAY-ORD-TAPAS_DOWNTOWN-00546,PAY-ORD-TAPAS_DOWNTOWN-00546,MANUAL_REFERENCE,VERIFIED,"{""liveProvider"": false}"
nimbus,ROOFTOP_BAR,ORD-ROOFTOP_BAR-00547,272300.00,CASH,COMPLETED,cashier@nimbus.demo,MANUAL,PAY-ORD-ROOFTOP_BAR-00547,PAY-ORD-ROOFTOP_BAR-00547,MANUAL_REFERENCE,NOT_REQUIRED,"{""liveProvider"": false}"
nimbus,GARDEN_CAFE,ORD-GARDEN_CAFE-00549,238900.00,CASH,COMPLETED,cashier@nimbus.demo,MANUAL,PAY-ORD-GARDEN_CAFE-00549,PAY-ORD-GARDEN_CAFE-00549,MANUAL_REFERENCE,NOT_REQUIRED,"{""liveProvider"": false}"
nimbus,GARDEN_CAFE,ORD-GARDEN_CAFE-00550,254100.00,CASH,COMPLETED,cashier@nimbus.demo,MANUAL,PAY-ORD-GARDEN_CAFE-00550,PAY-ORD-GARDEN_CAFE-00550,MANUAL_REFERENCE,NOT_REQUIRED,"{""liveProvider"": false}"
nimbus,ROOFTOP_BAR,ORD-ROOFTOP_BAR-00556,117100.00,CARD,COMPLETED,cashier@nimbus.demo,CARD_STUB,PAY-ORD-ROOFTOP_BAR-00556,PAY-ORD-ROOFTOP_BAR-00556,MANUAL_REFERENCE,VERIFIED,"{""liveProvider"": false}"
nimbus,ROOFTOP_BAR,ORD-ROOFTOP_BAR-00557,23600.00,CARD,COMPLETED,cashier@nimbus.demo,CARD_STUB,PAY-ORD-ROOFTOP_BAR-00557,PAY-ORD-ROOFTOP_BAR-00557,MANUAL_REFERENCE,VERIFIED,"{""liveProvider"": false}"
nimbus,ROOFTOP_BAR,ORD-ROOFTOP_BAR-00558,129300.00,CASH,COMPLETED,cashier@nimbus.demo,MANUAL,PAY-ORD-ROOFTOP_BAR-00558,PAY-ORD-ROOFTOP_BAR-00558,MANUAL_REFERENCE,NOT_REQUIRED,"{""liveProvider"": false}"
nimbus,GARDEN_CAFE,ORD-GARDEN_CAFE-00560,104200.00,CASH,COMPLETED,cashier@nimbus.demo,MANUAL,PAY-ORD-GARDEN_CAFE-00560,PAY-ORD-GARDEN_CAFE-00560,MANUAL_REFERENCE,NOT_REQUIRED,"{""liveProvider"": false}"
nimbus,GARDEN_CAFE,ORD-GARDEN_CAFE-00561,179400.00,CASH,COMPLETED,cashier@nimbus.demo,MANUAL,PAY-ORD-GARDEN_CAFE-00561,PAY-ORD-GARDEN_CAFE-00561,MANUAL_REFERENCE,NOT_REQUIRED,"{""liveProvider"": false}"
nimbus,EVENTS_KITCHEN,ORD-EVENTS_KITCHEN-00562,50300.00,CARD,COMPLETED,cashier@nimbus.demo,CARD_STUB,PAY-ORD-EVENTS_KITCHEN-00562,PAY-ORD-EVENTS_KITCHEN-00562,MANUAL_REFERENCE,VERIFIED,"{""liveProvider"": false}"
nimbus,EVENTS_KITCHEN,ORD-EVENTS_KITCHEN-00563,153200.00,CASH,COMPLETED,cashier@nimbus.demo,MANUAL,PAY-ORD-EVENTS_KITCHEN-00563,PAY-ORD-EVENTS_KITCHEN-00563,MANUAL_REFERENCE,NOT_REQUIRED,"{""liveProvider"": false}"
nimbus,EVENTS_KITCHEN,ORD-EVENTS_KITCHEN-00564,187500.00,CASH,COMPLETED,cashier@nimbus.demo,MANUAL,PAY-ORD-EVENTS_KITCHEN-00564,PAY-ORD-EVENTS_KITCHEN-00564,MANUAL_REFERENCE,NOT_REQUIRED,"{""liveProvider"": false}"
nimbus,TAPAS_DOWNTOWN,ORD-TAPAS_DOWNTOWN-00566,127800.00,BANK_TRANSFER,COMPLETED,cashier@nimbus.demo,MANUAL,PAY-ORD-TAPAS_DOWNTOWN-00566,PAY-ORD-TAPAS_DOWNTOWN-00566,MANUAL_REFERENCE,VERIFIED,"{""liveProvider"": false}"
nimbus,TAPAS_DOWNTOWN,ORD-TAPAS_DOWNTOWN-00568,155800.00,CARD,COMPLETED,cashier@nimbus.demo,CARD_STUB,PAY-ORD-TAPAS_DOWNTOWN-00568,PAY-ORD-TAPAS_DOWNTOWN-00568,MANUAL_REFERENCE,VERIFIED,"{""liveProvider"": false}"
nimbus,ROOFTOP_BAR,ORD-ROOFTOP_BAR-00570,15800.00,CARD,COMPLETED,cashier@nimbus.demo,CARD_STUB,PAY-ORD-ROOFTOP_BAR-00570,PAY-ORD-ROOFTOP_BAR-00570,MANUAL_REFERENCE,VERIFIED,"{""liveProvider"": false}"
nimbus,ROOFTOP_BAR,ORD-ROOFTOP_BAR-00572,142800.00,CASH,COMPLETED,cashier@nimbus.demo,MANUAL,PAY-ORD-ROOFTOP_BAR-00572,PAY-ORD-ROOFTOP_BAR-00572,MANUAL_REFERENCE,NOT_REQUIRED,"{""liveProvider"": false}"
nimbus,GARDEN_CAFE,ORD-GARDEN_CAFE-00573,56600.00,BANK_TRANSFER,COMPLETED,cashier@nimbus.demo,MANUAL,PAY-ORD-GARDEN_CAFE-00573,PAY-ORD-GARDEN_CAFE-00573,MANUAL_REFERENCE,VERIFIED,"{""liveProvider"": false}"
nimbus,GARDEN_CAFE,ORD-GARDEN_CAFE-00574,341100.00,CASH,COMPLETED,cashier@nimbus.demo,MANUAL,PAY-ORD-GARDEN_CAFE-00574,PAY-ORD-GARDEN_CAFE-00574,MANUAL_REFERENCE,NOT_REQUIRED,"{""liveProvider"": false}"
nimbus,EVENTS_KITCHEN,ORD-EVENTS_KITCHEN-00578,161700.00,BANK_TRANSFER,COMPLETED,cashier@nimbus.demo,MANUAL,PAY-ORD-EVENTS_KITCHEN-00578,PAY-ORD-EVENTS_KITCHEN-00578,MANUAL_REFERENCE,VERIFIED,"{""liveProvider"": false}"
nimbus,EVENTS_KITCHEN,ORD-EVENTS_KITCHEN-00579,118000.00,CARD,COMPLETED,cashier@nimbus.demo,CARD_STUB,PAY-ORD-EVENTS_KITCHEN-00579,PAY-ORD-EVENTS_KITCHEN-00579,MANUAL_REFERENCE,VERIFIED,"{""liveProvider"": false}"
nimbus,EVENTS_KITCHEN,ORD-EVENTS_KITCHEN-00580,48900.00,BANK_TRANSFER,COMPLETED,cashier@nimbus.demo,MANUAL,PAY-ORD-EVENTS_KITCHEN-00580,PAY-ORD-EVENTS_KITCHEN-00580,MANUAL_REFERENCE,VERIFIED,"{""liveProvider"": false}"
nimbus,TAPAS_DOWNTOWN,ORD-TAPAS_DOWNTOWN-00581,188800.00,CASH,COMPLETED,cashier@nimbus.demo,MANUAL,PAY-ORD-TAPAS_DOWNTOWN-00581,PAY-ORD-TAPAS_DOWNTOWN-00581,MANUAL_REFERENCE,NOT_REQUIRED,"{""liveProvider"": false}"
nimbus,TAPAS_DOWNTOWN,ORD-TAPAS_DOWNTOWN-00584,114500.00,BANK_TRANSFER,COMPLETED,cashier@nimbus.demo,MANUAL,PAY-ORD-TAPAS_DOWNTOWN-00584,PAY-ORD-TAPAS_DOWNTOWN-00584,MANUAL_REFERENCE,VERIFIED,"{""liveProvider"": false}"
nimbus,ROOFTOP_BAR,ORD-ROOFTOP_BAR-00588,266800.00,CASH,COMPLETED,cashier@nimbus.demo,MANUAL,PAY-ORD-ROOFTOP_BAR-00588,PAY-ORD-ROOFTOP_BAR-00588,MANUAL_REFERENCE,NOT_REQUIRED,"{""liveProvider"": false}"
nimbus,ROOFTOP_BAR,ORD-ROOFTOP_BAR-00589,47200.00,CARD,COMPLETED,cashier@nimbus.demo,CARD_STUB,PAY-ORD-ROOFTOP_BAR-00589,PAY-ORD-ROOFTOP_BAR-00589,MANUAL_REFERENCE,VERIFIED,"{""liveProvider"": false}"
nimbus,GARDEN_CAFE,ORD-GARDEN_CAFE-00591,131900.00,BANK_TRANSFER,COMPLETED,cashier@nimbus.demo,MANUAL,PAY-ORD-GARDEN_CAFE-00591,PAY-ORD-GARDEN_CAFE-00591,MANUAL_REFERENCE,VERIFIED,"{""liveProvider"": false}"
nimbus,GARDEN_CAFE,ORD-GARDEN_CAFE-00592,99100.00,BANK_TRANSFER,COMPLETED,cashier@nimbus.demo,MANUAL,PAY-ORD-GARDEN_CAFE-00592,PAY-ORD-GARDEN_CAFE-00592,MANUAL_REFERENCE,VERIFIED,"{""liveProvider"": false}"
nimbus,GARDEN_CAFE,ORD-GARDEN_CAFE-00593,206100.00,CASH,COMPLETED,cashier@nimbus.demo,MANUAL,PAY-ORD-GARDEN_CAFE-00593,PAY-ORD-GARDEN_CAFE-00593,MANUAL_REFERENCE,NOT_REQUIRED,"{""liveProvider"": false}"
nimbus,GARDEN_CAFE,ORD-GARDEN_CAFE-00594,141000.00,CASH,COMPLETED,cashier@nimbus.demo,MANUAL,PAY-ORD-GARDEN_CAFE-00594,PAY-ORD-GARDEN_CAFE-00594,MANUAL_REFERENCE,NOT_REQUIRED,"{""liveProvider"": false}"
nimbus,GARDEN_CAFE,ORD-GARDEN_CAFE-00595,53600.00,CARD,COMPLETED,cashier@nimbus.demo,CARD_STUB,PAY-ORD-GARDEN_CAFE-00595,PAY-ORD-GARDEN_CAFE-00595,MANUAL_REFERENCE,VERIFIED,"{""liveProvider"": false}"
nimbus,EVENTS_KITCHEN,ORD-EVENTS_KITCHEN-00597,312500.00,BANK_TRANSFER,COMPLETED,cashier@nimbus.demo,MANUAL,PAY-ORD-EVENTS_KITCHEN-00597,PAY-ORD-EVENTS_KITCHEN-00597,MANUAL_REFERENCE,VERIFIED,"{""liveProvider"": false}"
nimbus,EVENTS_KITCHEN,ORD-EVENTS_KITCHEN-00598,167100.00,CARD,COMPLETED,cashier@nimbus.demo,CARD_STUB,PAY-ORD-EVENTS_KITCHEN-00598,PAY-ORD-EVENTS_KITCHEN-00598,MANUAL_REFERENCE,VERIFIED,"{""liveProvider"": false}"
nimbus,EVENTS_KITCHEN,ORD-EVENTS_KITCHEN-00599,101200.00,CARD,COMPLETED,cashier@nimbus.demo,CARD_STUB,PAY-ORD-EVENTS_KITCHEN-00599,PAY-ORD-EVENTS_KITCHEN-00599,MANUAL_REFERENCE,VERIFIED,"{""liveProvider"": false}"
nimbus,ROOFTOP_BAR,ORD-ROOFTOP_BAR-00602,152800.00,CASH,COMPLETED,cashier@nimbus.demo,MANUAL,PAY-ORD-ROOFTOP_BAR-00602,PAY-ORD-ROOFTOP_BAR-00602,MANUAL_REFERENCE,NOT_REQUIRED,"{""liveProvider"": false}"
nimbus,TAPAS_DOWNTOWN,ORD-TAPAS_DOWNTOWN-00605,300900.00,CARD,COMPLETED,cashier@nimbus.demo,CARD_STUB,PAY-ORD-TAPAS_DOWNTOWN-00605,PAY-ORD-TAPAS_DOWNTOWN-00605,MANUAL_REFERENCE,VERIFIED,"{""liveProvider"": false}"
nimbus,TAPAS_DOWNTOWN,ORD-TAPAS_DOWNTOWN-00606,120400.00,CASH,COMPLETED,cashier@nimbus.demo,MANUAL,PAY-ORD-TAPAS_DOWNTOWN-00606,PAY-ORD-TAPAS_DOWNTOWN-00606,MANUAL_REFERENCE,NOT_REQUIRED,"{""liveProvider"": false}"
nimbus,ROOFTOP_BAR,ORD-ROOFTOP_BAR-00607,95100.00,CARD,COMPLETED,cashier@nimbus.demo,CARD_STUB,PAY-ORD-ROOFTOP_BAR-00607,PAY-ORD-ROOFTOP_BAR-00607,MANUAL_REFERENCE,VERIFIED,"{""liveProvider"": false}"
nimbus,ROOFTOP_BAR,ORD-ROOFTOP_BAR-00608,114100.00,CASH,COMPLETED,cashier@nimbus.demo,MANUAL,PAY-ORD-ROOFTOP_BAR-00608,PAY-ORD-ROOFTOP_BAR-00608,MANUAL_REFERENCE,NOT_REQUIRED,"{""liveProvider"": false}"
nimbus,GARDEN_CAFE,ORD-GARDEN_CAFE-00609,37100.00,CASH,COMPLETED,cashier@nimbus.demo,MANUAL,PAY-ORD-GARDEN_CAFE-00609,PAY-ORD-GARDEN_CAFE-00609,MANUAL_REFERENCE,NOT_REQUIRED,"{""liveProvider"": false}"
nimbus,GARDEN_CAFE,ORD-GARDEN_CAFE-00610,22800.00,BANK_TRANSFER,COMPLETED,cashier@nimbus.demo,MANUAL,PAY-ORD-GARDEN_CAFE-00610,PAY-ORD-GARDEN_CAFE-00610,MANUAL_REFERENCE,VERIFIED,"{""liveProvider"": false}"
nimbus,EVENTS_KITCHEN,ORD-EVENTS_KITCHEN-00611,354900.00,CARD,COMPLETED,cashier@nimbus.demo,CARD_STUB,PAY-ORD-EVENTS_KITCHEN-00611,PAY-ORD-EVENTS_KITCHEN-00611,MANUAL_REFERENCE,VERIFIED,"{""liveProvider"": false}"
nimbus,EVENTS_KITCHEN,ORD-EVENTS_KITCHEN-00612,108600.00,CASH,COMPLETED,cashier@nimbus.demo,MANUAL,PAY-ORD-EVENTS_KITCHEN-00612,PAY-ORD-EVENTS_KITCHEN-00612,MANUAL_REFERENCE,NOT_REQUIRED,"{""liveProvider"": false}"
nimbus,TAPAS_DOWNTOWN,ORD-TAPAS_DOWNTOWN-00613,269000.00,CARD,COMPLETED,cashier@nimbus.demo,CARD_STUB,PAY-ORD-TAPAS_DOWNTOWN-00613,PAY-ORD-TAPAS_DOWNTOWN-00613,MANUAL_REFERENCE,VERIFIED,"{""liveProvider"": false}"
nimbus,TAPAS_DOWNTOWN,ORD-TAPAS_DOWNTOWN-00614,290300.00,CASH,COMPLETED,cashier@nimbus.demo,MANUAL,PAY-ORD-TAPAS_DOWNTOWN-00614,PAY-ORD-TAPAS_DOWNTOWN-00614,MANUAL_REFERENCE,NOT_REQUIRED,"{""liveProvider"": false}"
nimbus,ROOFTOP_BAR,ORD-ROOFTOP_BAR-00616,86000.00,CASH,COMPLETED,cashier@nimbus.demo,MANUAL,PAY-ORD-ROOFTOP_BAR-00616,PAY-ORD-ROOFTOP_BAR-00616,MANUAL_REFERENCE,NOT_REQUIRED,"{""liveProvider"": false}"
nimbus,ROOFTOP_BAR,ORD-ROOFTOP_BAR-00617,47600.00,CARD,COMPLETED,cashier@nimbus.demo,CARD_STUB,PAY-ORD-ROOFTOP_BAR-00617,PAY-ORD-ROOFTOP_BAR-00617,MANUAL_REFERENCE,VERIFIED,"{""liveProvider"": false}"
nimbus,GARDEN_CAFE,ORD-GARDEN_CAFE-00619,87800.00,CASH,COMPLETED,cashier@nimbus.demo,MANUAL,PAY-ORD-GARDEN_CAFE-00619,PAY-ORD-GARDEN_CAFE-00619,MANUAL_REFERENCE,NOT_REQUIRED,"{""liveProvider"": false}"
nimbus,GARDEN_CAFE,ORD-GARDEN_CAFE-00620,37800.00,BANK_TRANSFER,COMPLETED,cashier@nimbus.demo,MANUAL,PAY-ORD-GARDEN_CAFE-00620,PAY-ORD-GARDEN_CAFE-00620,MANUAL_REFERENCE,VERIFIED,"{""liveProvider"": false}"
nimbus,GARDEN_CAFE,ORD-GARDEN_CAFE-00621,213900.00,CASH,COMPLETED,cashier@nimbus.demo,MANUAL,PAY-ORD-GARDEN_CAFE-00621,PAY-ORD-GARDEN_CAFE-00621,MANUAL_REFERENCE,NOT_REQUIRED,"{""liveProvider"": false}"
nimbus,EVENTS_KITCHEN,ORD-EVENTS_KITCHEN-00623,96800.00,CARD,COMPLETED,cashier@nimbus.demo,CARD_STUB,PAY-ORD-EVENTS_KITCHEN-00623,PAY-ORD-EVENTS_KITCHEN-00623,MANUAL_REFERENCE,VERIFIED,"{""liveProvider"": false}"
nimbus,TAPAS_DOWNTOWN,ORD-TAPAS_DOWNTOWN-00625,154600.00,CARD,COMPLETED,cashier@nimbus.demo,CARD_STUB,PAY-ORD-TAPAS_DOWNTOWN-00625,PAY-ORD-TAPAS_DOWNTOWN-00625,MANUAL_REFERENCE,VERIFIED,"{""liveProvider"": false}"
nimbus,TAPAS_DOWNTOWN,ORD-TAPAS_DOWNTOWN-00627,135700.00,CARD,COMPLETED,cashier@nimbus.demo,CARD_STUB,PAY-ORD-TAPAS_DOWNTOWN-00627,PAY-ORD-TAPAS_DOWNTOWN-00627,MANUAL_REFERENCE,VERIFIED,"{""liveProvider"": false}"
nimbus,TAPAS_DOWNTOWN,ORD-TAPAS_DOWNTOWN-00628,172300.00,BANK_TRANSFER,COMPLETED,cashier@nimbus.demo,MANUAL,PAY-ORD-TAPAS_DOWNTOWN-00628,PAY-ORD-TAPAS_DOWNTOWN-00628,MANUAL_REFERENCE,VERIFIED,"{""liveProvider"": false}"
nimbus,ROOFTOP_BAR,ORD-ROOFTOP_BAR-00630,33000.00,CASH,COMPLETED,cashier@nimbus.demo,MANUAL,PAY-ORD-ROOFTOP_BAR-00630,PAY-ORD-ROOFTOP_BAR-00630,MANUAL_REFERENCE,NOT_REQUIRED,"{""liveProvider"": false}"
nimbus,GARDEN_CAFE,ORD-GARDEN_CAFE-00635,55200.00,CARD,COMPLETED,cashier@nimbus.demo,CARD_STUB,PAY-ORD-GARDEN_CAFE-00635,PAY-ORD-GARDEN_CAFE-00635,MANUAL_REFERENCE,VERIFIED,"{""liveProvider"": false}"
nimbus,EVENTS_KITCHEN,ORD-EVENTS_KITCHEN-00637,313300.00,CASH,COMPLETED,cashier@nimbus.demo,MANUAL,PAY-ORD-EVENTS_KITCHEN-00637,PAY-ORD-EVENTS_KITCHEN-00637,MANUAL_REFERENCE,NOT_REQUIRED,"{""liveProvider"": false}"
nimbus,EVENTS_KITCHEN,ORD-EVENTS_KITCHEN-00639,187900.00,BANK_TRANSFER,COMPLETED,cashier@nimbus.demo,MANUAL,PAY-ORD-EVENTS_KITCHEN-00639,PAY-ORD-EVENTS_KITCHEN-00639,MANUAL_REFERENCE,VERIFIED,"{""liveProvider"": false}"
nimbus,EVENTS_KITCHEN,ORD-EVENTS_KITCHEN-00640,310000.00,CARD,COMPLETED,cashier@nimbus.demo,CARD_STUB,PAY-ORD-EVENTS_KITCHEN-00640,PAY-ORD-EVENTS_KITCHEN-00640,MANUAL_REFERENCE,VERIFIED,"{""liveProvider"": false}"
nimbus,TAPAS_DOWNTOWN,ORD-TAPAS_DOWNTOWN-00643,44800.00,CASH,COMPLETED,cashier@nimbus.demo,MANUAL,PAY-ORD-TAPAS_DOWNTOWN-00643,PAY-ORD-TAPAS_DOWNTOWN-00643,MANUAL_REFERENCE,NOT_REQUIRED,"{""liveProvider"": false}"
nimbus,TAPAS_DOWNTOWN,ORD-TAPAS_DOWNTOWN-00644,75000.00,CASH,COMPLETED,cashier@nimbus.demo,MANUAL,PAY-ORD-TAPAS_DOWNTOWN-00644,PAY-ORD-TAPAS_DOWNTOWN-00644,MANUAL_REFERENCE,NOT_REQUIRED,"{""liveProvider"": false}"
nimbus,ROOFTOP_BAR,ORD-ROOFTOP_BAR-00648,241400.00,CASH,COMPLETED,cashier@nimbus.demo,MANUAL,PAY-ORD-ROOFTOP_BAR-00648,PAY-ORD-ROOFTOP_BAR-00648,MANUAL_REFERENCE,NOT_REQUIRED,"{""liveProvider"": false}"
nimbus,ROOFTOP_BAR,ORD-ROOFTOP_BAR-00649,154300.00,CASH,COMPLETED,cashier@nimbus.demo,MANUAL,PAY-ORD-ROOFTOP_BAR-00649,PAY-ORD-ROOFTOP_BAR-00649,MANUAL_REFERENCE,NOT_REQUIRED,"{""liveProvider"": false}"
nimbus,GARDEN_CAFE,ORD-GARDEN_CAFE-00651,194200.00,CARD,COMPLETED,cashier@nimbus.demo,CARD_STUB,PAY-ORD-GARDEN_CAFE-00651,PAY-ORD-GARDEN_CAFE-00651,MANUAL_REFERENCE,VERIFIED,"{""liveProvider"": false}"
nimbus,GARDEN_CAFE,ORD-GARDEN_CAFE-00652,72600.00,CASH,COMPLETED,cashier@nimbus.demo,MANUAL,PAY-ORD-GARDEN_CAFE-00652,PAY-ORD-GARDEN_CAFE-00652,MANUAL_REFERENCE,NOT_REQUIRED,"{""liveProvider"": false}"
nimbus,GARDEN_CAFE,ORD-GARDEN_CAFE-00653,171500.00,CASH,COMPLETED,cashier@nimbus.demo,MANUAL,PAY-ORD-GARDEN_CAFE-00653,PAY-ORD-GARDEN_CAFE-00653,MANUAL_REFERENCE,NOT_REQUIRED,"{""liveProvider"": false}"
nimbus,GARDEN_CAFE,ORD-GARDEN_CAFE-00654,19600.00,CASH,COMPLETED,cashier@nimbus.demo,MANUAL,PAY-ORD-GARDEN_CAFE-00654,PAY-ORD-GARDEN_CAFE-00654,MANUAL_REFERENCE,NOT_REQUIRED,"{""liveProvider"": false}"
nimbus,TAPAS_DOWNTOWN,ORD-TAPAS_DOWNTOWN-00661,94200.00,CASH,COMPLETED,cashier@nimbus.demo,MANUAL,PAY-ORD-TAPAS_DOWNTOWN-00661,PAY-ORD-TAPAS_DOWNTOWN-00661,MANUAL_REFERENCE,NOT_REQUIRED,"{""liveProvider"": false}"
nimbus,ROOFTOP_BAR,ORD-ROOFTOP_BAR-00662,37100.00,CASH,COMPLETED,cashier@nimbus.demo,MANUAL,PAY-ORD-ROOFTOP_BAR-00662,PAY-ORD-ROOFTOP_BAR-00662,MANUAL_REFERENCE,NOT_REQUIRED,"{""liveProvider"": false}"
nimbus,GARDEN_CAFE,ORD-GARDEN_CAFE-00663,160500.00,CARD,COMPLETED,cashier@nimbus.demo,CARD_STUB,PAY-ORD-GARDEN_CAFE-00663,PAY-ORD-GARDEN_CAFE-00663,MANUAL_REFERENCE,VERIFIED,"{""liveProvider"": false}"
nimbus,TAPAS_DOWNTOWN,ORD-TAPAS_DOWNTOWN-00665,129800.00,CARD,COMPLETED,cashier@nimbus.demo,CARD_STUB,PAY-ORD-TAPAS_DOWNTOWN-00665,PAY-ORD-TAPAS_DOWNTOWN-00665,MANUAL_REFERENCE,VERIFIED,"{""liveProvider"": false}"
nimbus,TAPAS_DOWNTOWN,ORD-TAPAS_DOWNTOWN-00666,284400.00,CARD,COMPLETED,cashier@nimbus.demo,CARD_STUB,PAY-ORD-TAPAS_DOWNTOWN-00666,PAY-ORD-TAPAS_DOWNTOWN-00666,MANUAL_REFERENCE,VERIFIED,"{""liveProvider"": false}"
nimbus,ROOFTOP_BAR,ORD-ROOFTOP_BAR-00667,80500.00,CASH,COMPLETED,cashier@nimbus.demo,MANUAL,PAY-ORD-ROOFTOP_BAR-00667,PAY-ORD-ROOFTOP_BAR-00667,MANUAL_REFERENCE,NOT_REQUIRED,"{""liveProvider"": false}"
nimbus,ROOFTOP_BAR,ORD-ROOFTOP_BAR-00668,179700.00,CASH,COMPLETED,cashier@nimbus.demo,MANUAL,PAY-ORD-ROOFTOP_BAR-00668,PAY-ORD-ROOFTOP_BAR-00668,MANUAL_REFERENCE,NOT_REQUIRED,"{""liveProvider"": false}"
nimbus,GARDEN_CAFE,ORD-GARDEN_CAFE-00670,173500.00,CASH,COMPLETED,cashier@nimbus.demo,MANUAL,PAY-ORD-GARDEN_CAFE-00670,PAY-ORD-GARDEN_CAFE-00670,MANUAL_REFERENCE,NOT_REQUIRED,"{""liveProvider"": false}"
nimbus,EVENTS_KITCHEN,ORD-EVENTS_KITCHEN-00671,157400.00,CARD,COMPLETED,cashier@nimbus.demo,CARD_STUB,PAY-ORD-EVENTS_KITCHEN-00671,PAY-ORD-EVENTS_KITCHEN-00671,MANUAL_REFERENCE,VERIFIED,"{""liveProvider"": false}"
nimbus,TAPAS_DOWNTOWN,ORD-TAPAS_DOWNTOWN-00674,40100.00,CASH,COMPLETED,cashier@nimbus.demo,MANUAL,PAY-ORD-TAPAS_DOWNTOWN-00674,PAY-ORD-TAPAS_DOWNTOWN-00674,MANUAL_REFERENCE,NOT_REQUIRED,"{""liveProvider"": false}"
nimbus,TAPAS_DOWNTOWN,ORD-TAPAS_DOWNTOWN-00675,106200.00,CARD,COMPLETED,cashier@nimbus.demo,CARD_STUB,PAY-ORD-TAPAS_DOWNTOWN-00675,PAY-ORD-TAPAS_DOWNTOWN-00675,MANUAL_REFERENCE,VERIFIED,"{""liveProvider"": false}"
nimbus,ROOFTOP_BAR,ORD-ROOFTOP_BAR-00678,142700.00,CASH,COMPLETED,cashier@nimbus.demo,MANUAL,PAY-ORD-ROOFTOP_BAR-00678,PAY-ORD-ROOFTOP_BAR-00678,MANUAL_REFERENCE,NOT_REQUIRED,"{""liveProvider"": false}"
nimbus,GARDEN_CAFE,ORD-GARDEN_CAFE-00679,45400.00,CASH,COMPLETED,cashier@nimbus.demo,MANUAL,PAY-ORD-GARDEN_CAFE-00679,PAY-ORD-GARDEN_CAFE-00679,MANUAL_REFERENCE,NOT_REQUIRED,"{""liveProvider"": false}"
nimbus,GARDEN_CAFE,ORD-GARDEN_CAFE-00680,38900.00,CARD,COMPLETED,cashier@nimbus.demo,CARD_STUB,PAY-ORD-GARDEN_CAFE-00680,PAY-ORD-GARDEN_CAFE-00680,MANUAL_REFERENCE,VERIFIED,"{""liveProvider"": false}"
nimbus,GARDEN_CAFE,ORD-GARDEN_CAFE-00681,209000.00,CASH,COMPLETED,cashier@nimbus.demo,MANUAL,PAY-ORD-GARDEN_CAFE-00681,PAY-ORD-GARDEN_CAFE-00681,MANUAL_REFERENCE,NOT_REQUIRED,"{""liveProvider"": false}"
nimbus,EVENTS_KITCHEN,ORD-EVENTS_KITCHEN-00682,157600.00,CASH,COMPLETED,cashier@nimbus.demo,MANUAL,PAY-ORD-EVENTS_KITCHEN-00682,PAY-ORD-EVENTS_KITCHEN-00682,MANUAL_REFERENCE,NOT_REQUIRED,"{""liveProvider"": false}"
nimbus,EVENTS_KITCHEN,ORD-EVENTS_KITCHEN-00683,89200.00,CARD,COMPLETED,cashier@nimbus.demo,CARD_STUB,PAY-ORD-EVENTS_KITCHEN-00683,PAY-ORD-EVENTS_KITCHEN-00683,MANUAL_REFERENCE,VERIFIED,"{""liveProvider"": false}"
nimbus,TAPAS_DOWNTOWN,ORD-TAPAS_DOWNTOWN-00685,38900.00,BANK_TRANSFER,COMPLETED,cashier@nimbus.demo,MANUAL,PAY-ORD-TAPAS_DOWNTOWN-00685,PAY-ORD-TAPAS_DOWNTOWN-00685,MANUAL_REFERENCE,VERIFIED,"{""liveProvider"": false}"
nimbus,TAPAS_DOWNTOWN,ORD-TAPAS_DOWNTOWN-00688,151000.00,CASH,COMPLETED,cashier@nimbus.demo,MANUAL,PAY-ORD-TAPAS_DOWNTOWN-00688,PAY-ORD-TAPAS_DOWNTOWN-00688,MANUAL_REFERENCE,NOT_REQUIRED,"{""liveProvider"": false}"
nimbus,ROOFTOP_BAR,ORD-ROOFTOP_BAR-00689,134400.00,CARD,COMPLETED,cashier@nimbus.demo,CARD_STUB,PAY-ORD-ROOFTOP_BAR-00689,PAY-ORD-ROOFTOP_BAR-00689,MANUAL_REFERENCE,VERIFIED,"{""liveProvider"": false}"
nimbus,ROOFTOP_BAR,ORD-ROOFTOP_BAR-00690,63500.00,CARD,COMPLETED,cashier@nimbus.demo,CARD_STUB,PAY-ORD-ROOFTOP_BAR-00690,PAY-ORD-ROOFTOP_BAR-00690,MANUAL_REFERENCE,VERIFIED,"{""liveProvider"": false}"
nimbus,ROOFTOP_BAR,ORD-ROOFTOP_BAR-00691,122400.00,CASH,COMPLETED,cashier@nimbus.demo,MANUAL,PAY-ORD-ROOFTOP_BAR-00691,PAY-ORD-ROOFTOP_BAR-00691,MANUAL_REFERENCE,NOT_REQUIRED,"{""liveProvider"": false}"
nimbus,GARDEN_CAFE,ORD-GARDEN_CAFE-00693,125800.00,CARD,COMPLETED,cashier@nimbus.demo,CARD_STUB,PAY-ORD-GARDEN_CAFE-00693,PAY-ORD-GARDEN_CAFE-00693,MANUAL_REFERENCE,VERIFIED,"{""liveProvider"": false}"
nimbus,GARDEN_CAFE,ORD-GARDEN_CAFE-00694,98900.00,CARD,COMPLETED,cashier@nimbus.demo,CARD_STUB,PAY-ORD-GARDEN_CAFE-00694,PAY-ORD-GARDEN_CAFE-00694,MANUAL_REFERENCE,VERIFIED,"{""liveProvider"": false}"
nimbus,GARDEN_CAFE,ORD-GARDEN_CAFE-00695,184700.00,CARD,COMPLETED,cashier@nimbus.demo,CARD_STUB,PAY-ORD-GARDEN_CAFE-00695,PAY-ORD-GARDEN_CAFE-00695,MANUAL_REFERENCE,VERIFIED,"{""liveProvider"": false}"
nimbus,GARDEN_CAFE,ORD-GARDEN_CAFE-00696,306000.00,CASH,COMPLETED,cashier@nimbus.demo,MANUAL,PAY-ORD-GARDEN_CAFE-00696,PAY-ORD-GARDEN_CAFE-00696,MANUAL_REFERENCE,NOT_REQUIRED,"{""liveProvider"": false}"
nimbus,EVENTS_KITCHEN,ORD-EVENTS_KITCHEN-00697,564000.00,CARD,COMPLETED,cashier@nimbus.demo,CARD_STUB,PAY-ORD-EVENTS_KITCHEN-00697,PAY-ORD-EVENTS_KITCHEN-00697,MANUAL_REFERENCE,VERIFIED,"{""liveProvider"": false}"
nimbus,EVENTS_KITCHEN,ORD-EVENTS_KITCHEN-00699,259400.00,CARD,COMPLETED,cashier@nimbus.demo,CARD_STUB,PAY-ORD-EVENTS_KITCHEN-00699,PAY-ORD-EVENTS_KITCHEN-00699,MANUAL_REFERENCE,VERIFIED,"{""liveProvider"": false}"
nimbus,TAPAS_DOWNTOWN,ORD-TAPAS_DOWNTOWN-00702,172300.00,CASH,COMPLETED,cashier@nimbus.demo,MANUAL,PAY-ORD-TAPAS_DOWNTOWN-00702,PAY-ORD-TAPAS_DOWNTOWN-00702,MANUAL_REFERENCE,NOT_REQUIRED,"{""liveProvider"": false}"
nimbus,TAPAS_DOWNTOWN,ORD-TAPAS_DOWNTOWN-00704,56600.00,CASH,COMPLETED,cashier@nimbus.demo,MANUAL,PAY-ORD-TAPAS_DOWNTOWN-00704,PAY-ORD-TAPAS_DOWNTOWN-00704,MANUAL_REFERENCE,NOT_REQUIRED,"{""liveProvider"": false}"
nimbus,TAPAS_DOWNTOWN,ORD-TAPAS_DOWNTOWN-00705,71700.00,CARD,COMPLETED,cashier@nimbus.demo,CARD_STUB,PAY-ORD-TAPAS_DOWNTOWN-00705,PAY-ORD-TAPAS_DOWNTOWN-00705,MANUAL_REFERENCE,VERIFIED,"{""liveProvider"": false}"
nimbus,ROOFTOP_BAR,ORD-ROOFTOP_BAR-00707,63500.00,CARD,COMPLETED,cashier@nimbus.demo,CARD_STUB,PAY-ORD-ROOFTOP_BAR-00707,PAY-ORD-ROOFTOP_BAR-00707,MANUAL_REFERENCE,VERIFIED,"{""liveProvider"": false}"
nimbus,ROOFTOP_BAR,ORD-ROOFTOP_BAR-00709,79300.00,CASH,COMPLETED,cashier@nimbus.demo,MANUAL,PAY-ORD-ROOFTOP_BAR-00709,PAY-ORD-ROOFTOP_BAR-00709,MANUAL_REFERENCE,NOT_REQUIRED,"{""liveProvider"": false}"
nimbus,ROOFTOP_BAR,ORD-ROOFTOP_BAR-00710,288400.00,CASH,COMPLETED,cashier@nimbus.demo,MANUAL,PAY-ORD-ROOFTOP_BAR-00710,PAY-ORD-ROOFTOP_BAR-00710,MANUAL_REFERENCE,NOT_REQUIRED,"{""liveProvider"": false}"
nimbus,GARDEN_CAFE,ORD-GARDEN_CAFE-00712,116200.00,CARD,COMPLETED,cashier@nimbus.demo,CARD_STUB,PAY-ORD-GARDEN_CAFE-00712,PAY-ORD-GARDEN_CAFE-00712,MANUAL_REFERENCE,VERIFIED,"{""liveProvider"": false}"
nimbus,EVENTS_KITCHEN,ORD-EVENTS_KITCHEN-00716,80700.00,CARD,COMPLETED,cashier@nimbus.demo,CARD_STUB,PAY-ORD-EVENTS_KITCHEN-00716,PAY-ORD-EVENTS_KITCHEN-00716,MANUAL_REFERENCE,VERIFIED,"{""liveProvider"": false}"
nimbus,EVENTS_KITCHEN,ORD-EVENTS_KITCHEN-00717,121100.00,CASH,COMPLETED,cashier@nimbus.demo,MANUAL,PAY-ORD-EVENTS_KITCHEN-00717,PAY-ORD-EVENTS_KITCHEN-00717,MANUAL_REFERENCE,NOT_REQUIRED,"{""liveProvider"": false}"
nimbus,EVENTS_KITCHEN,ORD-EVENTS_KITCHEN-00718,203900.00,CASH,COMPLETED,cashier@nimbus.demo,MANUAL,PAY-ORD-EVENTS_KITCHEN-00718,PAY-ORD-EVENTS_KITCHEN-00718,MANUAL_REFERENCE,NOT_REQUIRED,"{""liveProvider"": false}"
nimbus,EVENTS_KITCHEN,ORD-EVENTS_KITCHEN-00719,348200.00,CASH,COMPLETED,cashier@nimbus.demo,MANUAL,PAY-ORD-EVENTS_KITCHEN-00719,PAY-ORD-EVENTS_KITCHEN-00719,MANUAL_REFERENCE,NOT_REQUIRED,"{""liveProvider"": false}"
nimbus,EVENTS_KITCHEN,ORD-EVENTS_KITCHEN-00720,61400.00,BANK_TRANSFER,COMPLETED,cashier@nimbus.demo,MANUAL,PAY-ORD-EVENTS_KITCHEN-00720,PAY-ORD-EVENTS_KITCHEN-00720,MANUAL_REFERENCE,VERIFIED,"{""liveProvider"": false}"
nimbus,TAPAS_DOWNTOWN,ORD-TAPAS_DOWNTOWN-00725,247800.00,CASH,COMPLETED,cashier@nimbus.demo,MANUAL,PAY-ORD-TAPAS_DOWNTOWN-00725,PAY-ORD-TAPAS_DOWNTOWN-00725,MANUAL_REFERENCE,NOT_REQUIRED,"{""liveProvider"": false}"
nimbus,ROOFTOP_BAR,ORD-ROOFTOP_BAR-00728,37800.00,CASH,COMPLETED,cashier@nimbus.demo,MANUAL,PAY-ORD-ROOFTOP_BAR-00728,PAY-ORD-ROOFTOP_BAR-00728,MANUAL_REFERENCE,NOT_REQUIRED,"{""liveProvider"": false}"
nimbus,GARDEN_CAFE,ORD-GARDEN_CAFE-00729,112800.00,CARD,COMPLETED,cashier@nimbus.demo,CARD_STUB,PAY-ORD-GARDEN_CAFE-00729,PAY-ORD-GARDEN_CAFE-00729,MANUAL_REFERENCE,VERIFIED,"{""liveProvider"": false}"
nimbus,EVENTS_KITCHEN,ORD-EVENTS_KITCHEN-00731,250500.00,BANK_TRANSFER,COMPLETED,cashier@nimbus.demo,MANUAL,PAY-ORD-EVENTS_KITCHEN-00731,PAY-ORD-EVENTS_KITCHEN-00731,MANUAL_REFERENCE,VERIFIED,"{""liveProvider"": false}"
nimbus,EVENTS_KITCHEN,ORD-EVENTS_KITCHEN-00732,325700.00,CASH,COMPLETED,cashier@nimbus.demo,MANUAL,PAY-ORD-EVENTS_KITCHEN-00732,PAY-ORD-EVENTS_KITCHEN-00732,MANUAL_REFERENCE,NOT_REQUIRED,"{""liveProvider"": false}"
nimbus,TAPAS_DOWNTOWN,ORD-TAPAS_DOWNTOWN-00735,61400.00,CASH,COMPLETED,cashier@nimbus.demo,MANUAL,PAY-ORD-TAPAS_DOWNTOWN-00735,PAY-ORD-TAPAS_DOWNTOWN-00735,MANUAL_REFERENCE,NOT_REQUIRED,"{""liveProvider"": false}"
nimbus,ROOFTOP_BAR,ORD-ROOFTOP_BAR-00736,184400.00,CARD,COMPLETED,cashier@nimbus.demo,CARD_STUB,PAY-ORD-ROOFTOP_BAR-00736,PAY-ORD-ROOFTOP_BAR-00736,MANUAL_REFERENCE,VERIFIED,"{""liveProvider"": false}"
nimbus,GARDEN_CAFE,ORD-GARDEN_CAFE-00739,58600.00,CARD,COMPLETED,cashier@nimbus.demo,CARD_STUB,PAY-ORD-GARDEN_CAFE-00739,PAY-ORD-GARDEN_CAFE-00739,MANUAL_REFERENCE,VERIFIED,"{""liveProvider"": false}"
nimbus,GARDEN_CAFE,ORD-GARDEN_CAFE-00740,108400.00,CASH,COMPLETED,cashier@nimbus.demo,MANUAL,PAY-ORD-GARDEN_CAFE-00740,PAY-ORD-GARDEN_CAFE-00740,MANUAL_REFERENCE,NOT_REQUIRED,"{""liveProvider"": false}"
nimbus,GARDEN_CAFE,ORD-GARDEN_CAFE-00741,29400.00,CASH,COMPLETED,cashier@nimbus.demo,MANUAL,PAY-ORD-GARDEN_CAFE-00741,PAY-ORD-GARDEN_CAFE-00741,MANUAL_REFERENCE,NOT_REQUIRED,"{""liveProvider"": false}"
nimbus,EVENTS_KITCHEN,ORD-EVENTS_KITCHEN-00742,464000.00,CARD,COMPLETED,cashier@nimbus.demo,CARD_STUB,PAY-ORD-EVENTS_KITCHEN-00742,PAY-ORD-EVENTS_KITCHEN-00742,MANUAL_REFERENCE,VERIFIED,"{""liveProvider"": false}"
nimbus,EVENTS_KITCHEN,ORD-EVENTS_KITCHEN-00744,137400.00,CARD,COMPLETED,cashier@nimbus.demo,CARD_STUB,PAY-ORD-EVENTS_KITCHEN-00744,PAY-ORD-EVENTS_KITCHEN-00744,MANUAL_REFERENCE,VERIFIED,"{""liveProvider"": false}"
nimbus,TAPAS_DOWNTOWN,ORD-TAPAS_DOWNTOWN-00745,112100.00,CASH,COMPLETED,cashier@nimbus.demo,MANUAL,PAY-ORD-TAPAS_DOWNTOWN-00745,PAY-ORD-TAPAS_DOWNTOWN-00745,MANUAL_REFERENCE,NOT_REQUIRED,"{""liveProvider"": false}"
nimbus,TAPAS_DOWNTOWN,ORD-TAPAS_DOWNTOWN-00746,169900.00,CARD,COMPLETED,cashier@nimbus.demo,CARD_STUB,PAY-ORD-TAPAS_DOWNTOWN-00746,PAY-ORD-TAPAS_DOWNTOWN-00746,MANUAL_REFERENCE,VERIFIED,"{""liveProvider"": false}"
nimbus,TAPAS_DOWNTOWN,ORD-TAPAS_DOWNTOWN-00747,165200.00,CASH,COMPLETED,cashier@nimbus.demo,MANUAL,PAY-ORD-TAPAS_DOWNTOWN-00747,PAY-ORD-TAPAS_DOWNTOWN-00747,MANUAL_REFERENCE,NOT_REQUIRED,"{""liveProvider"": false}"
nimbus,TAPAS_DOWNTOWN,ORD-TAPAS_DOWNTOWN-00748,66100.00,BANK_TRANSFER,COMPLETED,cashier@nimbus.demo,MANUAL,PAY-ORD-TAPAS_DOWNTOWN-00748,PAY-ORD-TAPAS_DOWNTOWN-00748,MANUAL_REFERENCE,VERIFIED,"{""liveProvider"": false}"
nimbus,ROOFTOP_BAR,ORD-ROOFTOP_BAR-00749,31600.00,CARD,COMPLETED,cashier@nimbus.demo,CARD_STUB,PAY-ORD-ROOFTOP_BAR-00749,PAY-ORD-ROOFTOP_BAR-00749,MANUAL_REFERENCE,VERIFIED,"{""liveProvider"": false}"
nimbus,ROOFTOP_BAR,ORD-ROOFTOP_BAR-00750,212800.00,CASH,COMPLETED,cashier@nimbus.demo,MANUAL,PAY-ORD-ROOFTOP_BAR-00750,PAY-ORD-ROOFTOP_BAR-00750,MANUAL_REFERENCE,NOT_REQUIRED,"{""liveProvider"": false}"
nimbus,GARDEN_CAFE,ORD-GARDEN_CAFE-00753,150200.00,CARD,COMPLETED,cashier@nimbus.demo,CARD_STUB,PAY-ORD-GARDEN_CAFE-00753,PAY-ORD-GARDEN_CAFE-00753,MANUAL_REFERENCE,VERIFIED,"{""liveProvider"": false}"
nimbus,GARDEN_CAFE,ORD-GARDEN_CAFE-00754,87600.00,CASH,COMPLETED,cashier@nimbus.demo,MANUAL,PAY-ORD-GARDEN_CAFE-00754,PAY-ORD-GARDEN_CAFE-00754,MANUAL_REFERENCE,NOT_REQUIRED,"{""liveProvider"": false}"
nimbus,EVENTS_KITCHEN,ORD-EVENTS_KITCHEN-00757,119700.00,CARD,COMPLETED,cashier@nimbus.demo,CARD_STUB,PAY-ORD-EVENTS_KITCHEN-00757,PAY-ORD-EVENTS_KITCHEN-00757,MANUAL_REFERENCE,VERIFIED,"{""liveProvider"": false}"
nimbus,EVENTS_KITCHEN,ORD-EVENTS_KITCHEN-00758,410500.00,CASH,COMPLETED,cashier@nimbus.demo,MANUAL,PAY-ORD-EVENTS_KITCHEN-00758,PAY-ORD-EVENTS_KITCHEN-00758,MANUAL_REFERENCE,NOT_REQUIRED,"{""liveProvider"": false}"
nimbus,EVENTS_KITCHEN,ORD-EVENTS_KITCHEN-00759,164300.00,CASH,COMPLETED,cashier@nimbus.demo,MANUAL,PAY-ORD-EVENTS_KITCHEN-00759,PAY-ORD-EVENTS_KITCHEN-00759,MANUAL_REFERENCE,NOT_REQUIRED,"{""liveProvider"": false}"
nimbus,TAPAS_DOWNTOWN,ORD-TAPAS_DOWNTOWN-00761,155800.00,CASH,COMPLETED,cashier@nimbus.demo,MANUAL,PAY-ORD-TAPAS_DOWNTOWN-00761,PAY-ORD-TAPAS_DOWNTOWN-00761,MANUAL_REFERENCE,NOT_REQUIRED,"{""liveProvider"": false}"
nimbus,TAPAS_DOWNTOWN,ORD-TAPAS_DOWNTOWN-00764,198200.00,CASH,COMPLETED,cashier@nimbus.demo,MANUAL,PAY-ORD-TAPAS_DOWNTOWN-00764,PAY-ORD-TAPAS_DOWNTOWN-00764,MANUAL_REFERENCE,NOT_REQUIRED,"{""liveProvider"": false}"
nimbus,TAPAS_DOWNTOWN,ORD-TAPAS_DOWNTOWN-00765,233600.00,CARD,COMPLETED,cashier@nimbus.demo,CARD_STUB,PAY-ORD-TAPAS_DOWNTOWN-00765,PAY-ORD-TAPAS_DOWNTOWN-00765,MANUAL_REFERENCE,VERIFIED,"{""liveProvider"": false}"
nimbus,ROOFTOP_BAR,ORD-ROOFTOP_BAR-00766,187400.00,CASH,COMPLETED,cashier@nimbus.demo,MANUAL,PAY-ORD-ROOFTOP_BAR-00766,PAY-ORD-ROOFTOP_BAR-00766,MANUAL_REFERENCE,NOT_REQUIRED,"{""liveProvider"": false}"
nimbus,ROOFTOP_BAR,ORD-ROOFTOP_BAR-00767,43700.00,CASH,COMPLETED,cashier@nimbus.demo,MANUAL,PAY-ORD-ROOFTOP_BAR-00767,PAY-ORD-ROOFTOP_BAR-00767,MANUAL_REFERENCE,NOT_REQUIRED,"{""liveProvider"": false}"
nimbus,ROOFTOP_BAR,ORD-ROOFTOP_BAR-00768,189000.00,CARD,COMPLETED,cashier@nimbus.demo,CARD_STUB,PAY-ORD-ROOFTOP_BAR-00768,PAY-ORD-ROOFTOP_BAR-00768,MANUAL_REFERENCE,VERIFIED,"{""liveProvider"": false}"
nimbus,ROOFTOP_BAR,ORD-ROOFTOP_BAR-00770,196100.00,CARD,COMPLETED,cashier@nimbus.demo,CARD_STUB,PAY-ORD-ROOFTOP_BAR-00770,PAY-ORD-ROOFTOP_BAR-00770,MANUAL_REFERENCE,VERIFIED,"{""liveProvider"": false}"
nimbus,GARDEN_CAFE,ORD-GARDEN_CAFE-00773,122200.00,CASH,COMPLETED,cashier@nimbus.demo,MANUAL,PAY-ORD-GARDEN_CAFE-00773,PAY-ORD-GARDEN_CAFE-00773,MANUAL_REFERENCE,NOT_REQUIRED,"{""liveProvider"": false}"
nimbus,GARDEN_CAFE,ORD-GARDEN_CAFE-00774,76000.00,CARD,COMPLETED,cashier@nimbus.demo,CARD_STUB,PAY-ORD-GARDEN_CAFE-00774,PAY-ORD-GARDEN_CAFE-00774,MANUAL_REFERENCE,VERIFIED,"{""liveProvider"": false}"
nimbus,EVENTS_KITCHEN,ORD-EVENTS_KITCHEN-00776,58500.00,CARD,COMPLETED,cashier@nimbus.demo,CARD_STUB,PAY-ORD-EVENTS_KITCHEN-00776,PAY-ORD-EVENTS_KITCHEN-00776,MANUAL_REFERENCE,VERIFIED,"{""liveProvider"": false}"
nimbus,EVENTS_KITCHEN,ORD-EVENTS_KITCHEN-00777,111400.00,CASH,COMPLETED,cashier@nimbus.demo,MANUAL,PAY-ORD-EVENTS_KITCHEN-00777,PAY-ORD-EVENTS_KITCHEN-00777,MANUAL_REFERENCE,NOT_REQUIRED,"{""liveProvider"": false}"
nimbus,EVENTS_KITCHEN,ORD-EVENTS_KITCHEN-00778,375900.00,CASH,COMPLETED,cashier@nimbus.demo,MANUAL,PAY-ORD-EVENTS_KITCHEN-00778,PAY-ORD-EVENTS_KITCHEN-00778,MANUAL_REFERENCE,NOT_REQUIRED,"{""liveProvider"": false}"
nimbus,EVENTS_KITCHEN,ORD-EVENTS_KITCHEN-00779,1024600.00,CARD,COMPLETED,cashier@nimbus.demo,CARD_STUB,PAY-ORD-EVENTS_KITCHEN-00779,PAY-ORD-EVENTS_KITCHEN-00779,MANUAL_REFERENCE,VERIFIED,"{""liveProvider"": false}"
nimbus,EVENTS_KITCHEN,ORD-EVENTS_KITCHEN-00780,209200.00,CARD,COMPLETED,cashier@nimbus.demo,CARD_STUB,PAY-ORD-EVENTS_KITCHEN-00780,PAY-ORD-EVENTS_KITCHEN-00780,MANUAL_REFERENCE,VERIFIED,"{""liveProvider"": false}"
nimbus,TAPAS_DOWNTOWN,ORD-TAPAS_DOWNTOWN-00781,103800.00,CASH,COMPLETED,cashier@nimbus.demo,MANUAL,PAY-ORD-TAPAS_DOWNTOWN-00781,PAY-ORD-TAPAS_DOWNTOWN-00781,MANUAL_REFERENCE,NOT_REQUIRED,"{""liveProvider"": false}"
nimbus,GARDEN_CAFE,ORD-GARDEN_CAFE-00783,131000.00,CARD,COMPLETED,cashier@nimbus.demo,CARD_STUB,PAY-ORD-GARDEN_CAFE-00783,PAY-ORD-GARDEN_CAFE-00783,MANUAL_REFERENCE,VERIFIED,"{""liveProvider"": false}"
nimbus,EVENTS_KITCHEN,ORD-EVENTS_KITCHEN-00784,404600.00,CARD,COMPLETED,cashier@nimbus.demo,CARD_STUB,PAY-ORD-EVENTS_KITCHEN-00784,PAY-ORD-EVENTS_KITCHEN-00784,MANUAL_REFERENCE,VERIFIED,"{""liveProvider"": false}"
nimbus,TAPAS_DOWNTOWN,ORD-TAPAS_DOWNTOWN-00785,11800.00,CARD,COMPLETED,cashier@nimbus.demo,CARD_STUB,PAY-ORD-TAPAS_DOWNTOWN-00785,PAY-ORD-TAPAS_DOWNTOWN-00785,MANUAL_REFERENCE,VERIFIED,"{""liveProvider"": false}"
nimbus,TAPAS_DOWNTOWN,ORD-TAPAS_DOWNTOWN-00786,336300.00,CARD,COMPLETED,cashier@nimbus.demo,CARD_STUB,PAY-ORD-TAPAS_DOWNTOWN-00786,PAY-ORD-TAPAS_DOWNTOWN-00786,MANUAL_REFERENCE,VERIFIED,"{""liveProvider"": false}"
nimbus,ROOFTOP_BAR,ORD-ROOFTOP_BAR-00787,221800.00,BANK_TRANSFER,COMPLETED,cashier@nimbus.demo,MANUAL,PAY-ORD-ROOFTOP_BAR-00787,PAY-ORD-ROOFTOP_BAR-00787,MANUAL_REFERENCE,VERIFIED,"{""liveProvider"": false}"
nimbus,GARDEN_CAFE,ORD-GARDEN_CAFE-00790,105500.00,CASH,COMPLETED,cashier@nimbus.demo,MANUAL,PAY-ORD-GARDEN_CAFE-00790,PAY-ORD-GARDEN_CAFE-00790,MANUAL_REFERENCE,NOT_REQUIRED,"{""liveProvider"": false}"
nimbus,TAPAS_DOWNTOWN,ORD-TAPAS_DOWNTOWN-00793,28300.00,CASH,COMPLETED,cashier@nimbus.demo,MANUAL,PAY-ORD-TAPAS_DOWNTOWN-00793,PAY-ORD-TAPAS_DOWNTOWN-00793,MANUAL_REFERENCE,NOT_REQUIRED,"{""liveProvider"": false}"
nimbus,TAPAS_DOWNTOWN,ORD-TAPAS_DOWNTOWN-00794,70800.00,CARD,COMPLETED,cashier@nimbus.demo,CARD_STUB,PAY-ORD-TAPAS_DOWNTOWN-00794,PAY-ORD-TAPAS_DOWNTOWN-00794,MANUAL_REFERENCE,VERIFIED,"{""liveProvider"": false}"
nimbus,TAPAS_DOWNTOWN,ORD-TAPAS_DOWNTOWN-00795,29100.00,CARD,COMPLETED,cashier@nimbus.demo,CARD_STUB,PAY-ORD-TAPAS_DOWNTOWN-00795,PAY-ORD-TAPAS_DOWNTOWN-00795,MANUAL_REFERENCE,VERIFIED,"{""liveProvider"": false}"
nimbus,ROOFTOP_BAR,ORD-ROOFTOP_BAR-00796,186400.00,CASH,COMPLETED,cashier@nimbus.demo,MANUAL,PAY-ORD-ROOFTOP_BAR-00796,PAY-ORD-ROOFTOP_BAR-00796,MANUAL_REFERENCE,NOT_REQUIRED,"{""liveProvider"": false}"
nimbus,ROOFTOP_BAR,ORD-ROOFTOP_BAR-00797,84600.00,CARD,COMPLETED,cashier@nimbus.demo,CARD_STUB,PAY-ORD-ROOFTOP_BAR-00797,PAY-ORD-ROOFTOP_BAR-00797,MANUAL_REFERENCE,VERIFIED,"{""liveProvider"": false}"
nimbus,ROOFTOP_BAR,ORD-ROOFTOP_BAR-00798,70800.00,BANK_TRANSFER,COMPLETED,cashier@nimbus.demo,MANUAL,PAY-ORD-ROOFTOP_BAR-00798,PAY-ORD-ROOFTOP_BAR-00798,MANUAL_REFERENCE,VERIFIED,"{""liveProvider"": false}"
nimbus,GARDEN_CAFE,ORD-GARDEN_CAFE-00799,37800.00,CASH,COMPLETED,cashier@nimbus.demo,MANUAL,PAY-ORD-GARDEN_CAFE-00799,PAY-ORD-GARDEN_CAFE-00799,MANUAL_REFERENCE,NOT_REQUIRED,"{""liveProvider"": false}"
nimbus,GARDEN_CAFE,ORD-GARDEN_CAFE-00800,10900.00,CARD,COMPLETED,cashier@nimbus.demo,CARD_STUB,PAY-ORD-GARDEN_CAFE-00800,PAY-ORD-GARDEN_CAFE-00800,MANUAL_REFERENCE,VERIFIED,"{""liveProvider"": false}"
nimbus,EVENTS_KITCHEN,ORD-EVENTS_KITCHEN-00803,99400.00,CARD,COMPLETED,cashier@nimbus.demo,CARD_STUB,PAY-ORD-EVENTS_KITCHEN-00803,PAY-ORD-EVENTS_KITCHEN-00803,MANUAL_REFERENCE,VERIFIED,"{""liveProvider"": false}"
nimbus,TAPAS_DOWNTOWN,ORD-TAPAS_DOWNTOWN-00805,332800.00,CASH,COMPLETED,cashier@nimbus.demo,MANUAL,PAY-ORD-TAPAS_DOWNTOWN-00805,PAY-ORD-TAPAS_DOWNTOWN-00805,MANUAL_REFERENCE,NOT_REQUIRED,"{""liveProvider"": false}"
nimbus,TAPAS_DOWNTOWN,ORD-TAPAS_DOWNTOWN-00806,49600.00,CARD,COMPLETED,cashier@nimbus.demo,CARD_STUB,PAY-ORD-TAPAS_DOWNTOWN-00806,PAY-ORD-TAPAS_DOWNTOWN-00806,MANUAL_REFERENCE,VERIFIED,"{""liveProvider"": false}"
nimbus,TAPAS_DOWNTOWN,ORD-TAPAS_DOWNTOWN-00808,175800.00,CARD,COMPLETED,cashier@nimbus.demo,CARD_STUB,PAY-ORD-TAPAS_DOWNTOWN-00808,PAY-ORD-TAPAS_DOWNTOWN-00808,MANUAL_REFERENCE,VERIFIED,"{""liveProvider"": false}"
nimbus,ROOFTOP_BAR,ORD-ROOFTOP_BAR-00809,166700.00,BANK_TRANSFER,COMPLETED,cashier@nimbus.demo,MANUAL,PAY-ORD-ROOFTOP_BAR-00809,PAY-ORD-ROOFTOP_BAR-00809,MANUAL_REFERENCE,VERIFIED,"{""liveProvider"": false}"
nimbus,ROOFTOP_BAR,ORD-ROOFTOP_BAR-00810,71700.00,CARD,COMPLETED,cashier@nimbus.demo,CARD_STUB,PAY-ORD-ROOFTOP_BAR-00810,PAY-ORD-ROOFTOP_BAR-00810,MANUAL_REFERENCE,VERIFIED,"{""liveProvider"": false}"
nimbus,ROOFTOP_BAR,ORD-ROOFTOP_BAR-00811,123000.00,CASH,COMPLETED,cashier@nimbus.demo,MANUAL,PAY-ORD-ROOFTOP_BAR-00811,PAY-ORD-ROOFTOP_BAR-00811,MANUAL_REFERENCE,NOT_REQUIRED,"{""liveProvider"": false}"
nimbus,ROOFTOP_BAR,ORD-ROOFTOP_BAR-00812,55100.00,CARD,COMPLETED,cashier@nimbus.demo,CARD_STUB,PAY-ORD-ROOFTOP_BAR-00812,PAY-ORD-ROOFTOP_BAR-00812,MANUAL_REFERENCE,VERIFIED,"{""liveProvider"": false}"
nimbus,GARDEN_CAFE,ORD-GARDEN_CAFE-00813,351500.00,CASH,COMPLETED,cashier@nimbus.demo,MANUAL,PAY-ORD-GARDEN_CAFE-00813,PAY-ORD-GARDEN_CAFE-00813,MANUAL_REFERENCE,NOT_REQUIRED,"{""liveProvider"": false}"
nimbus,GARDEN_CAFE,ORD-GARDEN_CAFE-00814,218500.00,CASH,COMPLETED,cashier@nimbus.demo,MANUAL,PAY-ORD-GARDEN_CAFE-00814,PAY-ORD-GARDEN_CAFE-00814,MANUAL_REFERENCE,NOT_REQUIRED,"{""liveProvider"": false}"
nimbus,EVENTS_KITCHEN,ORD-EVENTS_KITCHEN-00817,206500.00,CASH,COMPLETED,cashier@nimbus.demo,MANUAL,PAY-ORD-EVENTS_KITCHEN-00817,PAY-ORD-EVENTS_KITCHEN-00817,MANUAL_REFERENCE,NOT_REQUIRED,"{""liveProvider"": false}"
nimbus,EVENTS_KITCHEN,ORD-EVENTS_KITCHEN-00819,484600.00,CARD,COMPLETED,cashier@nimbus.demo,CARD_STUB,PAY-ORD-EVENTS_KITCHEN-00819,PAY-ORD-EVENTS_KITCHEN-00819,MANUAL_REFERENCE,VERIFIED,"{""liveProvider"": false}"
nimbus,TAPAS_DOWNTOWN,ORD-TAPAS_DOWNTOWN-00821,198200.00,BANK_TRANSFER,COMPLETED,cashier@nimbus.demo,MANUAL,PAY-ORD-TAPAS_DOWNTOWN-00821,PAY-ORD-TAPAS_DOWNTOWN-00821,MANUAL_REFERENCE,VERIFIED,"{""liveProvider"": false}"
nimbus,TAPAS_DOWNTOWN,ORD-TAPAS_DOWNTOWN-00823,233600.00,CARD,COMPLETED,cashier@nimbus.demo,CARD_STUB,PAY-ORD-TAPAS_DOWNTOWN-00823,PAY-ORD-TAPAS_DOWNTOWN-00823,MANUAL_REFERENCE,VERIFIED,"{""liveProvider"": false}"
nimbus,GARDEN_CAFE,ORD-GARDEN_CAFE-00831,85400.00,CARD,COMPLETED,cashier@nimbus.demo,CARD_STUB,PAY-ORD-GARDEN_CAFE-00831,PAY-ORD-GARDEN_CAFE-00831,MANUAL_REFERENCE,VERIFIED,"{""liveProvider"": false}"
nimbus,GARDEN_CAFE,ORD-GARDEN_CAFE-00832,15200.00,BANK_TRANSFER,COMPLETED,cashier@nimbus.demo,MANUAL,PAY-ORD-GARDEN_CAFE-00832,PAY-ORD-GARDEN_CAFE-00832,MANUAL_REFERENCE,VERIFIED,"{""liveProvider"": false}"
nimbus,GARDEN_CAFE,ORD-GARDEN_CAFE-00834,45500.00,CASH,COMPLETED,cashier@nimbus.demo,MANUAL,PAY-ORD-GARDEN_CAFE-00834,PAY-ORD-GARDEN_CAFE-00834,MANUAL_REFERENCE,NOT_REQUIRED,"{""liveProvider"": false}"
nimbus,GARDEN_CAFE,ORD-GARDEN_CAFE-00835,134500.00,CASH,COMPLETED,cashier@nimbus.demo,MANUAL,PAY-ORD-GARDEN_CAFE-00835,PAY-ORD-GARDEN_CAFE-00835,MANUAL_REFERENCE,NOT_REQUIRED,"{""liveProvider"": false}"
nimbus,EVENTS_KITCHEN,ORD-EVENTS_KITCHEN-00836,119100.00,CASH,COMPLETED,cashier@nimbus.demo,MANUAL,PAY-ORD-EVENTS_KITCHEN-00836,PAY-ORD-EVENTS_KITCHEN-00836,MANUAL_REFERENCE,NOT_REQUIRED,"{""liveProvider"": false}"
nimbus,EVENTS_KITCHEN,ORD-EVENTS_KITCHEN-00837,16800.00,CARD,COMPLETED,cashier@nimbus.demo,CARD_STUB,PAY-ORD-EVENTS_KITCHEN-00837,PAY-ORD-EVENTS_KITCHEN-00837,MANUAL_REFERENCE,VERIFIED,"{""liveProvider"": false}"
nimbus,EVENTS_KITCHEN,ORD-EVENTS_KITCHEN-00838,199200.00,CASH,COMPLETED,cashier@nimbus.demo,MANUAL,PAY-ORD-EVENTS_KITCHEN-00838,PAY-ORD-EVENTS_KITCHEN-00838,MANUAL_REFERENCE,NOT_REQUIRED,"{""liveProvider"": false}"
nimbus,EVENTS_KITCHEN,ORD-EVENTS_KITCHEN-00840,217100.00,CARD,COMPLETED,cashier@nimbus.demo,CARD_STUB,PAY-ORD-EVENTS_KITCHEN-00840,PAY-ORD-EVENTS_KITCHEN-00840,MANUAL_REFERENCE,VERIFIED,"{""liveProvider"": false}"
nimbus,GARDEN_CAFE,ORD-GARDEN_CAFE-00843,88100.00,CARD,COMPLETED,cashier@nimbus.demo,CARD_STUB,PAY-ORD-GARDEN_CAFE-00843,PAY-ORD-GARDEN_CAFE-00843,MANUAL_REFERENCE,VERIFIED,"{""liveProvider"": false}"
nimbus,TAPAS_DOWNTOWN,ORD-TAPAS_DOWNTOWN-00846,85000.00,CASH,COMPLETED,cashier@nimbus.demo,MANUAL,PAY-ORD-TAPAS_DOWNTOWN-00846,PAY-ORD-TAPAS_DOWNTOWN-00846,MANUAL_REFERENCE,NOT_REQUIRED,"{""liveProvider"": false}"
nimbus,ROOFTOP_BAR,ORD-ROOFTOP_BAR-00848,31600.00,CASH,COMPLETED,cashier@nimbus.demo,MANUAL,PAY-ORD-ROOFTOP_BAR-00848,PAY-ORD-ROOFTOP_BAR-00848,MANUAL_REFERENCE,NOT_REQUIRED,"{""liveProvider"": false}"
nimbus,EVENTS_KITCHEN,ORD-EVENTS_KITCHEN-00851,323100.00,CASH,COMPLETED,cashier@nimbus.demo,MANUAL,PAY-ORD-EVENTS_KITCHEN-00851,PAY-ORD-EVENTS_KITCHEN-00851,MANUAL_REFERENCE,NOT_REQUIRED,"{""liveProvider"": false}"
nimbus,EVENTS_KITCHEN,ORD-EVENTS_KITCHEN-00852,188100.00,CASH,COMPLETED,cashier@nimbus.demo,MANUAL,PAY-ORD-EVENTS_KITCHEN-00852,PAY-ORD-EVENTS_KITCHEN-00852,MANUAL_REFERENCE,NOT_REQUIRED,"{""liveProvider"": false}"
nimbus,TAPAS_DOWNTOWN,ORD-TAPAS_DOWNTOWN-00853,265500.00,BANK_TRANSFER,COMPLETED,cashier@nimbus.demo,MANUAL,PAY-ORD-TAPAS_DOWNTOWN-00853,PAY-ORD-TAPAS_DOWNTOWN-00853,MANUAL_REFERENCE,VERIFIED,"{""liveProvider"": false}"
nimbus,TAPAS_DOWNTOWN,ORD-TAPAS_DOWNTOWN-00854,139200.00,CARD,COMPLETED,cashier@nimbus.demo,CARD_STUB,PAY-ORD-TAPAS_DOWNTOWN-00854,PAY-ORD-TAPAS_DOWNTOWN-00854,MANUAL_REFERENCE,VERIFIED,"{""liveProvider"": false}"
nimbus,TAPAS_DOWNTOWN,ORD-TAPAS_DOWNTOWN-00855,231300.00,CASH,COMPLETED,cashier@nimbus.demo,MANUAL,PAY-ORD-TAPAS_DOWNTOWN-00855,PAY-ORD-TAPAS_DOWNTOWN-00855,MANUAL_REFERENCE,NOT_REQUIRED,"{""liveProvider"": false}"
nimbus,ROOFTOP_BAR,ORD-ROOFTOP_BAR-00856,92900.00,CASH,COMPLETED,cashier@nimbus.demo,MANUAL,PAY-ORD-ROOFTOP_BAR-00856,PAY-ORD-ROOFTOP_BAR-00856,MANUAL_REFERENCE,NOT_REQUIRED,"{""liveProvider"": false}"
nimbus,GARDEN_CAFE,ORD-GARDEN_CAFE-00859,366500.00,CARD,COMPLETED,cashier@nimbus.demo,CARD_STUB,PAY-ORD-GARDEN_CAFE-00859,PAY-ORD-GARDEN_CAFE-00859,MANUAL_REFERENCE,VERIFIED,"{""liveProvider"": false}"
nimbus,GARDEN_CAFE,ORD-GARDEN_CAFE-00860,99100.00,CASH,COMPLETED,cashier@nimbus.demo,MANUAL,PAY-ORD-GARDEN_CAFE-00860,PAY-ORD-GARDEN_CAFE-00860,MANUAL_REFERENCE,NOT_REQUIRED,"{""liveProvider"": false}"
nimbus,GARDEN_CAFE,ORD-GARDEN_CAFE-00861,330900.00,CASH,COMPLETED,cashier@nimbus.demo,MANUAL,PAY-ORD-GARDEN_CAFE-00861,PAY-ORD-GARDEN_CAFE-00861,MANUAL_REFERENCE,NOT_REQUIRED,"{""liveProvider"": false}"
nimbus,EVENTS_KITCHEN,ORD-EVENTS_KITCHEN-00863,92000.00,CASH,COMPLETED,cashier@nimbus.demo,MANUAL,PAY-ORD-EVENTS_KITCHEN-00863,PAY-ORD-EVENTS_KITCHEN-00863,MANUAL_REFERENCE,NOT_REQUIRED,"{""liveProvider"": false}"
nimbus,EVENTS_KITCHEN,ORD-EVENTS_KITCHEN-00864,156000.00,CASH,COMPLETED,cashier@nimbus.demo,MANUAL,PAY-ORD-EVENTS_KITCHEN-00864,PAY-ORD-EVENTS_KITCHEN-00864,MANUAL_REFERENCE,NOT_REQUIRED,"{""liveProvider"": false}"
nimbus,TAPAS_DOWNTOWN,ORD-TAPAS_DOWNTOWN-00865,141600.00,BANK_TRANSFER,COMPLETED,cashier@nimbus.demo,MANUAL,PAY-ORD-TAPAS_DOWNTOWN-00865,PAY-ORD-TAPAS_DOWNTOWN-00865,MANUAL_REFERENCE,VERIFIED,"{""liveProvider"": false}"
nimbus,TAPAS_DOWNTOWN,ORD-TAPAS_DOWNTOWN-00868,311500.00,CARD,COMPLETED,cashier@nimbus.demo,CARD_STUB,PAY-ORD-TAPAS_DOWNTOWN-00868,PAY-ORD-TAPAS_DOWNTOWN-00868,MANUAL_REFERENCE,VERIFIED,"{""liveProvider"": false}"
nimbus,ROOFTOP_BAR,ORD-ROOFTOP_BAR-00869,31600.00,BANK_TRANSFER,COMPLETED,cashier@nimbus.demo,MANUAL,PAY-ORD-ROOFTOP_BAR-00869,PAY-ORD-ROOFTOP_BAR-00869,MANUAL_REFERENCE,VERIFIED,"{""liveProvider"": false}"
nimbus,ROOFTOP_BAR,ORD-ROOFTOP_BAR-00872,167700.00,BANK_TRANSFER,COMPLETED,cashier@nimbus.demo,MANUAL,PAY-ORD-ROOFTOP_BAR-00872,PAY-ORD-ROOFTOP_BAR-00872,MANUAL_REFERENCE,VERIFIED,"{""liveProvider"": false}"
nimbus,GARDEN_CAFE,ORD-GARDEN_CAFE-00874,17300.00,CASH,COMPLETED,cashier@nimbus.demo,MANUAL,PAY-ORD-GARDEN_CAFE-00874,PAY-ORD-GARDEN_CAFE-00874,MANUAL_REFERENCE,NOT_REQUIRED,"{""liveProvider"": false}"
nimbus,GARDEN_CAFE,ORD-GARDEN_CAFE-00875,110900.00,CASH,COMPLETED,cashier@nimbus.demo,MANUAL,PAY-ORD-GARDEN_CAFE-00875,PAY-ORD-GARDEN_CAFE-00875,MANUAL_REFERENCE,NOT_REQUIRED,"{""liveProvider"": false}"
nimbus,GARDEN_CAFE,ORD-GARDEN_CAFE-00876,29400.00,BANK_TRANSFER,COMPLETED,cashier@nimbus.demo,MANUAL,PAY-ORD-GARDEN_CAFE-00876,PAY-ORD-GARDEN_CAFE-00876,MANUAL_REFERENCE,VERIFIED,"{""liveProvider"": false}"
nimbus,EVENTS_KITCHEN,ORD-EVENTS_KITCHEN-00877,141600.00,CASH,COMPLETED,cashier@nimbus.demo,MANUAL,PAY-ORD-EVENTS_KITCHEN-00877,PAY-ORD-EVENTS_KITCHEN-00877,MANUAL_REFERENCE,NOT_REQUIRED,"{""liveProvider"": false}"
nimbus,EVENTS_KITCHEN,ORD-EVENTS_KITCHEN-00878,164300.00,CARD,COMPLETED,cashier@nimbus.demo,CARD_STUB,PAY-ORD-EVENTS_KITCHEN-00878,PAY-ORD-EVENTS_KITCHEN-00878,MANUAL_REFERENCE,VERIFIED,"{""liveProvider"": false}"
nimbus,EVENTS_KITCHEN,ORD-EVENTS_KITCHEN-00880,100300.00,CASH,COMPLETED,cashier@nimbus.demo,MANUAL,PAY-ORD-EVENTS_KITCHEN-00880,PAY-ORD-EVENTS_KITCHEN-00880,MANUAL_REFERENCE,NOT_REQUIRED,"{""liveProvider"": false}"
nimbus,TAPAS_DOWNTOWN,ORD-TAPAS_DOWNTOWN-00881,237200.00,CARD,COMPLETED,cashier@nimbus.demo,CARD_STUB,PAY-ORD-TAPAS_DOWNTOWN-00881,PAY-ORD-TAPAS_DOWNTOWN-00881,MANUAL_REFERENCE,VERIFIED,"{""liveProvider"": false}"
nimbus,TAPAS_DOWNTOWN,ORD-TAPAS_DOWNTOWN-00882,87300.00,CARD,COMPLETED,cashier@nimbus.demo,CARD_STUB,PAY-ORD-TAPAS_DOWNTOWN-00882,PAY-ORD-TAPAS_DOWNTOWN-00882,MANUAL_REFERENCE,VERIFIED,"{""liveProvider"": false}"
nimbus,TAPAS_DOWNTOWN,ORD-TAPAS_DOWNTOWN-00883,133300.00,CASH,COMPLETED,cashier@nimbus.demo,MANUAL,PAY-ORD-TAPAS_DOWNTOWN-00883,PAY-ORD-TAPAS_DOWNTOWN-00883,MANUAL_REFERENCE,NOT_REQUIRED,"{""liveProvider"": false}"
nimbus,TAPAS_DOWNTOWN,ORD-TAPAS_DOWNTOWN-00884,174600.00,CARD,COMPLETED,cashier@nimbus.demo,CARD_STUB,PAY-ORD-TAPAS_DOWNTOWN-00884,PAY-ORD-TAPAS_DOWNTOWN-00884,MANUAL_REFERENCE,VERIFIED,"{""liveProvider"": false}"
nimbus,TAPAS_DOWNTOWN,ORD-TAPAS_DOWNTOWN-00885,199400.00,CARD,COMPLETED,cashier@nimbus.demo,CARD_STUB,PAY-ORD-TAPAS_DOWNTOWN-00885,PAY-ORD-TAPAS_DOWNTOWN-00885,MANUAL_REFERENCE,VERIFIED,"{""liveProvider"": false}"
nimbus,ROOFTOP_BAR,ORD-ROOFTOP_BAR-00886,81800.00,CARD,COMPLETED,cashier@nimbus.demo,CARD_STUB,PAY-ORD-ROOFTOP_BAR-00886,PAY-ORD-ROOFTOP_BAR-00886,MANUAL_REFERENCE,VERIFIED,"{""liveProvider"": false}"
nimbus,ROOFTOP_BAR,ORD-ROOFTOP_BAR-00887,227600.00,BANK_TRANSFER,COMPLETED,cashier@nimbus.demo,MANUAL,PAY-ORD-ROOFTOP_BAR-00887,PAY-ORD-ROOFTOP_BAR-00887,MANUAL_REFERENCE,VERIFIED,"{""liveProvider"": false}"
nimbus,ROOFTOP_BAR,ORD-ROOFTOP_BAR-00888,127000.00,CASH,COMPLETED,cashier@nimbus.demo,MANUAL,PAY-ORD-ROOFTOP_BAR-00888,PAY-ORD-ROOFTOP_BAR-00888,MANUAL_REFERENCE,NOT_REQUIRED,"{""liveProvider"": false}"
nimbus,ROOFTOP_BAR,ORD-ROOFTOP_BAR-00889,256200.00,CASH,COMPLETED,cashier@nimbus.demo,MANUAL,PAY-ORD-ROOFTOP_BAR-00889,PAY-ORD-ROOFTOP_BAR-00889,MANUAL_REFERENCE,NOT_REQUIRED,"{""liveProvider"": false}"
nimbus,ROOFTOP_BAR,ORD-ROOFTOP_BAR-00890,187600.00,CARD,COMPLETED,cashier@nimbus.demo,CARD_STUB,PAY-ORD-ROOFTOP_BAR-00890,PAY-ORD-ROOFTOP_BAR-00890,MANUAL_REFERENCE,VERIFIED,"{""liveProvider"": false}"
nimbus,GARDEN_CAFE,ORD-GARDEN_CAFE-00893,204600.00,CASH,COMPLETED,cashier@nimbus.demo,MANUAL,PAY-ORD-GARDEN_CAFE-00893,PAY-ORD-GARDEN_CAFE-00893,MANUAL_REFERENCE,NOT_REQUIRED,"{""liveProvider"": false}"
nimbus,EVENTS_KITCHEN,ORD-EVENTS_KITCHEN-00897,298900.00,CARD,COMPLETED,cashier@nimbus.demo,CARD_STUB,PAY-ORD-EVENTS_KITCHEN-00897,PAY-ORD-EVENTS_KITCHEN-00897,MANUAL_REFERENCE,VERIFIED,"{""liveProvider"": false}"
nimbus,EVENTS_KITCHEN,ORD-EVENTS_KITCHEN-00898,247800.00,CARD,COMPLETED,cashier@nimbus.demo,CARD_STUB,PAY-ORD-EVENTS_KITCHEN-00898,PAY-ORD-EVENTS_KITCHEN-00898,MANUAL_REFERENCE,VERIFIED,"{""liveProvider"": false}"
nimbus,EVENTS_KITCHEN,ORD-EVENTS_KITCHEN-00899,184400.00,BANK_TRANSFER,COMPLETED,cashier@nimbus.demo,MANUAL,PAY-ORD-EVENTS_KITCHEN-00899,PAY-ORD-EVENTS_KITCHEN-00899,MANUAL_REFERENCE,VERIFIED,"{""liveProvider"": false}"
nimbus,TAPAS_DOWNTOWN,ORD-TAPAS_DOWNTOWN-00901,63700.00,CASH,COMPLETED,cashier@nimbus.demo,MANUAL,PAY-ORD-TAPAS_DOWNTOWN-00901,PAY-ORD-TAPAS_DOWNTOWN-00901,MANUAL_REFERENCE,NOT_REQUIRED,"{""liveProvider"": false}"
nimbus,ROOFTOP_BAR,ORD-ROOFTOP_BAR-00902,28300.00,CARD,COMPLETED,cashier@nimbus.demo,CARD_STUB,PAY-ORD-ROOFTOP_BAR-00902,PAY-ORD-ROOFTOP_BAR-00902,MANUAL_REFERENCE,VERIFIED,"{""liveProvider"": false}"
nimbus,EVENTS_KITCHEN,ORD-EVENTS_KITCHEN-00904,214400.00,CARD,COMPLETED,cashier@nimbus.demo,CARD_STUB,PAY-ORD-EVENTS_KITCHEN-00904,PAY-ORD-EVENTS_KITCHEN-00904,MANUAL_REFERENCE,VERIFIED,"{""liveProvider"": false}"
nimbus,TAPAS_DOWNTOWN,ORD-TAPAS_DOWNTOWN-00906,276100.00,CARD,COMPLETED,cashier@nimbus.demo,CARD_STUB,PAY-ORD-TAPAS_DOWNTOWN-00906,PAY-ORD-TAPAS_DOWNTOWN-00906,MANUAL_REFERENCE,VERIFIED,"{""liveProvider"": false}"
nimbus,ROOFTOP_BAR,ORD-ROOFTOP_BAR-00909,64700.00,CARD,COMPLETED,cashier@nimbus.demo,CARD_STUB,PAY-ORD-ROOFTOP_BAR-00909,PAY-ORD-ROOFTOP_BAR-00909,MANUAL_REFERENCE,VERIFIED,"{""liveProvider"": false}"
nimbus,ROOFTOP_BAR,ORD-ROOFTOP_BAR-00910,150700.00,CARD,COMPLETED,cashier@nimbus.demo,CARD_STUB,PAY-ORD-ROOFTOP_BAR-00910,PAY-ORD-ROOFTOP_BAR-00910,MANUAL_REFERENCE,VERIFIED,"{""liveProvider"": false}"
nimbus,ROOFTOP_BAR,ORD-ROOFTOP_BAR-00911,35200.00,CASH,COMPLETED,cashier@nimbus.demo,MANUAL,PAY-ORD-ROOFTOP_BAR-00911,PAY-ORD-ROOFTOP_BAR-00911,MANUAL_REFERENCE,NOT_REQUIRED,"{""liveProvider"": false}"
nimbus,ROOFTOP_BAR,ORD-ROOFTOP_BAR-00912,277700.00,CASH,COMPLETED,cashier@nimbus.demo,MANUAL,PAY-ORD-ROOFTOP_BAR-00912,PAY-ORD-ROOFTOP_BAR-00912,MANUAL_REFERENCE,NOT_REQUIRED,"{""liveProvider"": false}"
nimbus,GARDEN_CAFE,ORD-GARDEN_CAFE-00913,331000.00,CARD,COMPLETED,cashier@nimbus.demo,CARD_STUB,PAY-ORD-GARDEN_CAFE-00913,PAY-ORD-GARDEN_CAFE-00913,MANUAL_REFERENCE,VERIFIED,"{""liveProvider"": false}"
nimbus,GARDEN_CAFE,ORD-GARDEN_CAFE-00914,47900.00,CASH,COMPLETED,cashier@nimbus.demo,MANUAL,PAY-ORD-GARDEN_CAFE-00914,PAY-ORD-GARDEN_CAFE-00914,MANUAL_REFERENCE,NOT_REQUIRED,"{""liveProvider"": false}"
nimbus,GARDEN_CAFE,ORD-GARDEN_CAFE-00915,254500.00,CASH,COMPLETED,cashier@nimbus.demo,MANUAL,PAY-ORD-GARDEN_CAFE-00915,PAY-ORD-GARDEN_CAFE-00915,MANUAL_REFERENCE,NOT_REQUIRED,"{""liveProvider"": false}"
nimbus,GARDEN_CAFE,ORD-GARDEN_CAFE-00916,109100.00,CARD,COMPLETED,cashier@nimbus.demo,CARD_STUB,PAY-ORD-GARDEN_CAFE-00916,PAY-ORD-GARDEN_CAFE-00916,MANUAL_REFERENCE,VERIFIED,"{""liveProvider"": false}"
nimbus,EVENTS_KITCHEN,ORD-EVENTS_KITCHEN-00917,434200.00,CASH,COMPLETED,cashier@nimbus.demo,MANUAL,PAY-ORD-EVENTS_KITCHEN-00917,PAY-ORD-EVENTS_KITCHEN-00917,MANUAL_REFERENCE,NOT_REQUIRED,"{""liveProvider"": false}"
nimbus,EVENTS_KITCHEN,ORD-EVENTS_KITCHEN-00918,423300.00,CARD,COMPLETED,cashier@nimbus.demo,CARD_STUB,PAY-ORD-EVENTS_KITCHEN-00918,PAY-ORD-EVENTS_KITCHEN-00918,MANUAL_REFERENCE,VERIFIED,"{""liveProvider"": false}"
nimbus,EVENTS_KITCHEN,ORD-EVENTS_KITCHEN-00920,214400.00,CASH,COMPLETED,cashier@nimbus.demo,MANUAL,PAY-ORD-EVENTS_KITCHEN-00920,PAY-ORD-EVENTS_KITCHEN-00920,MANUAL_REFERENCE,NOT_REQUIRED,"{""liveProvider"": false}"
nimbus,TAPAS_DOWNTOWN,ORD-TAPAS_DOWNTOWN-00921,134500.00,CARD,COMPLETED,cashier@nimbus.demo,CARD_STUB,PAY-ORD-TAPAS_DOWNTOWN-00921,PAY-ORD-TAPAS_DOWNTOWN-00921,MANUAL_REFERENCE,VERIFIED,"{""liveProvider"": false}"
nimbus,TAPAS_DOWNTOWN,ORD-TAPAS_DOWNTOWN-00922,312700.00,CARD,COMPLETED,cashier@nimbus.demo,CARD_STUB,PAY-ORD-TAPAS_DOWNTOWN-00922,PAY-ORD-TAPAS_DOWNTOWN-00922,MANUAL_REFERENCE,VERIFIED,"{""liveProvider"": false}"
nimbus,TAPAS_DOWNTOWN,ORD-TAPAS_DOWNTOWN-00923,244400.00,CARD,COMPLETED,cashier@nimbus.demo,CARD_STUB,PAY-ORD-TAPAS_DOWNTOWN-00923,PAY-ORD-TAPAS_DOWNTOWN-00923,MANUAL_REFERENCE,VERIFIED,"{""liveProvider"": false}"
nimbus,TAPAS_DOWNTOWN,ORD-TAPAS_DOWNTOWN-00924,203000.00,CASH,COMPLETED,cashier@nimbus.demo,MANUAL,PAY-ORD-TAPAS_DOWNTOWN-00924,PAY-ORD-TAPAS_DOWNTOWN-00924,MANUAL_REFERENCE,NOT_REQUIRED,"{""liveProvider"": false}"
nimbus,TAPAS_DOWNTOWN,ORD-TAPAS_DOWNTOWN-00925,172600.00,CARD,COMPLETED,cashier@nimbus.demo,CARD_STUB,PAY-ORD-TAPAS_DOWNTOWN-00925,PAY-ORD-TAPAS_DOWNTOWN-00925,MANUAL_REFERENCE,VERIFIED,"{""liveProvider"": false}"
nimbus,ROOFTOP_BAR,ORD-ROOFTOP_BAR-00928,106800.00,CARD,COMPLETED,cashier@nimbus.demo,CARD_STUB,PAY-ORD-ROOFTOP_BAR-00928,PAY-ORD-ROOFTOP_BAR-00928,MANUAL_REFERENCE,VERIFIED,"{""liveProvider"": false}"
nimbus,ROOFTOP_BAR,ORD-ROOFTOP_BAR-00929,92900.00,CARD,COMPLETED,cashier@nimbus.demo,CARD_STUB,PAY-ORD-ROOFTOP_BAR-00929,PAY-ORD-ROOFTOP_BAR-00929,MANUAL_REFERENCE,VERIFIED,"{""liveProvider"": false}"
nimbus,GARDEN_CAFE,ORD-GARDEN_CAFE-00931,143100.00,CASH,COMPLETED,cashier@nimbus.demo,MANUAL,PAY-ORD-GARDEN_CAFE-00931,PAY-ORD-GARDEN_CAFE-00931,MANUAL_REFERENCE,NOT_REQUIRED,"{""liveProvider"": false}"
nimbus,GARDEN_CAFE,ORD-GARDEN_CAFE-00933,207900.00,CARD,COMPLETED,cashier@nimbus.demo,CARD_STUB,PAY-ORD-GARDEN_CAFE-00933,PAY-ORD-GARDEN_CAFE-00933,MANUAL_REFERENCE,VERIFIED,"{""liveProvider"": false}"
nimbus,GARDEN_CAFE,ORD-GARDEN_CAFE-00934,146300.00,CASH,COMPLETED,cashier@nimbus.demo,MANUAL,PAY-ORD-GARDEN_CAFE-00934,PAY-ORD-GARDEN_CAFE-00934,MANUAL_REFERENCE,NOT_REQUIRED,"{""liveProvider"": false}"
nimbus,EVENTS_KITCHEN,ORD-EVENTS_KITCHEN-00936,547000.00,CARD,COMPLETED,cashier@nimbus.demo,CARD_STUB,PAY-ORD-EVENTS_KITCHEN-00936,PAY-ORD-EVENTS_KITCHEN-00936,MANUAL_REFERENCE,VERIFIED,"{""liveProvider"": false}"
nimbus,EVENTS_KITCHEN,ORD-EVENTS_KITCHEN-00938,127400.00,CASH,COMPLETED,cashier@nimbus.demo,MANUAL,PAY-ORD-EVENTS_KITCHEN-00938,PAY-ORD-EVENTS_KITCHEN-00938,MANUAL_REFERENCE,NOT_REQUIRED,"{""liveProvider"": false}"
nimbus,EVENTS_KITCHEN,ORD-EVENTS_KITCHEN-00940,396800.00,CASH,COMPLETED,cashier@nimbus.demo,MANUAL,PAY-ORD-EVENTS_KITCHEN-00940,PAY-ORD-EVENTS_KITCHEN-00940,MANUAL_REFERENCE,NOT_REQUIRED,"{""liveProvider"": false}"
nimbus,TAPAS_DOWNTOWN,ORD-TAPAS_DOWNTOWN-00941,309200.00,CASH,COMPLETED,cashier@nimbus.demo,MANUAL,PAY-ORD-TAPAS_DOWNTOWN-00941,PAY-ORD-TAPAS_DOWNTOWN-00941,MANUAL_REFERENCE,NOT_REQUIRED,"{""liveProvider"": false}"
nimbus,TAPAS_DOWNTOWN,ORD-TAPAS_DOWNTOWN-00943,37800.00,CASH,COMPLETED,cashier@nimbus.demo,MANUAL,PAY-ORD-TAPAS_DOWNTOWN-00943,PAY-ORD-TAPAS_DOWNTOWN-00943,MANUAL_REFERENCE,NOT_REQUIRED,"{""liveProvider"": false}"
nimbus,TAPAS_DOWNTOWN,ORD-TAPAS_DOWNTOWN-00944,210000.00,CARD,COMPLETED,cashier@nimbus.demo,CARD_STUB,PAY-ORD-TAPAS_DOWNTOWN-00944,PAY-ORD-TAPAS_DOWNTOWN-00944,MANUAL_REFERENCE,VERIFIED,"{""liveProvider"": false}"
nimbus,ROOFTOP_BAR,ORD-ROOFTOP_BAR-00947,157300.00,BANK_TRANSFER,COMPLETED,cashier@nimbus.demo,MANUAL,PAY-ORD-ROOFTOP_BAR-00947,PAY-ORD-ROOFTOP_BAR-00947,MANUAL_REFERENCE,VERIFIED,"{""liveProvider"": false}"
nimbus,ROOFTOP_BAR,ORD-ROOFTOP_BAR-00948,75400.00,CASH,COMPLETED,cashier@nimbus.demo,MANUAL,PAY-ORD-ROOFTOP_BAR-00948,PAY-ORD-ROOFTOP_BAR-00948,MANUAL_REFERENCE,NOT_REQUIRED,"{""liveProvider"": false}"
nimbus,ROOFTOP_BAR,ORD-ROOFTOP_BAR-00950,201000.00,CASH,COMPLETED,cashier@nimbus.demo,MANUAL,PAY-ORD-ROOFTOP_BAR-00950,PAY-ORD-ROOFTOP_BAR-00950,MANUAL_REFERENCE,NOT_REQUIRED,"{""liveProvider"": false}"
nimbus,ROOFTOP_BAR,ORD-ROOFTOP_BAR-00952,224900.00,CARD,COMPLETED,cashier@nimbus.demo,CARD_STUB,PAY-ORD-ROOFTOP_BAR-00952,PAY-ORD-ROOFTOP_BAR-00952,MANUAL_REFERENCE,VERIFIED,"{""liveProvider"": false}"
nimbus,GARDEN_CAFE,ORD-GARDEN_CAFE-00953,70800.00,CASH,COMPLETED,cashier@nimbus.demo,MANUAL,PAY-ORD-GARDEN_CAFE-00953,PAY-ORD-GARDEN_CAFE-00953,MANUAL_REFERENCE,NOT_REQUIRED,"{""liveProvider"": false}"
nimbus,GARDEN_CAFE,ORD-GARDEN_CAFE-00954,17500.00,CASH,COMPLETED,cashier@nimbus.demo,MANUAL,PAY-ORD-GARDEN_CAFE-00954,PAY-ORD-GARDEN_CAFE-00954,MANUAL_REFERENCE,NOT_REQUIRED,"{""liveProvider"": false}"
nimbus,GARDEN_CAFE,ORD-GARDEN_CAFE-00957,56400.00,CARD,COMPLETED,cashier@nimbus.demo,CARD_STUB,PAY-ORD-GARDEN_CAFE-00957,PAY-ORD-GARDEN_CAFE-00957,MANUAL_REFERENCE,VERIFIED,"{""liveProvider"": false}"
nimbus,EVENTS_KITCHEN,ORD-EVENTS_KITCHEN-00959,196100.00,BANK_TRANSFER,COMPLETED,cashier@nimbus.demo,MANUAL,PAY-ORD-EVENTS_KITCHEN-00959,PAY-ORD-EVENTS_KITCHEN-00959,MANUAL_REFERENCE,VERIFIED,"{""liveProvider"": false}"
nimbus,EVENTS_KITCHEN,ORD-EVENTS_KITCHEN-00960,241000.00,CASH,COMPLETED,cashier@nimbus.demo,MANUAL,PAY-ORD-EVENTS_KITCHEN-00960,PAY-ORD-EVENTS_KITCHEN-00960,MANUAL_REFERENCE,NOT_REQUIRED,"{""liveProvider"": false}"
nimbus,EVENTS_KITCHEN,ORD-EVENTS_KITCHEN-00962,228800.00,CASH,COMPLETED,cashier@nimbus.demo,MANUAL,PAY-ORD-EVENTS_KITCHEN-00962,PAY-ORD-EVENTS_KITCHEN-00962,MANUAL_REFERENCE,NOT_REQUIRED,"{""liveProvider"": false}"
nimbus,EVENTS_KITCHEN,ORD-EVENTS_KITCHEN-00964,286700.00,CASH,COMPLETED,cashier@nimbus.demo,MANUAL,PAY-ORD-EVENTS_KITCHEN-00964,PAY-ORD-EVENTS_KITCHEN-00964,MANUAL_REFERENCE,NOT_REQUIRED,"{""liveProvider"": false}"
nimbus,TAPAS_DOWNTOWN,ORD-TAPAS_DOWNTOWN-00966,162800.00,CASH,COMPLETED,cashier@nimbus.demo,MANUAL,PAY-ORD-TAPAS_DOWNTOWN-00966,PAY-ORD-TAPAS_DOWNTOWN-00966,MANUAL_REFERENCE,NOT_REQUIRED,"{""liveProvider"": false}"
nimbus,TAPAS_DOWNTOWN,ORD-TAPAS_DOWNTOWN-00967,184100.00,CASH,COMPLETED,cashier@nimbus.demo,MANUAL,PAY-ORD-TAPAS_DOWNTOWN-00967,PAY-ORD-TAPAS_DOWNTOWN-00967,MANUAL_REFERENCE,NOT_REQUIRED,"{""liveProvider"": false}"
nimbus,TAPAS_DOWNTOWN,ORD-TAPAS_DOWNTOWN-00970,177000.00,CARD,COMPLETED,cashier@nimbus.demo,CARD_STUB,PAY-ORD-TAPAS_DOWNTOWN-00970,PAY-ORD-TAPAS_DOWNTOWN-00970,MANUAL_REFERENCE,VERIFIED,"{""liveProvider"": false}"
nimbus,TAPAS_DOWNTOWN,ORD-TAPAS_DOWNTOWN-00971,89700.00,CASH,COMPLETED,cashier@nimbus.demo,MANUAL,PAY-ORD-TAPAS_DOWNTOWN-00971,PAY-ORD-TAPAS_DOWNTOWN-00971,MANUAL_REFERENCE,NOT_REQUIRED,"{""liveProvider"": false}"
nimbus,ROOFTOP_BAR,ORD-ROOFTOP_BAR-00972,195600.00,CASH,COMPLETED,cashier@nimbus.demo,MANUAL,PAY-ORD-ROOFTOP_BAR-00972,PAY-ORD-ROOFTOP_BAR-00972,MANUAL_REFERENCE,NOT_REQUIRED,"{""liveProvider"": false}"
nimbus,ROOFTOP_BAR,ORD-ROOFTOP_BAR-00974,37800.00,CASH,COMPLETED,cashier@nimbus.demo,MANUAL,PAY-ORD-ROOFTOP_BAR-00974,PAY-ORD-ROOFTOP_BAR-00974,MANUAL_REFERENCE,NOT_REQUIRED,"{""liveProvider"": false}"
nimbus,ROOFTOP_BAR,ORD-ROOFTOP_BAR-00976,222300.00,CASH,COMPLETED,cashier@nimbus.demo,MANUAL,PAY-ORD-ROOFTOP_BAR-00976,PAY-ORD-ROOFTOP_BAR-00976,MANUAL_REFERENCE,NOT_REQUIRED,"{""liveProvider"": false}"
nimbus,ROOFTOP_BAR,ORD-ROOFTOP_BAR-00978,272700.00,CARD,COMPLETED,cashier@nimbus.demo,CARD_STUB,PAY-ORD-ROOFTOP_BAR-00978,PAY-ORD-ROOFTOP_BAR-00978,MANUAL_REFERENCE,VERIFIED,"{""liveProvider"": false}"
nimbus,GARDEN_CAFE,ORD-GARDEN_CAFE-00980,249700.00,CARD,COMPLETED,cashier@nimbus.demo,CARD_STUB,PAY-ORD-GARDEN_CAFE-00980,PAY-ORD-GARDEN_CAFE-00980,MANUAL_REFERENCE,VERIFIED,"{""liveProvider"": false}"
nimbus,GARDEN_CAFE,ORD-GARDEN_CAFE-00981,109000.00,CARD,COMPLETED,cashier@nimbus.demo,CARD_STUB,PAY-ORD-GARDEN_CAFE-00981,PAY-ORD-GARDEN_CAFE-00981,MANUAL_REFERENCE,VERIFIED,"{""liveProvider"": false}"
nimbus,GARDEN_CAFE,ORD-GARDEN_CAFE-00982,148800.00,CARD,COMPLETED,cashier@nimbus.demo,CARD_STUB,PAY-ORD-GARDEN_CAFE-00982,PAY-ORD-GARDEN_CAFE-00982,MANUAL_REFERENCE,VERIFIED,"{""liveProvider"": false}"
nimbus,GARDEN_CAFE,ORD-GARDEN_CAFE-00983,55600.00,CASH,COMPLETED,cashier@nimbus.demo,MANUAL,PAY-ORD-GARDEN_CAFE-00983,PAY-ORD-GARDEN_CAFE-00983,MANUAL_REFERENCE,NOT_REQUIRED,"{""liveProvider"": false}"
nimbus,GARDEN_CAFE,ORD-GARDEN_CAFE-00984,156500.00,CARD,COMPLETED,cashier@nimbus.demo,CARD_STUB,PAY-ORD-GARDEN_CAFE-00984,PAY-ORD-GARDEN_CAFE-00984,MANUAL_REFERENCE,VERIFIED,"{""liveProvider"": false}"
nimbus,GARDEN_CAFE,ORD-GARDEN_CAFE-00985,147600.00,CARD,COMPLETED,cashier@nimbus.demo,CARD_STUB,PAY-ORD-GARDEN_CAFE-00985,PAY-ORD-GARDEN_CAFE-00985,MANUAL_REFERENCE,VERIFIED,"{""liveProvider"": false}"
nimbus,EVENTS_KITCHEN,ORD-EVENTS_KITCHEN-00986,106600.00,BANK_TRANSFER,COMPLETED,cashier@nimbus.demo,MANUAL,PAY-ORD-EVENTS_KITCHEN-00986,PAY-ORD-EVENTS_KITCHEN-00986,MANUAL_REFERENCE,VERIFIED,"{""liveProvider"": false}"
nimbus,EVENTS_KITCHEN,ORD-EVENTS_KITCHEN-00987,356000.00,CASH,COMPLETED,cashier@nimbus.demo,MANUAL,PAY-ORD-EVENTS_KITCHEN-00987,PAY-ORD-EVENTS_KITCHEN-00987,MANUAL_REFERENCE,NOT_REQUIRED,"{""liveProvider"": false}"
nimbus,EVENTS_KITCHEN,ORD-EVENTS_KITCHEN-00989,94400.00,CARD,COMPLETED,cashier@nimbus.demo,CARD_STUB,PAY-ORD-EVENTS_KITCHEN-00989,PAY-ORD-EVENTS_KITCHEN-00989,MANUAL_REFERENCE,VERIFIED,"{""liveProvider"": false}"
nimbus,EVENTS_KITCHEN,ORD-EVENTS_KITCHEN-00990,100300.00,CASH,COMPLETED,cashier@nimbus.demo,MANUAL,PAY-ORD-EVENTS_KITCHEN-00990,PAY-ORD-EVENTS_KITCHEN-00990,MANUAL_REFERENCE,NOT_REQUIRED,"{""liveProvider"": false}"
nimbus,EVENTS_KITCHEN,ORD-EVENTS_KITCHEN-00991,318600.00,CASH,COMPLETED,cashier@nimbus.demo,MANUAL,PAY-ORD-EVENTS_KITCHEN-00991,PAY-ORD-EVENTS_KITCHEN-00991,MANUAL_REFERENCE,NOT_REQUIRED,"{""liveProvider"": false}"
nimbus,TAPAS_DOWNTOWN,ORD-TAPAS_DOWNTOWN-00993,75500.00,CASH,COMPLETED,cashier@nimbus.demo,MANUAL,PAY-ORD-TAPAS_DOWNTOWN-00993,PAY-ORD-TAPAS_DOWNTOWN-00993,MANUAL_REFERENCE,NOT_REQUIRED,"{""liveProvider"": false}"
nimbus,ROOFTOP_BAR,ORD-ROOFTOP_BAR-00996,55600.00,CARD,COMPLETED,cashier@nimbus.demo,CARD_STUB,PAY-ORD-ROOFTOP_BAR-00996,PAY-ORD-ROOFTOP_BAR-00996,MANUAL_REFERENCE,VERIFIED,"{""liveProvider"": false}"
nimbus,ROOFTOP_BAR,ORD-ROOFTOP_BAR-00997,74100.00,CASH,COMPLETED,cashier@nimbus.demo,MANUAL,PAY-ORD-ROOFTOP_BAR-00997,PAY-ORD-ROOFTOP_BAR-00997,MANUAL_REFERENCE,NOT_REQUIRED,"{""liveProvider"": false}"
nimbus,ROOFTOP_BAR,ORD-ROOFTOP_BAR-00998,75500.00,CASH,COMPLETED,cashier@nimbus.demo,MANUAL,PAY-ORD-ROOFTOP_BAR-00998,PAY-ORD-ROOFTOP_BAR-00998,MANUAL_REFERENCE,NOT_REQUIRED,"{""liveProvider"": false}"
nimbus,GARDEN_CAFE,ORD-GARDEN_CAFE-01000,65000.00,CARD,COMPLETED,cashier@nimbus.demo,CARD_STUB,PAY-ORD-GARDEN_CAFE-01000,PAY-ORD-GARDEN_CAFE-01000,MANUAL_REFERENCE,VERIFIED,"{""liveProvider"": false}"
nimbus,GARDEN_CAFE,ORD-GARDEN_CAFE-01001,154000.00,CARD,COMPLETED,cashier@nimbus.demo,CARD_STUB,PAY-ORD-GARDEN_CAFE-01001,PAY-ORD-GARDEN_CAFE-01001,MANUAL_REFERENCE,VERIFIED,"{""liveProvider"": false}"
nimbus,EVENTS_KITCHEN,ORD-EVENTS_KITCHEN-01002,101200.00,BANK_TRANSFER,COMPLETED,cashier@nimbus.demo,MANUAL,PAY-ORD-EVENTS_KITCHEN-01002,PAY-ORD-EVENTS_KITCHEN-01002,MANUAL_REFERENCE,VERIFIED,"{""liveProvider"": false}"
nimbus,EVENTS_KITCHEN,ORD-EVENTS_KITCHEN-01003,30700.00,CARD,COMPLETED,cashier@nimbus.demo,CARD_STUB,PAY-ORD-EVENTS_KITCHEN-01003,PAY-ORD-EVENTS_KITCHEN-01003,MANUAL_REFERENCE,VERIFIED,"{""liveProvider"": false}"
nimbus,TAPAS_DOWNTOWN,ORD-TAPAS_DOWNTOWN-01006,224200.00,CASH,COMPLETED,cashier@nimbus.demo,MANUAL,PAY-ORD-TAPAS_DOWNTOWN-01006,PAY-ORD-TAPAS_DOWNTOWN-01006,MANUAL_REFERENCE,NOT_REQUIRED,"{""liveProvider"": false}"
nimbus,TAPAS_DOWNTOWN,ORD-TAPAS_DOWNTOWN-01007,283200.00,CARD,COMPLETED,cashier@nimbus.demo,CARD_STUB,PAY-ORD-TAPAS_DOWNTOWN-01007,PAY-ORD-TAPAS_DOWNTOWN-01007,MANUAL_REFERENCE,VERIFIED,"{""liveProvider"": false}"
nimbus,ROOFTOP_BAR,ORD-ROOFTOP_BAR-01011,125300.00,CARD,COMPLETED,cashier@nimbus.demo,CARD_STUB,PAY-ORD-ROOFTOP_BAR-01011,PAY-ORD-ROOFTOP_BAR-01011,MANUAL_REFERENCE,VERIFIED,"{""liveProvider"": false}"
nimbus,GARDEN_CAFE,ORD-GARDEN_CAFE-01013,117300.00,CARD,COMPLETED,cashier@nimbus.demo,CARD_STUB,PAY-ORD-GARDEN_CAFE-01013,PAY-ORD-GARDEN_CAFE-01013,MANUAL_REFERENCE,VERIFIED,"{""liveProvider"": false}"
nimbus,GARDEN_CAFE,ORD-GARDEN_CAFE-01014,32600.00,CARD,COMPLETED,cashier@nimbus.demo,CARD_STUB,PAY-ORD-GARDEN_CAFE-01014,PAY-ORD-GARDEN_CAFE-01014,MANUAL_REFERENCE,VERIFIED,"{""liveProvider"": false}"
nimbus,EVENTS_KITCHEN,ORD-EVENTS_KITCHEN-01017,226300.00,CARD,COMPLETED,cashier@nimbus.demo,CARD_STUB,PAY-ORD-EVENTS_KITCHEN-01017,PAY-ORD-EVENTS_KITCHEN-01017,MANUAL_REFERENCE,VERIFIED,"{""liveProvider"": false}"
nimbus,EVENTS_KITCHEN,ORD-EVENTS_KITCHEN-01018,50100.00,CARD,COMPLETED,cashier@nimbus.demo,CARD_STUB,PAY-ORD-EVENTS_KITCHEN-01018,PAY-ORD-EVENTS_KITCHEN-01018,MANUAL_REFERENCE,VERIFIED,"{""liveProvider"": false}"
nimbus,EVENTS_KITCHEN,ORD-EVENTS_KITCHEN-01020,68400.00,CASH,COMPLETED,cashier@nimbus.demo,MANUAL,PAY-ORD-EVENTS_KITCHEN-01020,PAY-ORD-EVENTS_KITCHEN-01020,MANUAL_REFERENCE,NOT_REQUIRED,"{""liveProvider"": false}"
nimbus,TAPAS_DOWNTOWN,ORD-TAPAS_DOWNTOWN-01022,152200.00,CASH,COMPLETED,cashier@nimbus.demo,MANUAL,PAY-ORD-TAPAS_DOWNTOWN-01022,PAY-ORD-TAPAS_DOWNTOWN-01022,MANUAL_REFERENCE,NOT_REQUIRED,"{""liveProvider"": false}"
nimbus,TAPAS_DOWNTOWN,ORD-TAPAS_DOWNTOWN-01024,300900.00,CARD,COMPLETED,cashier@nimbus.demo,CARD_STUB,PAY-ORD-TAPAS_DOWNTOWN-01024,PAY-ORD-TAPAS_DOWNTOWN-01024,MANUAL_REFERENCE,VERIFIED,"{""liveProvider"": false}"
nimbus,TAPAS_DOWNTOWN,ORD-TAPAS_DOWNTOWN-01025,403600.00,CARD,COMPLETED,cashier@nimbus.demo,CARD_STUB,PAY-ORD-TAPAS_DOWNTOWN-01025,PAY-ORD-TAPAS_DOWNTOWN-01025,MANUAL_REFERENCE,VERIFIED,"{""liveProvider"": false}"
nimbus,ROOFTOP_BAR,ORD-ROOFTOP_BAR-01026,37600.00,CASH,COMPLETED,cashier@nimbus.demo,MANUAL,PAY-ORD-ROOFTOP_BAR-01026,PAY-ORD-ROOFTOP_BAR-01026,MANUAL_REFERENCE,NOT_REQUIRED,"{""liveProvider"": false}"
nimbus,ROOFTOP_BAR,ORD-ROOFTOP_BAR-01027,173600.00,CASH,COMPLETED,cashier@nimbus.demo,MANUAL,PAY-ORD-ROOFTOP_BAR-01027,PAY-ORD-ROOFTOP_BAR-01027,MANUAL_REFERENCE,NOT_REQUIRED,"{""liveProvider"": false}"
nimbus,ROOFTOP_BAR,ORD-ROOFTOP_BAR-01029,177700.00,CARD,COMPLETED,cashier@nimbus.demo,CARD_STUB,PAY-ORD-ROOFTOP_BAR-01029,PAY-ORD-ROOFTOP_BAR-01029,MANUAL_REFERENCE,VERIFIED,"{""liveProvider"": false}"
nimbus,ROOFTOP_BAR,ORD-ROOFTOP_BAR-01030,86300.00,CARD,COMPLETED,cashier@nimbus.demo,CARD_STUB,PAY-ORD-ROOFTOP_BAR-01030,PAY-ORD-ROOFTOP_BAR-01030,MANUAL_REFERENCE,VERIFIED,"{""liveProvider"": false}"
nimbus,GARDEN_CAFE,ORD-GARDEN_CAFE-01031,13000.00,CARD,COMPLETED,cashier@nimbus.demo,CARD_STUB,PAY-ORD-GARDEN_CAFE-01031,PAY-ORD-GARDEN_CAFE-01031,MANUAL_REFERENCE,VERIFIED,"{""liveProvider"": false}"
nimbus,GARDEN_CAFE,ORD-GARDEN_CAFE-01032,60900.00,CASH,COMPLETED,cashier@nimbus.demo,MANUAL,PAY-ORD-GARDEN_CAFE-01032,PAY-ORD-GARDEN_CAFE-01032,MANUAL_REFERENCE,NOT_REQUIRED,"{""liveProvider"": false}"
nimbus,GARDEN_CAFE,ORD-GARDEN_CAFE-01033,63000.00,BANK_TRANSFER,COMPLETED,cashier@nimbus.demo,MANUAL,PAY-ORD-GARDEN_CAFE-01033,PAY-ORD-GARDEN_CAFE-01033,MANUAL_REFERENCE,VERIFIED,"{""liveProvider"": false}"
nimbus,EVENTS_KITCHEN,ORD-EVENTS_KITCHEN-01036,268800.00,CASH,COMPLETED,cashier@nimbus.demo,MANUAL,PAY-ORD-EVENTS_KITCHEN-01036,PAY-ORD-EVENTS_KITCHEN-01036,MANUAL_REFERENCE,NOT_REQUIRED,"{""liveProvider"": false}"
nimbus,EVENTS_KITCHEN,ORD-EVENTS_KITCHEN-01038,167200.00,BANK_TRANSFER,COMPLETED,cashier@nimbus.demo,MANUAL,PAY-ORD-EVENTS_KITCHEN-01038,PAY-ORD-EVENTS_KITCHEN-01038,MANUAL_REFERENCE,VERIFIED,"{""liveProvider"": false}"
nimbus,EVENTS_KITCHEN,ORD-EVENTS_KITCHEN-01039,52900.00,CASH,COMPLETED,cashier@nimbus.demo,MANUAL,PAY-ORD-EVENTS_KITCHEN-01039,PAY-ORD-EVENTS_KITCHEN-01039,MANUAL_REFERENCE,NOT_REQUIRED,"{""liveProvider"": false}"
nimbus,EVENTS_KITCHEN,ORD-EVENTS_KITCHEN-01040,16800.00,CASH,COMPLETED,cashier@nimbus.demo,MANUAL,PAY-ORD-EVENTS_KITCHEN-01040,PAY-ORD-EVENTS_KITCHEN-01040,MANUAL_REFERENCE,NOT_REQUIRED,"{""liveProvider"": false}"
nimbus,TAPAS_DOWNTOWN,ORD-TAPAS_DOWNTOWN-01041,212400.00,BANK_TRANSFER,COMPLETED,cashier@nimbus.demo,MANUAL,PAY-ORD-TAPAS_DOWNTOWN-01041,PAY-ORD-TAPAS_DOWNTOWN-01041,MANUAL_REFERENCE,VERIFIED,"{""liveProvider"": false}"
nimbus,TAPAS_DOWNTOWN,ORD-TAPAS_DOWNTOWN-01042,134500.00,CARD,COMPLETED,cashier@nimbus.demo,CARD_STUB,PAY-ORD-TAPAS_DOWNTOWN-01042,PAY-ORD-TAPAS_DOWNTOWN-01042,MANUAL_REFERENCE,VERIFIED,"{""liveProvider"": false}"
nimbus,TAPAS_DOWNTOWN,ORD-TAPAS_DOWNTOWN-01046,33000.00,CARD,COMPLETED,cashier@nimbus.demo,CARD_STUB,PAY-ORD-TAPAS_DOWNTOWN-01046,PAY-ORD-TAPAS_DOWNTOWN-01046,MANUAL_REFERENCE,VERIFIED,"{""liveProvider"": false}"
nimbus,ROOFTOP_BAR,ORD-ROOFTOP_BAR-01048,136500.00,CARD,COMPLETED,cashier@nimbus.demo,CARD_STUB,PAY-ORD-ROOFTOP_BAR-01048,PAY-ORD-ROOFTOP_BAR-01048,MANUAL_REFERENCE,VERIFIED,"{""liveProvider"": false}"
nimbus,ROOFTOP_BAR,ORD-ROOFTOP_BAR-01049,15800.00,BANK_TRANSFER,COMPLETED,cashier@nimbus.demo,MANUAL,PAY-ORD-ROOFTOP_BAR-01049,PAY-ORD-ROOFTOP_BAR-01049,MANUAL_REFERENCE,VERIFIED,"{""liveProvider"": false}"
nimbus,ROOFTOP_BAR,ORD-ROOFTOP_BAR-01050,76600.00,CASH,COMPLETED,cashier@nimbus.demo,MANUAL,PAY-ORD-ROOFTOP_BAR-01050,PAY-ORD-ROOFTOP_BAR-01050,MANUAL_REFERENCE,NOT_REQUIRED,"{""liveProvider"": false}"
nimbus,ROOFTOP_BAR,ORD-ROOFTOP_BAR-01051,118800.00,CASH,COMPLETED,cashier@nimbus.demo,MANUAL,PAY-ORD-ROOFTOP_BAR-01051,PAY-ORD-ROOFTOP_BAR-01051,MANUAL_REFERENCE,NOT_REQUIRED,"{""liveProvider"": false}"
nimbus,ROOFTOP_BAR,ORD-ROOFTOP_BAR-01052,31600.00,CARD,COMPLETED,cashier@nimbus.demo,CARD_STUB,PAY-ORD-ROOFTOP_BAR-01052,PAY-ORD-ROOFTOP_BAR-01052,MANUAL_REFERENCE,VERIFIED,"{""liveProvider"": false}"
nimbus,GARDEN_CAFE,ORD-GARDEN_CAFE-01053,32600.00,CASH,COMPLETED,cashier@nimbus.demo,MANUAL,PAY-ORD-GARDEN_CAFE-01053,PAY-ORD-GARDEN_CAFE-01053,MANUAL_REFERENCE,NOT_REQUIRED,"{""liveProvider"": false}"
nimbus,GARDEN_CAFE,ORD-GARDEN_CAFE-01055,91300.00,CARD,COMPLETED,cashier@nimbus.demo,CARD_STUB,PAY-ORD-GARDEN_CAFE-01055,PAY-ORD-GARDEN_CAFE-01055,MANUAL_REFERENCE,VERIFIED,"{""liveProvider"": false}"
nimbus,GARDEN_CAFE,ORD-GARDEN_CAFE-01058,150900.00,CARD,COMPLETED,cashier@nimbus.demo,CARD_STUB,PAY-ORD-GARDEN_CAFE-01058,PAY-ORD-GARDEN_CAFE-01058,MANUAL_REFERENCE,VERIFIED,"{""liveProvider"": false}"
nimbus,EVENTS_KITCHEN,ORD-EVENTS_KITCHEN-01059,580800.00,CASH,COMPLETED,cashier@nimbus.demo,MANUAL,PAY-ORD-EVENTS_KITCHEN-01059,PAY-ORD-EVENTS_KITCHEN-01059,MANUAL_REFERENCE,NOT_REQUIRED,"{""liveProvider"": false}"
nimbus,EVENTS_KITCHEN,ORD-EVENTS_KITCHEN-01060,210400.00,CARD,COMPLETED,cashier@nimbus.demo,CARD_STUB,PAY-ORD-EVENTS_KITCHEN-01060,PAY-ORD-EVENTS_KITCHEN-01060,MANUAL_REFERENCE,VERIFIED,"{""liveProvider"": false}"
nimbus,EVENTS_KITCHEN,ORD-EVENTS_KITCHEN-01061,264400.00,CASH,COMPLETED,cashier@nimbus.demo,MANUAL,PAY-ORD-EVENTS_KITCHEN-01061,PAY-ORD-EVENTS_KITCHEN-01061,MANUAL_REFERENCE,NOT_REQUIRED,"{""liveProvider"": false}"
nimbus,EVENTS_KITCHEN,ORD-EVENTS_KITCHEN-01062,300000.00,CASH,COMPLETED,cashier@nimbus.demo,MANUAL,PAY-ORD-EVENTS_KITCHEN-01062,PAY-ORD-EVENTS_KITCHEN-01062,MANUAL_REFERENCE,NOT_REQUIRED,"{""liveProvider"": false}"
nimbus,TAPAS_DOWNTOWN,ORD-TAPAS_DOWNTOWN-01065,266700.00,CARD,COMPLETED,cashier@nimbus.demo,CARD_STUB,PAY-ORD-TAPAS_DOWNTOWN-01065,PAY-ORD-TAPAS_DOWNTOWN-01065,MANUAL_REFERENCE,VERIFIED,"{""liveProvider"": false}"
nimbus,TAPAS_DOWNTOWN,ORD-TAPAS_DOWNTOWN-01066,97900.00,CASH,COMPLETED,cashier@nimbus.demo,MANUAL,PAY-ORD-TAPAS_DOWNTOWN-01066,PAY-ORD-TAPAS_DOWNTOWN-01066,MANUAL_REFERENCE,NOT_REQUIRED,"{""liveProvider"": false}"
nimbus,TAPAS_DOWNTOWN,ORD-TAPAS_DOWNTOWN-01067,375200.00,CASH,COMPLETED,cashier@nimbus.demo,MANUAL,PAY-ORD-TAPAS_DOWNTOWN-01067,PAY-ORD-TAPAS_DOWNTOWN-01067,MANUAL_REFERENCE,NOT_REQUIRED,"{""liveProvider"": false}"
nimbus,TAPAS_DOWNTOWN,ORD-TAPAS_DOWNTOWN-01068,94200.00,CARD,COMPLETED,cashier@nimbus.demo,CARD_STUB,PAY-ORD-TAPAS_DOWNTOWN-01068,PAY-ORD-TAPAS_DOWNTOWN-01068,MANUAL_REFERENCE,VERIFIED,"{""liveProvider"": false}"
nimbus,TAPAS_DOWNTOWN,ORD-TAPAS_DOWNTOWN-01069,215900.00,CASH,COMPLETED,cashier@nimbus.demo,MANUAL,PAY-ORD-TAPAS_DOWNTOWN-01069,PAY-ORD-TAPAS_DOWNTOWN-01069,MANUAL_REFERENCE,NOT_REQUIRED,"{""liveProvider"": false}"
nimbus,TAPAS_DOWNTOWN,ORD-TAPAS_DOWNTOWN-01070,127400.00,CARD,COMPLETED,cashier@nimbus.demo,CARD_STUB,PAY-ORD-TAPAS_DOWNTOWN-01070,PAY-ORD-TAPAS_DOWNTOWN-01070,MANUAL_REFERENCE,VERIFIED,"{""liveProvider"": false}"
nimbus,TAPAS_DOWNTOWN,ORD-TAPAS_DOWNTOWN-01071,125100.00,CARD,COMPLETED,cashier@nimbus.demo,CARD_STUB,PAY-ORD-TAPAS_DOWNTOWN-01071,PAY-ORD-TAPAS_DOWNTOWN-01071,MANUAL_REFERENCE,VERIFIED,"{""liveProvider"": false}"
nimbus,ROOFTOP_BAR,ORD-ROOFTOP_BAR-01072,203700.00,CASH,COMPLETED,cashier@nimbus.demo,MANUAL,PAY-ORD-ROOFTOP_BAR-01072,PAY-ORD-ROOFTOP_BAR-01072,MANUAL_REFERENCE,NOT_REQUIRED,"{""liveProvider"": false}"
nimbus,ROOFTOP_BAR,ORD-ROOFTOP_BAR-01073,137600.00,CASH,COMPLETED,cashier@nimbus.demo,MANUAL,PAY-ORD-ROOFTOP_BAR-01073,PAY-ORD-ROOFTOP_BAR-01073,MANUAL_REFERENCE,NOT_REQUIRED,"{""liveProvider"": false}"
nimbus,ROOFTOP_BAR,ORD-ROOFTOP_BAR-01075,262400.00,CARD,COMPLETED,cashier@nimbus.demo,CARD_STUB,PAY-ORD-ROOFTOP_BAR-01075,PAY-ORD-ROOFTOP_BAR-01075,MANUAL_REFERENCE,VERIFIED,"{""liveProvider"": false}"
nimbus,ROOFTOP_BAR,ORD-ROOFTOP_BAR-01076,39600.00,CARD,COMPLETED,cashier@nimbus.demo,CARD_STUB,PAY-ORD-ROOFTOP_BAR-01076,PAY-ORD-ROOFTOP_BAR-01076,MANUAL_REFERENCE,VERIFIED,"{""liveProvider"": false}"
nimbus,ROOFTOP_BAR,ORD-ROOFTOP_BAR-01077,95200.00,CARD,COMPLETED,cashier@nimbus.demo,CARD_STUB,PAY-ORD-ROOFTOP_BAR-01077,PAY-ORD-ROOFTOP_BAR-01077,MANUAL_REFERENCE,VERIFIED,"{""liveProvider"": false}"
nimbus,ROOFTOP_BAR,ORD-ROOFTOP_BAR-01078,110900.00,CARD,COMPLETED,cashier@nimbus.demo,CARD_STUB,PAY-ORD-ROOFTOP_BAR-01078,PAY-ORD-ROOFTOP_BAR-01078,MANUAL_REFERENCE,VERIFIED,"{""liveProvider"": false}"
nimbus,GARDEN_CAFE,ORD-GARDEN_CAFE-01081,228100.00,CASH,COMPLETED,cashier@nimbus.demo,MANUAL,PAY-ORD-GARDEN_CAFE-01081,PAY-ORD-GARDEN_CAFE-01081,MANUAL_REFERENCE,NOT_REQUIRED,"{""liveProvider"": false}"
nimbus,GARDEN_CAFE,ORD-GARDEN_CAFE-01082,126000.00,CARD,COMPLETED,cashier@nimbus.demo,CARD_STUB,PAY-ORD-GARDEN_CAFE-01082,PAY-ORD-GARDEN_CAFE-01082,MANUAL_REFERENCE,VERIFIED,"{""liveProvider"": false}"
nimbus,GARDEN_CAFE,ORD-GARDEN_CAFE-01083,41300.00,CARD,COMPLETED,cashier@nimbus.demo,CARD_STUB,PAY-ORD-GARDEN_CAFE-01083,PAY-ORD-GARDEN_CAFE-01083,MANUAL_REFERENCE,VERIFIED,"{""liveProvider"": false}"
nimbus,EVENTS_KITCHEN,ORD-EVENTS_KITCHEN-01086,482700.00,CARD,COMPLETED,cashier@nimbus.demo,CARD_STUB,PAY-ORD-EVENTS_KITCHEN-01086,PAY-ORD-EVENTS_KITCHEN-01086,MANUAL_REFERENCE,VERIFIED,"{""liveProvider"": false}"
nimbus,EVENTS_KITCHEN,ORD-EVENTS_KITCHEN-01088,198100.00,CARD,COMPLETED,cashier@nimbus.demo,CARD_STUB,PAY-ORD-EVENTS_KITCHEN-01088,PAY-ORD-EVENTS_KITCHEN-01088,MANUAL_REFERENCE,VERIFIED,"{""liveProvider"": false}"
nimbus,EVENTS_KITCHEN,ORD-EVENTS_KITCHEN-01089,139400.00,CARD,COMPLETED,cashier@nimbus.demo,CARD_STUB,PAY-ORD-EVENTS_KITCHEN-01089,PAY-ORD-EVENTS_KITCHEN-01089,MANUAL_REFERENCE,VERIFIED,"{""liveProvider"": false}"
nimbus,EVENTS_KITCHEN,ORD-EVENTS_KITCHEN-01090,113300.00,CARD,COMPLETED,cashier@nimbus.demo,CARD_STUB,PAY-ORD-EVENTS_KITCHEN-01090,PAY-ORD-EVENTS_KITCHEN-01090,MANUAL_REFERENCE,VERIFIED,"{""liveProvider"": false}"
nimbus,EVENTS_KITCHEN,ORD-EVENTS_KITCHEN-01092,275800.00,CARD,COMPLETED,cashier@nimbus.demo,CARD_STUB,PAY-ORD-EVENTS_KITCHEN-01092,PAY-ORD-EVENTS_KITCHEN-01092,MANUAL_REFERENCE,VERIFIED,"{""liveProvider"": false}"
nimbus,TAPAS_DOWNTOWN,ORD-TAPAS_DOWNTOWN-01093,139200.00,CARD,COMPLETED,cashier@nimbus.demo,CARD_STUB,PAY-ORD-TAPAS_DOWNTOWN-01093,PAY-ORD-TAPAS_DOWNTOWN-01093,MANUAL_REFERENCE,VERIFIED,"{""liveProvider"": false}"
nimbus,TAPAS_DOWNTOWN,ORD-TAPAS_DOWNTOWN-01094,309400.00,CARD,COMPLETED,cashier@nimbus.demo,CARD_STUB,PAY-ORD-TAPAS_DOWNTOWN-01094,PAY-ORD-TAPAS_DOWNTOWN-01094,MANUAL_REFERENCE,VERIFIED,"{""liveProvider"": false}"
nimbus,TAPAS_DOWNTOWN,ORD-TAPAS_DOWNTOWN-01095,42500.00,CASH,COMPLETED,cashier@nimbus.demo,MANUAL,PAY-ORD-TAPAS_DOWNTOWN-01095,PAY-ORD-TAPAS_DOWNTOWN-01095,MANUAL_REFERENCE,NOT_REQUIRED,"{""liveProvider"": false}"
nimbus,ROOFTOP_BAR,ORD-ROOFTOP_BAR-01096,32100.00,CASH,COMPLETED,cashier@nimbus.demo,MANUAL,PAY-ORD-ROOFTOP_BAR-01096,PAY-ORD-ROOFTOP_BAR-01096,MANUAL_REFERENCE,NOT_REQUIRED,"{""liveProvider"": false}"
nimbus,ROOFTOP_BAR,ORD-ROOFTOP_BAR-01098,203700.00,CARD,COMPLETED,cashier@nimbus.demo,CARD_STUB,PAY-ORD-ROOFTOP_BAR-01098,PAY-ORD-ROOFTOP_BAR-01098,MANUAL_REFERENCE,VERIFIED,"{""liveProvider"": false}"
nimbus,TAPAS_DOWNTOWN,ORD-TAPAS_DOWNTOWN-01108,127800.00,CASH,COMPLETED,cashier@nimbus.demo,MANUAL,PAY-ORD-TAPAS_DOWNTOWN-01108,PAY-ORD-TAPAS_DOWNTOWN-01108,MANUAL_REFERENCE,NOT_REQUIRED,"{""liveProvider"": false}"
nimbus,ROOFTOP_BAR,ORD-ROOFTOP_BAR-01109,132000.00,CARD,COMPLETED,cashier@nimbus.demo,CARD_STUB,PAY-ORD-ROOFTOP_BAR-01109,PAY-ORD-ROOFTOP_BAR-01109,MANUAL_REFERENCE,VERIFIED,"{""liveProvider"": false}"
nimbus,ROOFTOP_BAR,ORD-ROOFTOP_BAR-01111,103000.00,CARD,COMPLETED,cashier@nimbus.demo,CARD_STUB,PAY-ORD-ROOFTOP_BAR-01111,PAY-ORD-ROOFTOP_BAR-01111,MANUAL_REFERENCE,VERIFIED,"{""liveProvider"": false}"
nimbus,GARDEN_CAFE,ORD-GARDEN_CAFE-01113,102800.00,CASH,COMPLETED,cashier@nimbus.demo,MANUAL,PAY-ORD-GARDEN_CAFE-01113,PAY-ORD-GARDEN_CAFE-01113,MANUAL_REFERENCE,NOT_REQUIRED,"{""liveProvider"": false}"
nimbus,GARDEN_CAFE,ORD-GARDEN_CAFE-01114,57300.00,BANK_TRANSFER,COMPLETED,cashier@nimbus.demo,MANUAL,PAY-ORD-GARDEN_CAFE-01114,PAY-ORD-GARDEN_CAFE-01114,MANUAL_REFERENCE,VERIFIED,"{""liveProvider"": false}"
nimbus,GARDEN_CAFE,ORD-GARDEN_CAFE-01115,52200.00,CARD,COMPLETED,cashier@nimbus.demo,CARD_STUB,PAY-ORD-GARDEN_CAFE-01115,PAY-ORD-GARDEN_CAFE-01115,MANUAL_REFERENCE,VERIFIED,"{""liveProvider"": false}"
nimbus,EVENTS_KITCHEN,ORD-EVENTS_KITCHEN-01117,181700.00,BANK_TRANSFER,COMPLETED,cashier@nimbus.demo,MANUAL,PAY-ORD-EVENTS_KITCHEN-01117,PAY-ORD-EVENTS_KITCHEN-01117,MANUAL_REFERENCE,VERIFIED,"{""liveProvider"": false}"
nimbus,EVENTS_KITCHEN,ORD-EVENTS_KITCHEN-01118,72500.00,CASH,COMPLETED,cashier@nimbus.demo,MANUAL,PAY-ORD-EVENTS_KITCHEN-01118,PAY-ORD-EVENTS_KITCHEN-01118,MANUAL_REFERENCE,NOT_REQUIRED,"{""liveProvider"": false}"
nimbus,EVENTS_KITCHEN,ORD-EVENTS_KITCHEN-01119,37600.00,CASH,COMPLETED,cashier@nimbus.demo,MANUAL,PAY-ORD-EVENTS_KITCHEN-01119,PAY-ORD-EVENTS_KITCHEN-01119,MANUAL_REFERENCE,NOT_REQUIRED,"{""liveProvider"": false}"
nimbus,EVENTS_KITCHEN,ORD-EVENTS_KITCHEN-01120,94200.00,BANK_TRANSFER,COMPLETED,cashier@nimbus.demo,MANUAL,PAY-ORD-EVENTS_KITCHEN-01120,PAY-ORD-EVENTS_KITCHEN-01120,MANUAL_REFERENCE,VERIFIED,"{""liveProvider"": false}"
nimbus,TAPAS_DOWNTOWN,ORD-TAPAS_DOWNTOWN-01122,116800.00,BANK_TRANSFER,COMPLETED,cashier@nimbus.demo,MANUAL,PAY-ORD-TAPAS_DOWNTOWN-01122,PAY-ORD-TAPAS_DOWNTOWN-01122,MANUAL_REFERENCE,VERIFIED,"{""liveProvider"": false}"
nimbus,TAPAS_DOWNTOWN,ORD-TAPAS_DOWNTOWN-01123,328000.00,CARD,COMPLETED,cashier@nimbus.demo,CARD_STUB,PAY-ORD-TAPAS_DOWNTOWN-01123,PAY-ORD-TAPAS_DOWNTOWN-01123,MANUAL_REFERENCE,VERIFIED,"{""liveProvider"": false}"
nimbus,TAPAS_DOWNTOWN,ORD-TAPAS_DOWNTOWN-01124,94400.00,CASH,COMPLETED,cashier@nimbus.demo,MANUAL,PAY-ORD-TAPAS_DOWNTOWN-01124,PAY-ORD-TAPAS_DOWNTOWN-01124,MANUAL_REFERENCE,NOT_REQUIRED,"{""liveProvider"": false}"
nimbus,TAPAS_DOWNTOWN,ORD-TAPAS_DOWNTOWN-01125,172300.00,CARD,COMPLETED,cashier@nimbus.demo,CARD_STUB,PAY-ORD-TAPAS_DOWNTOWN-01125,PAY-ORD-TAPAS_DOWNTOWN-01125,MANUAL_REFERENCE,VERIFIED,"{""liveProvider"": false}"
nimbus,ROOFTOP_BAR,ORD-ROOFTOP_BAR-01127,213900.00,CARD,COMPLETED,cashier@nimbus.demo,CARD_STUB,PAY-ORD-ROOFTOP_BAR-01127,PAY-ORD-ROOFTOP_BAR-01127,MANUAL_REFERENCE,VERIFIED,"{""liveProvider"": false}"
nimbus,ROOFTOP_BAR,ORD-ROOFTOP_BAR-01128,68700.00,CARD,COMPLETED,cashier@nimbus.demo,CARD_STUB,PAY-ORD-ROOFTOP_BAR-01128,PAY-ORD-ROOFTOP_BAR-01128,MANUAL_REFERENCE,VERIFIED,"{""liveProvider"": false}"
nimbus,ROOFTOP_BAR,ORD-ROOFTOP_BAR-01130,26900.00,CARD,COMPLETED,cashier@nimbus.demo,CARD_STUB,PAY-ORD-ROOFTOP_BAR-01130,PAY-ORD-ROOFTOP_BAR-01130,MANUAL_REFERENCE,VERIFIED,"{""liveProvider"": false}"
nimbus,GARDEN_CAFE,ORD-GARDEN_CAFE-01132,245200.00,CARD,COMPLETED,cashier@nimbus.demo,CARD_STUB,PAY-ORD-GARDEN_CAFE-01132,PAY-ORD-GARDEN_CAFE-01132,MANUAL_REFERENCE,VERIFIED,"{""liveProvider"": false}"
nimbus,GARDEN_CAFE,ORD-GARDEN_CAFE-01133,91100.00,BANK_TRANSFER,COMPLETED,cashier@nimbus.demo,MANUAL,PAY-ORD-GARDEN_CAFE-01133,PAY-ORD-GARDEN_CAFE-01133,MANUAL_REFERENCE,VERIFIED,"{""liveProvider"": false}"
nimbus,GARDEN_CAFE,ORD-GARDEN_CAFE-01135,85000.00,CARD,COMPLETED,cashier@nimbus.demo,CARD_STUB,PAY-ORD-GARDEN_CAFE-01135,PAY-ORD-GARDEN_CAFE-01135,MANUAL_REFERENCE,VERIFIED,"{""liveProvider"": false}"
nimbus,EVENTS_KITCHEN,ORD-EVENTS_KITCHEN-01137,221800.00,CASH,COMPLETED,cashier@nimbus.demo,MANUAL,PAY-ORD-EVENTS_KITCHEN-01137,PAY-ORD-EVENTS_KITCHEN-01137,MANUAL_REFERENCE,NOT_REQUIRED,"{""liveProvider"": false}"
nimbus,EVENTS_KITCHEN,ORD-EVENTS_KITCHEN-01138,320100.00,CASH,COMPLETED,cashier@nimbus.demo,MANUAL,PAY-ORD-EVENTS_KITCHEN-01138,PAY-ORD-EVENTS_KITCHEN-01138,MANUAL_REFERENCE,NOT_REQUIRED,"{""liveProvider"": false}"
nimbus,TAPAS_DOWNTOWN,ORD-TAPAS_DOWNTOWN-01142,74300.00,CARD,COMPLETED,cashier@nimbus.demo,CARD_STUB,PAY-ORD-TAPAS_DOWNTOWN-01142,PAY-ORD-TAPAS_DOWNTOWN-01142,MANUAL_REFERENCE,VERIFIED,"{""liveProvider"": false}"
nimbus,TAPAS_DOWNTOWN,ORD-TAPAS_DOWNTOWN-01143,92000.00,CASH,COMPLETED,cashier@nimbus.demo,MANUAL,PAY-ORD-TAPAS_DOWNTOWN-01143,PAY-ORD-TAPAS_DOWNTOWN-01143,MANUAL_REFERENCE,NOT_REQUIRED,"{""liveProvider"": false}"
nimbus,TAPAS_DOWNTOWN,ORD-TAPAS_DOWNTOWN-01144,169900.00,CASH,COMPLETED,cashier@nimbus.demo,MANUAL,PAY-ORD-TAPAS_DOWNTOWN-01144,PAY-ORD-TAPAS_DOWNTOWN-01144,MANUAL_REFERENCE,NOT_REQUIRED,"{""liveProvider"": false}"
nimbus,TAPAS_DOWNTOWN,ORD-TAPAS_DOWNTOWN-01146,49600.00,CARD,COMPLETED,cashier@nimbus.demo,CARD_STUB,PAY-ORD-TAPAS_DOWNTOWN-01146,PAY-ORD-TAPAS_DOWNTOWN-01146,MANUAL_REFERENCE,VERIFIED,"{""liveProvider"": false}"
nimbus,ROOFTOP_BAR,ORD-ROOFTOP_BAR-01147,35200.00,CARD,COMPLETED,cashier@nimbus.demo,CARD_STUB,PAY-ORD-ROOFTOP_BAR-01147,PAY-ORD-ROOFTOP_BAR-01147,MANUAL_REFERENCE,VERIFIED,"{""liveProvider"": false}"
nimbus,ROOFTOP_BAR,ORD-ROOFTOP_BAR-01149,27700.00,BANK_TRANSFER,COMPLETED,cashier@nimbus.demo,MANUAL,PAY-ORD-ROOFTOP_BAR-01149,PAY-ORD-ROOFTOP_BAR-01149,MANUAL_REFERENCE,VERIFIED,"{""liveProvider"": false}"
nimbus,ROOFTOP_BAR,ORD-ROOFTOP_BAR-01150,286100.00,CASH,COMPLETED,cashier@nimbus.demo,MANUAL,PAY-ORD-ROOFTOP_BAR-01150,PAY-ORD-ROOFTOP_BAR-01150,MANUAL_REFERENCE,NOT_REQUIRED,"{""liveProvider"": false}"
nimbus,ROOFTOP_BAR,ORD-ROOFTOP_BAR-01152,120100.00,CASH,COMPLETED,cashier@nimbus.demo,MANUAL,PAY-ORD-ROOFTOP_BAR-01152,PAY-ORD-ROOFTOP_BAR-01152,MANUAL_REFERENCE,NOT_REQUIRED,"{""liveProvider"": false}"
nimbus,GARDEN_CAFE,ORD-GARDEN_CAFE-01154,132500.00,CARD,COMPLETED,cashier@nimbus.demo,CARD_STUB,PAY-ORD-GARDEN_CAFE-01154,PAY-ORD-GARDEN_CAFE-01154,MANUAL_REFERENCE,VERIFIED,"{""liveProvider"": false}"
nimbus,GARDEN_CAFE,ORD-GARDEN_CAFE-01155,55200.00,CARD,COMPLETED,cashier@nimbus.demo,CARD_STUB,PAY-ORD-GARDEN_CAFE-01155,PAY-ORD-GARDEN_CAFE-01155,MANUAL_REFERENCE,VERIFIED,"{""liveProvider"": false}"
nimbus,GARDEN_CAFE,ORD-GARDEN_CAFE-01156,128000.00,CASH,COMPLETED,cashier@nimbus.demo,MANUAL,PAY-ORD-GARDEN_CAFE-01156,PAY-ORD-GARDEN_CAFE-01156,MANUAL_REFERENCE,NOT_REQUIRED,"{""liveProvider"": false}"
nimbus,GARDEN_CAFE,ORD-GARDEN_CAFE-01157,170200.00,CARD,COMPLETED,cashier@nimbus.demo,CARD_STUB,PAY-ORD-GARDEN_CAFE-01157,PAY-ORD-GARDEN_CAFE-01157,MANUAL_REFERENCE,VERIFIED,"{""liveProvider"": false}"
nimbus,EVENTS_KITCHEN,ORD-EVENTS_KITCHEN-01161,335200.00,CASH,COMPLETED,cashier@nimbus.demo,MANUAL,PAY-ORD-EVENTS_KITCHEN-01161,PAY-ORD-EVENTS_KITCHEN-01161,MANUAL_REFERENCE,NOT_REQUIRED,"{""liveProvider"": false}"
nimbus,TAPAS_DOWNTOWN,ORD-TAPAS_DOWNTOWN-01167,33000.00,CASH,COMPLETED,cashier@nimbus.demo,MANUAL,PAY-ORD-TAPAS_DOWNTOWN-01167,PAY-ORD-TAPAS_DOWNTOWN-01167,MANUAL_REFERENCE,NOT_REQUIRED,"{""liveProvider"": false}"
nimbus,TAPAS_DOWNTOWN,ORD-TAPAS_DOWNTOWN-01170,141600.00,CASH,COMPLETED,cashier@nimbus.demo,MANUAL,PAY-ORD-TAPAS_DOWNTOWN-01170,PAY-ORD-TAPAS_DOWNTOWN-01170,MANUAL_REFERENCE,NOT_REQUIRED,"{""liveProvider"": false}"
nimbus,TAPAS_DOWNTOWN,ORD-TAPAS_DOWNTOWN-01171,37800.00,BANK_TRANSFER,COMPLETED,cashier@nimbus.demo,MANUAL,PAY-ORD-TAPAS_DOWNTOWN-01171,PAY-ORD-TAPAS_DOWNTOWN-01171,MANUAL_REFERENCE,VERIFIED,"{""liveProvider"": false}"
nimbus,ROOFTOP_BAR,ORD-ROOFTOP_BAR-01175,19800.00,CASH,COMPLETED,cashier@nimbus.demo,MANUAL,PAY-ORD-ROOFTOP_BAR-01175,PAY-ORD-ROOFTOP_BAR-01175,MANUAL_REFERENCE,NOT_REQUIRED,"{""liveProvider"": false}"
nimbus,ROOFTOP_BAR,ORD-ROOFTOP_BAR-01176,139900.00,CARD,COMPLETED,cashier@nimbus.demo,CARD_STUB,PAY-ORD-ROOFTOP_BAR-01176,PAY-ORD-ROOFTOP_BAR-01176,MANUAL_REFERENCE,VERIFIED,"{""liveProvider"": false}"
nimbus,ROOFTOP_BAR,ORD-ROOFTOP_BAR-01177,132000.00,CASH,COMPLETED,cashier@nimbus.demo,MANUAL,PAY-ORD-ROOFTOP_BAR-01177,PAY-ORD-ROOFTOP_BAR-01177,MANUAL_REFERENCE,NOT_REQUIRED,"{""liveProvider"": false}"
nimbus,ROOFTOP_BAR,ORD-ROOFTOP_BAR-01178,233800.00,CASH,COMPLETED,cashier@nimbus.demo,MANUAL,PAY-ORD-ROOFTOP_BAR-01178,PAY-ORD-ROOFTOP_BAR-01178,MANUAL_REFERENCE,NOT_REQUIRED,"{""liveProvider"": false}"
nimbus,GARDEN_CAFE,ORD-GARDEN_CAFE-01182,114100.00,CARD,COMPLETED,cashier@nimbus.demo,CARD_STUB,PAY-ORD-GARDEN_CAFE-01182,PAY-ORD-GARDEN_CAFE-01182,MANUAL_REFERENCE,VERIFIED,"{""liveProvider"": false}"
nimbus,GARDEN_CAFE,ORD-GARDEN_CAFE-01184,103500.00,CARD,COMPLETED,cashier@nimbus.demo,CARD_STUB,PAY-ORD-GARDEN_CAFE-01184,PAY-ORD-GARDEN_CAFE-01184,MANUAL_REFERENCE,VERIFIED,"{""liveProvider"": false}"
nimbus,EVENTS_KITCHEN,ORD-EVENTS_KITCHEN-01188,232200.00,CASH,COMPLETED,cashier@nimbus.demo,MANUAL,PAY-ORD-EVENTS_KITCHEN-01188,PAY-ORD-EVENTS_KITCHEN-01188,MANUAL_REFERENCE,NOT_REQUIRED,"{""liveProvider"": false}"
nimbus,EVENTS_KITCHEN,ORD-EVENTS_KITCHEN-01189,38900.00,CARD,COMPLETED,cashier@nimbus.demo,CARD_STUB,PAY-ORD-EVENTS_KITCHEN-01189,PAY-ORD-EVENTS_KITCHEN-01189,MANUAL_REFERENCE,VERIFIED,"{""liveProvider"": false}"
nimbus,EVENTS_KITCHEN,ORD-EVENTS_KITCHEN-01190,176900.00,CASH,COMPLETED,cashier@nimbus.demo,MANUAL,PAY-ORD-EVENTS_KITCHEN-01190,PAY-ORD-EVENTS_KITCHEN-01190,MANUAL_REFERENCE,NOT_REQUIRED,"{""liveProvider"": false}"
nimbus,EVENTS_KITCHEN,ORD-EVENTS_KITCHEN-01191,30700.00,CASH,COMPLETED,cashier@nimbus.demo,MANUAL,PAY-ORD-EVENTS_KITCHEN-01191,PAY-ORD-EVENTS_KITCHEN-01191,MANUAL_REFERENCE,NOT_REQUIRED,"{""liveProvider"": false}"
nimbus,TAPAS_DOWNTOWN,ORD-TAPAS_DOWNTOWN-00001,305600.00,MOMO,PENDING,cashier@nimbus.demo,MTN_AIRTEL_PENDING_PROVIDER_CONFIRMATION,,PENDING_PROVIDER_DEMO,ONLINE_PROVIDER,UNVERIFIED,"{""publicDinerMobileMoney"": ""CRITICAL_PENDING_PROVIDER_CONFIRMATION"", ""live"": false}"
nimbus,TAPAS_DOWNTOWN,ORD-TAPAS_DOWNTOWN-00006,162800.00,MOMO,PENDING,cashier@nimbus.demo,MTN_AIRTEL_PENDING_PROVIDER_CONFIRMATION,,PENDING_PROVIDER_DEMO,ONLINE_PROVIDER,UNVERIFIED,"{""publicDinerMobileMoney"": ""CRITICAL_PENDING_PROVIDER_CONFIRMATION"", ""live"": false}"
nimbus,ROOFTOP_BAR,ORD-ROOFTOP_BAR-00007,64000.00,MOMO,PENDING,cashier@nimbus.demo,MTN_AIRTEL_PENDING_PROVIDER_CONFIRMATION,,PENDING_PROVIDER_DEMO,ONLINE_PROVIDER,UNVERIFIED,"{""publicDinerMobileMoney"": ""CRITICAL_PENDING_PROVIDER_CONFIRMATION"", ""live"": false}"
nimbus,ROOFTOP_BAR,ORD-ROOFTOP_BAR-00008,105700.00,MOMO,PENDING,cashier@nimbus.demo,MTN_AIRTEL_PENDING_PROVIDER_CONFIRMATION,,PENDING_PROVIDER_DEMO,ONLINE_PROVIDER,UNVERIFIED,"{""publicDinerMobileMoney"": ""CRITICAL_PENDING_PROVIDER_CONFIRMATION"", ""live"": false}"
nimbus,GARDEN_CAFE,ORD-GARDEN_CAFE-00009,94500.00,MOMO,PENDING,cashier@nimbus.demo,MTN_AIRTEL_PENDING_PROVIDER_CONFIRMATION,,PENDING_PROVIDER_DEMO,ONLINE_PROVIDER,UNVERIFIED,"{""publicDinerMobileMoney"": ""CRITICAL_PENDING_PROVIDER_CONFIRMATION"", ""live"": false}"
nimbus,EVENTS_KITCHEN,ORD-EVENTS_KITCHEN-00011,525000.00,MOMO,PENDING,cashier@nimbus.demo,MTN_AIRTEL_PENDING_PROVIDER_CONFIRMATION,,PENDING_PROVIDER_DEMO,ONLINE_PROVIDER,UNVERIFIED,"{""publicDinerMobileMoney"": ""CRITICAL_PENDING_PROVIDER_CONFIRMATION"", ""live"": false}"
nimbus,TAPAS_DOWNTOWN,ORD-TAPAS_DOWNTOWN-00013,75500.00,MOMO,PENDING,cashier@nimbus.demo,MTN_AIRTEL_PENDING_PROVIDER_CONFIRMATION,,PENDING_PROVIDER_DEMO,ONLINE_PROVIDER,UNVERIFIED,"{""publicDinerMobileMoney"": ""CRITICAL_PENDING_PROVIDER_CONFIRMATION"", ""live"": false}"
nimbus,GARDEN_CAFE,ORD-GARDEN_CAFE-00019,84300.00,MOMO,PENDING,cashier@nimbus.demo,MTN_AIRTEL_PENDING_PROVIDER_CONFIRMATION,,PENDING_PROVIDER_DEMO,ONLINE_PROVIDER,UNVERIFIED,"{""publicDinerMobileMoney"": ""CRITICAL_PENDING_PROVIDER_CONFIRMATION"", ""live"": false}"
